timestamp,entry_price,trade_opened,trade_result,exit_timestamp,exit_price,exit_reason,holding_candles,notional,gross_return,fees,gross_pnl,net_pnl,quality_score,body_to_range,close_location_value,range_expansion_ratio,atr_expansion_ratio,ema20_slope_pct,ema_alignment_strength,breakout_distance_pct,volume_ratio,rsi14,atr14
2025-01-03 09:30:00+00:00,96590.1,True,winner,2025-01-03 15:30:00+00:00,97386.1,max_holding,24,100.0,0.008241010207050205,0.08032964040828201,0.8241010207050204,0.7437713802967384,5,0.5665183987060752,0.7399919126567271,1.2455300931754731,1.0738456567806658,9.624068943473272e-05,0.006296755278013246,0.0006574172715423216,1.1378168319604889,42.37486203986249,201.79285714285547
2025-01-03 11:15:00+00:00,96703.5,False,not_opened,,,,,,,,,,7,0.7331859804231109,0.7331859804231109,1.7326841011051488,1.0043179999886604,0.00021738226183906794,0.005888872988061528,0.0009679070561045446,1.2138461521448973,63.33312589457943,189.64285714285714
2025-01-03 14:00:00+00:00,96735.9,False,not_opened,,,,,,,,,,6,0.6814536340851984,0.6814536340851984,2.0417039785083793,1.0669706184239423,0.00016001292895985377,0.0059992643627275076,0.0005985368410279347,1.5435334373302074,61.032828661370274,198.25000000000105
2025-01-03 14:15:00+00:00,97037.5,False,not_opened,,,,,,,,,,7,0.6545138888888974,0.8567708333333343,2.231368940971397,1.1983127841543846,0.0004403309467729156,0.006315435770796993,0.0017982738631972177,2.550620625799237,68.17068691073891,224.12857142857268
2025-01-03 14:30:00+00:00,97204.9,False,not_opened,,,,,,,,,,6,0.2208151958844386,0.8468539770478763,3.2669683257918702,1.4335929009870632,0.000561721472448671,0.006744861952014558,0.001043157289395845,4.448742783925092,70.68177973270221,273.2571428571443
2025-01-03 16:15:00+00:00,98023.9,True,winner,2025-01-03 22:15:00+00:00,98422.0,max_holding,24,100.0,0.004061254449170109,0.0801624501779668,0.4061254449170109,0.3259629947390441,5,0.5055987202925063,0.5439899451553849,2.395314467130101,1.7871257624238592,0.0010191034332444793,0.009708614262024812,0.003431816118313944,3.6367113849209742,80.23440518610795,453.0
2025-01-03 18:00:00+00:00,98272.9,False,not_opened,,,,,,,,,,5,0.865134563048061,0.961294224372534,0.8007554753804564,1.2162510344074955,0.0007497473506475974,0.013427857161872392,0.00013330226339093758,0.46254439047140955,71.83691829557542,429.89999999999833
2025-01-03 18:15:00+00:00,98432.8,False,not_opened,,,,,,,,,,6,0.6981214504150589,0.9598077763215495,0.5560481471134684,1.115053238291631,0.0008319512359091225,0.014017681648235445,0.0014944205590007175,0.5196909680573478,80.84190990383007,406.8857142857118
2025-01-04 02:30:00+00:00,98106.5,True,loser,2025-01-04 08:30:00+00:00,98095.4,max_holding,24,100.0,-0.00011314235040497645,0.0799954743059838,-0.011314235040497644,-0.09130970934648144,7,0.7614473262888626,0.8770413064361332,1.8755067111070605,0.943158029307879,6.119009506593802e-05,0.012528991997704679,0.0005463450433967761,1.2394375816709817,44.27446365529094,168.6285714285685
2025-01-04 02:45:00+00:00,98267.4,False,not_opened,,,,,,,,,,6,0.9686935580974626,0.9686935580974626,0.9967594815170898,0.9512689505667447,0.00021121172829520295,0.012573159783380635,0.0012465985667678193,1.2932705310390282,59.69326843603614,166.43571428571158
2025-01-04 17:30:00+00:00,97843.3,True,winner,2025-01-04 23:30:00+00:00,98174.6,max_holding,24,100.0,0.003386026432060273,0.08013544105728242,0.3386026432060273,0.25846720214874486,6,0.6288056206089397,0.7599531615925099,1.0026710499280973,1.1326193663543054,7.077301813084101e-05,0.004850481738484388,0.0005283959146921361,0.5049513843786158,50.78719264107567,181.30000000000084
2025-01-04 17:45:00+00:00,97982.5,False,not_opened,,,,,,,,,,6,0.6959999999999854,0.8225,1.1410965938266597,1.1182183795574525,0.0001992428906779016,0.004973822379602052,0.0010022197841450982,0.933831724622095,51.61739130434771,181.6214285714294
2025-01-04 18:00:00+00:00,98028.9,False,not_opened,,,,,,,,,,4,0.3589147286820803,0.8364341085270867,0.7354827674677108,1.0889411866778003,0.00022526108028739764,0.005123727117297145,0.00011119169959057155,0.7311885495094644,50.70435013732588,179.30000000000084
2025-01-04 20:30:00+00:00,98500.1,False,not_opened,,,,,,,,,,4,0.2791151594014461,0.4733246584255132,1.7526155249579072,1.04511422694914,0.000468927349304563,0.006742506778524982,0.0002223347996601905,2.4314279492054562,87.95229026761578,182.56428571428737
2025-01-05 06:45:00+00:00,98413.0,True,loser,2025-01-05 09:45:00+00:00,97625.696,stop_loss,12,100.0,-0.008000000000000037,0.07968,-0.8000000000000037,-0.8796800000000037,4,0.43069306930690726,0.64356435643567,1.2193859951706922,1.0680316751979886,0.00013529286234215368,0.006079295425895998,0.0005039984554886632,1.2234579234454863,64.25096793408167,130.7785714285731
2025-01-05 13:15:00+00:00,97925.0,True,winner,2025-01-05 19:15:00+00:00,98020.2,max_holding,24,100.0,0.0009721725810569017,0.08003888690324229,0.09721725810569017,0.017178371202447876,5,0.8686473807663087,0.9765441751368246,0.8583316555935502,1.04116343104802,0.0001369182461713276,0.0008187522617311858,5.105948429920858e-05,0.9725075257037379,68.3425547269667,149.6285714285706
2025-01-05 14:45:00+00:00,97811.1,False,not_opened,,,,,,,,,,5,0.5978189028420818,0.5981493721084111,1.6552704994255933,1.3093294174338155,8.051802763906084e-05,0.00022498469283237634,0.0006829490722423416,1.8472823930665134,54.71255673222413,204.7571428571412
2025-01-05 15:30:00+00:00,98031.2,False,not_opened,,,,,,,,,,4,0.43617021276594137,0.43617021276594137,1.9293151782138358,1.4202997566078797,0.00027158191660439293,0.0005997435889412983,0.0004488366968883376,2.5886460136546345,61.562822719449024,237.58571428571304
2025-01-05 22:15:00+00:00,98525.2,True,winner,2025-01-06 04:15:00+00:00,99219.9,max_holding,24,100.0,0.0070509879705902365,0.08028203951882361,0.7050987970590237,0.6248167575402,5,0.9124934106483602,0.9430680021085763,1.0086401701448775,1.0004915688494198,0.0003526055404871554,0.003936584785290687,0.00025577212733389113,0.5207941949103646,70.07375537799676,191.89999999999833
2025-01-05 22:30:00+00:00,98611.0,False,not_opened,,,,,,,,,,5,0.3518062397372749,0.44827586206896963,1.2912801484229692,1.0263789330148956,0.00040161176675203373,0.0042536760318167294,0.0007605642372554786,1.3560957597234158,69.47718154463429,194.6285714285685
2025-01-06 01:45:00+00:00,98735.7,False,not_opened,,,,,,,,,,7,0.7685142769888645,0.9018170713085915,2.577078209542525,1.331657797467698,0.00044390775433746505,0.004418310822532376,0.004173768960973501,2.5643903997492843,56.04919822978334,290.27857142857204
2025-01-06 02:00:00+00:00,99000.0,False,not_opened,,,,,,,,,,5,0.43549184379635103,0.54193442082715,2.2115735004737074,1.411046268880305,0.0006548154470124199,0.004949071241265476,0.00202020202020202,4.889074727062592,60.13865721434532,316.22857142857225
2025-01-06 03:30:00+00:00,99084.5,False,not_opened,,,,,,,,,,3,0.08302872062660145,0.29138381201045904,0.6195506235946868,1.2723079113978781,0.000483250484058426,0.00682623627627618,9.587776090104911e-05,0.7806729532928346,65.17236680746701,341.41428571428486
2025-01-06 04:00:00+00:00,99244.6,False,not_opened,,,,,,,,,,5,0.9041509433962484,0.9041509433962484,0.8884120891094093,1.1353057552805252,0.0005558503759200136,0.007497433921093496,0.00024585720532914365,0.8849955771352938,67.42704480065741,316.6428571428561
2025-01-06 08:00:00+00:00,99524.8,True,loser,2025-01-06 10:30:00+00:00,98728.60160000001,stop_loss,10,100.0,-0.007999999999999938,0.07968,-0.7999999999999938,-0.8796799999999938,7,0.7420430433464905,0.7720521370112203,1.3560506412364222,0.9410402206049282,0.0002598202596101652,0.010936228941506655,0.0013212787164606208,0.9881126880118805,60.1739997783442,263.4999999999979
2025-01-06 11:15:00+00:00,99200.5,True,winner,2025-01-06 14:45:00+00:00,100390.906,take_profit,14,100.0,0.012000000000000026,0.08048,1.2000000000000026,1.1195200000000027,7,0.6108726752503576,0.7951359084406128,1.4103831641815245,1.0075506542619872,0.00014912599735068005,0.007771336761236781,0.001956643363692782,1.7023833287084738,48.07850340793733,252.91428571428384
2025-01-06 13:45:00+00:00,99452.5,False,not_opened,,,,,,,,,,6,0.588406564319749,0.7853361566966511,1.460096618357495,1.1523977083312331,0.0002592608555358276,0.00827324023174663,0.0009874060481133917,1.0981780805565116,61.598523566155386,284.692857142858
2025-01-06 14:45:00+00:00,100702.1,False,not_opened,,,,,,,,,,6,0.6888699602498614,0.6888699602498614,4.367342889737608,1.7237047622212716,0.001401597383321075,0.00921689974504619,0.010447647069922135,7.450470183974103,71.36718082987078,463.10714285714494
2025-01-06 15:15:00+00:00,101640.3,True,winner,2025-01-06 21:15:00+00:00,102010.3,max_holding,24,100.0,0.0036402883501918037,0.08014561153400768,0.3640288350191804,0.2838832234851727,7,0.6055578598092054,0.9589381999170511,1.5858364393773334,1.827401908903502,0.001971206252761847,0.01224583444599059,0.0038400122785942474,2.2800037995115017,77.36706456863801,543.885714285716
2025-01-06 15:30:00+00:00,101930.0,False,not_opened,,,,,,,,,,6,0.8691869186918528,1.0,0.7234721453456235,1.7490706552635191,0.002049084060003425,0.013924527854391803,0.0025507701363680956,2.0214026679725023,77.71420938981757,548.3142857142874
2025-01-06 15:45:00+00:00,102104.5,False,not_opened,,,,,,,,,,5,0.271468574984448,0.47199751088985636,1.326687512254498,1.7285878429746373,0.002013529848382072,0.015565575704482085,0.0017090333922598906,1.9986825610962498,78.13332750862777,571.6785714285725
2025-01-10 07:30:00+00:00,94772.2,True,loser,2025-01-10 13:30:00+00:00,94014.0224,stop_loss,24,100.0,-0.007999999999999953,0.07968,-0.7999999999999953,-0.8796799999999952,6,0.6726105563480742,0.7748930099857305,2.462673458633422,1.0212850532592126,0.001017809129806611,-0.004771689600644867,0.004726069459187338,3.0569851266315595,78.36767840828395,293.62857142856956
2025-01-10 09:00:00+00:00,94777.6,False,not_opened,,,,,,,,,,4,0.5647607934656101,0.9708284714119026,0.8566716092164922,1.1022099617613184,0.0006385586519298426,-0.0013004502948487488,0.0005824160983187129,0.6750673231801358,66.46904729077654,319.64285714285506
2025-01-10 09:15:00+00:00,94897.0,False,not_opened,,,,,,,,,,4,0.5946215139441855,0.8605577689243048,0.6792044378298076,1.0877203327780511,0.0006968457898432178,-0.0006618495313232357,0.0011791732088474258,1.0654653950289694,72.50960959570257,316.2142857142847
2025-01-10 10:45:00+00:00,95160.0,False,not_opened,,,,,,,,,,7,0.629952456418398,0.7889593238246275,1.3077720207253651,1.0089270000788912,0.0006727042604285347,0.0019799512318457346,0.0021290458175704688,2.0076055577532066,66.64084588868681,296.87857142856956
2025-01-10 17:15:00+00:00,94326.0,True,winner,2025-01-10 17:45:00+00:00,95457.912,take_profit,2,100.0,0.011999999999999964,0.08048,1.1999999999999964,1.1195199999999965,5,0.9421298938477214,0.9998858577787857,1.0842620495906745,1.3824464435615889,0.0004490699066000251,-0.004054678131306639,0.0035091067150096475,0.6089265159098987,55.84387265590926,875.7714285714256
2025-01-10 17:30:00+00:00,94380.7,False,not_opened,,,,,,,,,,4,0.12431818181817521,0.8424999999999934,0.5367064520654068,1.261554789182956,0.0004612627834924188,-0.0035989353483122668,0.0005785081060003927,0.46077183807333627,52.12464142735548,837.1785714285694
2025-01-10 17:45:00+00:00,95759.2,False,not_opened,,,,,,,,,,6,0.8293225845265325,0.9258212008181909,1.8713094775711951,1.3102152820714088,0.0017823237291880083,-0.0019157213356569337,0.013671793415149637,1.8155157588050956,59.33027166709061,913.4928571428557
2025-01-11 11:30:00+00:00,94706.5,True,loser,2025-01-11 17:15:00+00:00,93948.848,stop_loss,23,100.0,-0.00800000000000002,0.07968,-0.8000000000000019,-0.8796800000000019,6,0.7206582936336006,0.7773928107406,1.5769703592405044,1.0104758726157688,0.00039044011271112975,-0.00021551137334330128,0.0008214853257168506,1.6404902730162694,66.57526475037841,144.89285714285612
2025-01-11 14:30:00+00:00,94510.0,False,not_opened,,,,,,,,,,6,0.6716904276985506,0.6720977596741344,1.7316780701135766,1.045092583466644,0.00011351736358710277,0.0002559342042028185,0.0010094169929107414,1.4464570431976802,52.58801141769715,147.69285714285692
2025-01-11 16:30:00+00:00,94622.1,False,not_opened,,,,,,,,,,7,0.7882882882882724,0.7983367983368125,1.972591504049785,1.075105451492321,0.00021219327122636776,0.00044904119899553344,0.0017025620864470966,2.0425615167645876,57.73327652322161,153.6571428571437
2025-01-12 12:00:00+00:00,94384.4,True,winner,2025-01-12 18:00:00+00:00,95155.7,max_holding,24,100.0,0.008171901288772328,0.0803268760515509,0.8171901288772329,0.736863252825682,6,0.6525297619047332,0.9538690476190156,1.679685059051443,1.290486701218761,0.00022995716689741975,-0.002006971624565033,0.0007935633430947718,1.108513469934383,55.38184004810555,179.36428571428718
2025-01-12 13:15:00+00:00,94597.9,False,not_opened,,,,,,,,,,4,0.44354838709676325,0.6226655348047261,1.28364389233957,1.1285072151981854,0.0003495583022531701,-0.0009223614215026385,0.0010454777537344294,1.247908422604204,79.36873906821415,178.16428571428696
2025-01-12 14:00:00+00:00,94804.8,False,not_opened,,,,,,,,,,6,0.700381679389313,0.7007633587786481,1.3423506506814102,1.118335279392409,0.0004743668578907022,-1.3378695054297655e-05,0.0011623884022749595,1.2826761554252601,78.5341339250754,187.7928571428586
2025-01-12 15:15:00+00:00,95222.8,False,not_opened,,,,,,,,,,7,0.7042694868781992,0.7111894503198867,3.607460788469641,1.330035335689045,0.000719642338237067,0.0017818592351817057,0.0029121176861004183,3.480347778357293,77.82412998133718,241.97142857143004
2025-01-12 17:00:00+00:00,95108.2,False,not_opened,,,,,,,,,,4,0.46669771774565283,0.6441546343735232,0.9375545851528834,1.1590827050257784,0.0003717433607168177,0.003492168057670592,0.0007244380610714343,0.7032182346422038,67.483370288248,243.11428571428718
2025-01-12 17:30:00+00:00,95199.9,False,not_opened,,,,,,,,,,5,0.5163043478260821,0.8788363171355231,1.337809806898624,1.1194561228503745,0.00040240088110673957,0.004016084486519869,0.00016071445453186777,0.6954888929159755,61.566836465834726,240.87857142857268
2025-01-12 23:45:00+00:00,94499.9,True,winner,2025-01-13 00:30:00+00:00,95633.8988,take_profit,3,100.0,0.012000000000000012,0.08048,1.2000000000000013,1.1195200000000014,4,0.59348680516565,0.8439079169005936,0.791080907011308,1.2223526128614568,0.00010527205628851433,-0.0006844766827615172,0.0007322759071702414,0.7043913331979829,43.65605658709093,244.03571428571533
2025-01-13 00:15:00+00:00,95228.7,False,not_opened,,,,,,,,,,7,0.6094934527911846,0.708218470020675,4.29385218613592,1.5480272029978617,0.0008123682297433253,0.00016430368152081667,0.006709111853884325,3.635576477619154,61.61960402466736,324.2857142857153
2025-01-14 08:00:00+00:00,95501.0,True,winner,2025-01-14 09:30:00+00:00,96647.012,take_profit,6,100.0,0.012000000000000025,0.08048,1.2000000000000024,1.1195200000000023,7,0.8990314448719762,0.8991641236566269,3.1294635442617555,1.0102572416929798,0.0006174599009435121,0.010890264573235173,0.004473251588988566,3.9239116407455388,62.75555555555556,251.4714285714269
2025-01-14 09:00:00+00:00,95827.0,False,not_opened,,,,,,,,,,6,0.9038322487346475,0.9954205832730918,1.4788807699162305,1.2112063391976244,0.0007467697201404901,0.012331664766655705,0.00030367224268740354,1.9290371587724924,65.81821201677508,297.73571428571034
2025-01-14 09:15:00+00:00,96379.6,False,not_opened,,,,,,,,,,7,0.8132175448925418,0.9205181042095977,2.236634184882848,1.3195122864956579,0.0012178300018964028,0.013229554626566236,0.00571386475976256,4.067527924873381,76.83764063117775,327.0571428571399
2025-01-14 09:30:00+00:00,96739.9,False,not_opened,,,,,,,,,,6,0.5687450670875901,0.8263614838200474,1.939444036247869,1.4096379926239697,0.0014524491029995294,0.014349835813808755,0.0031662220035372,2.598460367886133,81.52209385810295,356.4214285714261
2025-01-14 09:45:00+00:00,97130.0,True,loser,2025-01-14 11:15:00+00:00,96352.96,stop_loss,6,100.0,-0.007999999999999934,0.07968,-0.7999999999999934,-0.8796799999999934,5,0.5543401051285698,0.6819150447506804,1.9936556490214379,1.5130019104736165,0.0016913443635216934,0.015664628811691946,0.002883764027591947,3.9587751576546655,84.05413271245615,394.2785714285689
2025-01-14 17:45:00+00:00,96481.3,True,loser,2025-01-14 23:45:00+00:00,96514.9,max_holding,24,100.0,0.0003482540139901853,0.08001393016055962,0.03482540139901853,-0.045188528761541086,6,0.7872010628875009,0.958591674047837,0.7735393364279577,1.186731500512037,0.0003488775507656919,0.015528735107459639,0.002407720459819705,0.6234578601920325,46.9097797774094,591.8357142857141
2025-01-15 01:30:00+00:00,97245.3,True,loser,2025-01-15 07:30:00+00:00,97200.0,max_holding,24,100.0,-0.0004658322818686652,0.07998136670872524,-0.04658322818686652,-0.12656459489559177,5,0.3592315901814363,0.6499466382070438,1.6667556077343118,1.0587411921189882,0.000517654841571276,0.0160966163079019,0.0007589055717860185,2.7043315590438897,68.19943793003188,309.5785714285729
2025-01-15 03:45:00+00:00,97288.7,False,not_opened,,,,,,,,,,6,0.7525773195876134,0.9742268041237115,0.9637779628574423,1.1930879917608272,0.0003978699607327423,0.01605999499929271,0.0010062833607602341,0.5980901960003493,52.719936928998855,364.08571428571406
2025-01-15 12:30:00+00:00,97047.2,True,winner,2025-01-15 13:30:00+00:00,98211.7664,take_profit,4,100.0,0.01199999999999996,0.08048,1.199999999999996,1.119519999999996,7,0.7811468970934754,0.8119402985074673,2.503392263672295,1.0817302114032414,0.00018813344496943843,0.010648906268573533,0.003010906033352813,1.9197948616774811,45.00806908884701,266.37142857142834
2025-01-15 13:15:00+00:00,97244.5,False,not_opened,,,,,,,,,,7,0.7086186065243665,0.8894482480870013,1.9181891923210281,1.0416842841519949,0.0003594387425323242,0.010668986933258495,0.0007979885751894022,2.070790110580018,61.951518870819335,259.56428571428427
2025-01-15 13:30:00+00:00,98457.5,False,not_opened,,,,,,,,,,7,0.8920508860945738,0.8952864181189831,4.282205498000426,1.3166459827657442,0.0014945367412169503,0.011771084545387386,0.01176243556864643,8.922404514651854,75.97054453846673,335.3285714285698
2025-01-15 13:45:00+00:00,98916.1,True,winner,2025-01-15 19:45:00+00:00,99807.4,max_holding,24,100.0,0.009010666615444689,0.08036042666461779,0.9010666615444689,0.8207062348798511,7,0.8193675183133968,0.8500982669287215,1.6689030026537781,1.361671686130161,0.0017874786105497283,0.013200655743770226,0.0031966484727967604,3.0811582671483606,77.99207241318138,356.2142857142836
2025-01-16 15:45:00+00:00,99258.3,True,winner,2025-01-16 20:00:00+00:00,100449.3996,take_profit,17,100.0,0.012000000000000012,0.08048,1.2000000000000013,1.1195200000000014,7,0.885642362671944,0.9854355839252027,2.1171947122476804,1.5743881935363344,0.0005036355286712927,0.006715700089398779,0.007659812831773291,1.6518211609849247,50.973837209302296,601.9785714285723
2025-01-16 16:00:00+00:00,99366.0,False,not_opened,,,,,,,,,,4,0.1632591246403187,0.33045585339996386,1.2173111490067805,1.5695279392924022,0.0005584022327818558,0.007141732373787008,0.0009208381136404807,2.0614013342743593,50.53526910104116,625.664285714287
2025-01-16 17:30:00+00:00,99956.5,False,not_opened,,,,,,,,,,4,0.2478050528579134,0.3415158573732375,0.935687221272179,1.3293599581880453,0.0008198508700506394,0.009655907566199629,0.000915398198216224,1.2102731177897526,58.27705266353016,664.0357142857164
2025-01-17 01:30:00+00:00,101616.5,True,loser,2025-01-17 02:45:00+00:00,100803.568,stop_loss,5,100.0,-0.008000000000000005,0.07968,-0.8000000000000006,-0.8796800000000006,7,0.9581401510133812,0.9672142005563652,4.1021600326042655,1.1096438605092995,0.0015294511214255552,0.014075005442862205,0.013236039422731544,6.441922695565169,75.64631058241578,374.2357142857155
2025-01-17 04:45:00+00:00,101424.9,True,winner,2025-01-17 10:45:00+00:00,102289.0,max_holding,24,100.0,0.008519604160319662,0.08034078416641278,0.8519604160319663,0.7716196318655535,6,0.8104522068778391,0.935282967776852,0.9396827012379027,1.1442932144698752,0.0005294367199706491,0.018683311479260077,0.0018476725143430676,0.5403066037783484,69.82026092175508,445.4071428571427
2025-01-17 10:15:00+00:00,102190.1,False,not_opened,,,,,,,,,,6,0.7267334074898113,0.8898776418242588,0.9917446542499385,1.0978835630680215,0.0004850757492110469,0.02123545971627517,0.0008826686733843262,1.3560230832479345,70.36279255451859,297.9428571428538
2025-01-17 10:30:00+00:00,102336.3,False,not_opened,,,,,,,,,,5,0.33348540145984074,0.4696624087591347,1.5919530838644533,1.1551862311349395,0.0005743104083439454,0.02150843383552101,0.0011384034795082487,2.3952943012440926,69.44958847736604,312.48571428571137
2025-01-17 12:00:00+00:00,102486.2,True,winner,2025-01-17 15:00:00+00:00,103716.0344,take_profit,12,100.0,0.012000000000000068,0.08048000000000001,1.2000000000000068,1.1195200000000067,7,0.7703591299949311,0.8829033889731827,1.3852298206277922,0.9983097743814714,0.0004883658960377675,0.02220882069892555,0.0007249756552589803,0.8509834682451454,65.3175727203396,274.8571428571408
2025-01-17 12:30:00+00:00,102665.0,False,not_opened,,,,,,,,,,5,0.4165352556882104,0.8220319891867515,1.5236493444085892,0.9830370890536747,0.0005654903649250006,0.022623521633137213,0.0002503287391028792,1.4310186102277371,64.8650125696796,272.4785714285702
2025-01-17 14:45:00+00:00,103322.0,False,not_opened,,,,,,,,,,7,0.9856807511737123,1.0,2.382683595279381,1.3121585826145217,0.0008784209187282073,0.023430942085097696,0.0012398133988889668,2.9003502182924774,68.74151780801817,386.38571428571385
2025-01-17 15:00:00+00:00,103999.4,False,not_opened,,,,,,,,,,7,0.7083115525352849,0.8138003136434858,2.469693644379609,1.4630922003258848,0.0014099183526112952,0.024309312993590782,0.006513499116341,4.3708266643229665,75.65379825653808,441.9071428571416
2025-01-17 16:00:00+00:00,104384.2,True,winner,2025-01-17 19:15:00+00:00,105636.8104,take_profit,13,100.0,0.012000000000000049,0.08048,1.2000000000000048,1.119520000000005,7,0.6763978992894626,0.9447018844609156,1.4634973381709586,1.5140477305417024,0.0013154329674969648,0.027272438841242346,0.001775172870990082,1.4506457628326344,74.8669289516317,516.1642857142849
2025-01-17 16:15:00+00:00,104537.1,False,not_opened,,,,,,,,,,4,0.396162820845227,0.47446201711174846,0.8594698784441707,1.4877533732434607,0.0013277117890614178,0.02815057411284562,0.0011201764732330036,1.57652677434846,75.68293775190351,524.3714285714274
2025-01-17 16:30:00+00:00,104744.2,False,not_opened,,,,,,,,,,3,0.46362211775239,0.6780837250951336,0.9665902107586426,1.475491408477827,0.001387192463354371,0.029057625375963826,4.200709919970919e-05,1.034551972124872,76.8948460188289,539.0428571428555
2025-01-17 16:45:00+00:00,104923.9,False,not_opened,,,,,,,,,,4,0.43503508347444253,0.8882167916767207,0.8638582043537875,1.4361568826959843,0.0014160407738513855,0.029987320056986268,0.00034215274117712155,0.8747114382939893,82.69204878968216,544.4214285714271
2025-01-18 13:30:00+00:00,103814.2,True,winner,2025-01-18 19:30:00+00:00,104409.1,max_holding,24,100.0,0.005730429941183468,0.08022921719764733,0.5730429941183468,0.4928137769206995,7,0.6989766364163045,0.7611508013129977,1.5247151647186883,0.992559946231051,0.0004393371667549543,0.010470519103630485,0.0022328351998089175,1.4850969986982037,69.13317508389953,363.39285714285506
2025-01-18 13:45:00+00:00,104327.4,False,not_opened,,,,,,,,,,7,0.8083162702787684,0.9072294849582486,1.766383351649148,1.039084552361473,0.0008640287318218379,0.011089098562832772,0.0037334391540477384,1.897094328283444,72.12448255470139,377.7142857142847
2025-01-18 15:15:00+00:00,104214.1,False,not_opened,,,,,,,,,,4,0.45610034207524647,0.6438616495629228,0.6996596106797315,1.0285162558946916,0.0004770589967145891,0.01271923684110582,0.0006169990433156637,0.875445952888252,64.95806986860414,374.35714285714283
2025-01-18 15:30:00+00:00,104628.2,False,not_opened,,,,,,,,,,6,0.6143916913946458,0.6686943620177999,1.7248880358285381,1.113630666928056,0.0008068521296409235,0.013265391816293739,0.003062271930511986,1.6183467678659904,70.00153562653571,407.79285714285754
2025-01-18 17:30:00+00:00,104069.7,False,not_opened,,,,,,,,,,5,0.7260046496180591,1.0,0.673285481093874,1.1313608100968189,0.00022965266934829056,0.012428524875929532,0.0001892962120578525,0.7569720424380587,48.76217050581796,461.9071428571427
2025-01-18 18:30:00+00:00,104195.2,False,not_opened,,,,,,,,,,5,0.8381852551984768,0.8381852551984768,0.5924316575767415,1.052304072901094,0.00029599082977711485,0.012435206532646997,7.869844292248673e-05,0.5123358665302186,51.35294432835022,451.7642857142855
2025-01-19 02:00:00+00:00,104819.6,True,loser,2025-01-19 08:00:00+00:00,104804.8,max_holding,24,100.0,-0.00014119496735346163,0.07999435220130587,-0.014119496735346165,-0.09411384893665203,7,0.9794557097118542,0.9797225186766509,1.5614389568188152,1.0339164068814226,0.0004979204173312847,0.012323363235071853,0.0015197539391488127,1.6417894890385794,67.42333132892392,255.84999999999854
2025-01-19 02:15:00+00:00,105165.8,False,not_opened,,,,,,,,,,7,0.6388632589038583,0.7709909577412943,2.1314086806033408,1.1477313313272801,0.0007625349507310359,0.012843445654902202,0.0032196778800713333,2.9428342185053995,70.47549843317148,283.4785714285702
2025-01-19 05:45:00+00:00,105095.2,False,not_opened,,,,,,,,,,7,0.6537963761863406,0.9678602243313017,1.2945381436390209,1.212422772318282,0.00033609758170856846,0.013967417576186546,0.0007726328129162615,1.2054701843381548,48.55694546643761,375.94285714285587
2025-01-19 06:00:00+00:00,105117.1,False,not_opened,,,,,,,,,,3,0.12823529411766418,0.6764705882352942,0.47591719040886943,1.1411692207860984,0.00032386675196585256,0.014115587219830233,6.659240028501546e-05,0.9386313478650359,50.46514538400574,361.77142857142775
2025-01-19 06:15:00+00:00,105290.0,False,not_opened,,,,,,,,,,5,0.5247344461304831,0.874051593323217,0.932094312668846,1.1023052603992156,0.0004489345713237611,0.014354215571322692,0.0011197644600626287,0.7863497061228584,59.51017948607576,356.0142857142845
2025-01-19 06:30:00+00:00,105451.9,False,not_opened,,,,,,,,,,5,0.593475073313787,0.9083577712609932,0.7721483158788267,1.047001521937451,0.0005517740673726893,0.01468369488356522,0.0011417527801774476,1.1295247353026134,68.13269222285939,343.4785714285691
2025-01-19 06:45:00+00:00,105554.0,False,not_opened,,,,,,,,,,5,0.3697935530605181,0.7269105396595561,0.7639417290372364,1.0402913921474048,0.0005908629262785824,0.015052657564613887,0.0007304318168899883,1.1737707334456793,67.87762906309769,346.8071428571399
2025-01-19 09:45:00+00:00,105290.8,True,loser,2025-01-19 10:15:00+00:00,104448.4736,stop_loss,2,100.0,-0.00800000000000005,0.07968,-0.800000000000005,-0.879680000000005,7,0.6790168745414643,0.8462949376375714,2.5922712090054376,1.2389077742690506,0.00048388097511259615,0.012091690580435766,0.005574086244952158,2.059428240581746,50.012306177701255,439.6857142857095
2025-01-19 12:45:00+00:00,104930.1,True,winner,2025-01-19 18:45:00+00:00,105023.9,max_holding,24,100.0,0.0008939284342623171,0.08003575713737049,0.0893928434262317,0.009357086288861213,5,0.569907537125279,0.7453068086298804,0.6867555658180763,1.1702964084728003,0.0001791484204893455,0.010306876658185117,0.0005003330788782246,0.5800275670521274,56.75221671734469,539.5714285714265
2025-01-19 13:00:00+00:00,105199.1,False,not_opened,,,,,,,,,,6,0.6376777251184972,0.8156398104265679,0.8072306441585801,1.1368375747141803,0.00040520135350571954,0.01054109453488922,0.0016929802631391886,0.9786520448714157,56.87783572912696,535.8142857142842
2025-01-20 06:45:00+00:00,107554.0,True,winner,2025-01-20 07:00:00+00:00,108844.648,take_profit,1,100.0,0.01200000000000001,0.08048,1.200000000000001,1.119520000000001,4,0.5395229758475927,0.5395418007944133,6.0441354670975285,1.2011150159642552,0.004584454363332697,-0.005756025311239517,0.02614128716737644,9.54894274678337,91.79154108474489,941.9499999999981
2025-01-20 09:00:00+00:00,108771.2,True,loser,2025-01-20 09:30:00+00:00,107901.0304,stop_loss,2,100.0,-0.007999999999999943,0.07968,-0.7999999999999943,-0.8796799999999942,4,0.39910965749069144,0.5188516398655335,1.030280338840265,1.4557121857374362,0.00261776381363332,0.019927089398762452,0.0033041834603276805,0.9916522937761028,79.62468291183035,1299.0499999999997
2025-01-20 13:30:00+00:00,107713.8,True,loser,2025-01-20 15:15:00+00:00,106852.0896,stop_loss,7,100.0,-0.007999999999999965,0.07968,-0.7999999999999965,-0.8796799999999965,4,0.3769746808050253,0.5208829257736449,1.1728649657036747,0.9092768247981469,0.00037935170324747354,0.02589868300998851,0.0017481511189838526,1.395520009299145,45.89670135231929,832.0714285714296
2025-01-21 14:15:00+00:00,105202.2,True,loser,2025-01-21 14:30:00+00:00,104360.5824,stop_loss,1,100.0,-0.00799999999999998,0.07968,-0.7999999999999979,-0.8796799999999979,7,0.926736566186096,0.9268676277850552,1.7938379433166032,1.0579464588275131,0.0012295866078008118,0.002061425565462369,0.00370429515732558,1.6978891087464516,88.01877379060579,457.14999999999935
2025-01-21 16:00:00+00:00,106038.9,True,loser,2025-01-21 16:30:00+00:00,105190.5888,stop_loss,2,100.0,-0.007999999999999967,0.07968,-0.7999999999999967,-0.8796799999999967,7,0.8224058626335048,0.8799407499805096,3.5312497849232916,1.6522693991993564,0.0020042427379279005,0.002366226799566722,0.018273482655893236,3.050518607690058,62.76627757804207,850.6785714285704
2025-01-21 17:30:00+00:00,105813.0,True,winner,2025-01-21 18:30:00+00:00,107082.756,take_profit,4,100.0,0.011999999999999941,0.08048,1.1999999999999942,1.1195199999999943,3,0.3222546161321728,0.6365403304178814,0.6116516973483209,1.4980602431273313,0.0011521080795597423,0.007479016252466929,0.0002173645960326236,0.4319722462547984,58.45630694212758,1024.9428571428568
2025-01-21 17:45:00+00:00,106146.5,False,not_opened,,,,,,,,,,4,0.5247010698552501,0.5813404657016938,0.7397751344305106,1.420425064832401,0.0013383355089996245,0.008579843202101173,0.0013801679753925,0.9413105014462577,56.36380790640631,1015.8428571428574
2025-01-21 18:30:00+00:00,106812.3,False,not_opened,,,,,,,,,,4,0.4366072308146927,0.577086001379174,1.1500464505018988,1.1060638406320165,0.001565157979237216,0.01182407369692541,0.0030361671829929973,1.4345934405939749,81.00250378862764,864.1285714285716
2025-01-22 15:00:00+00:00,104924.1,True,loser,2025-01-22 15:30:00+00:00,104084.7072,stop_loss,2,100.0,-0.008000000000000014,0.07968,-0.8000000000000014,-0.8796800000000013,5,0.6630525437864865,0.9929703324198806,1.783126898808141,1.5660139401360615,0.0001479272228703783,-3.588940004397751e-05,5.813726303114175e-05,1.5890750251771228,48.23289836821101,549.0142857142855
2025-01-23 14:30:00+00:00,104889.1,True,loser,2025-01-23 15:00:00+00:00,104049.9872,stop_loss,2,100.0,-0.008000000000000024,0.07968,-0.8000000000000025,-0.8796800000000025,6,0.9167096061832947,0.9482885535517115,5.30710706995734,1.489955373123644,0.002616866783386139,-0.012351994110530515,0.0208725215489503,8.978860445869561,82.19763365468887,557.4428571428549
2025-01-23 14:45:00+00:00,105167.7,False,not_opened,,,,,,,,,,4,0.2048272320446012,0.3894064998899572,2.427842442269519,1.640015797643214,0.002613664711945644,-0.009856097324603423,0.0013131408217541248,5.086096229022784,83.11126816188238,637.7142857142836
2025-01-23 16:00:00+00:00,106461.5,True,loser,2025-01-23 16:15:00+00:00,105609.808,stop_loss,1,100.0,-0.007999999999999957,0.07968,-0.7999999999999957,-0.8796799999999957,6,0.7783560774357365,0.9197080291970803,1.8220718767166901,2.01489777242894,0.0029081140571172353,-0.0012709520431241391,0.010173630843074781,1.7455065140008996,76.93982341751979,1095.4142857142829
2025-01-23 17:45:00+00:00,105899.5,True,loser,2025-01-23 18:30:00+00:00,105052.304,stop_loss,3,100.0,-0.007999999999999965,0.07968,-0.7999999999999965,-0.8796799999999965,4,0.5044030604879395,0.5692218853760712,0.6449450442020573,1.5423593883678925,0.0013822330153020403,0.0068879793627377,0.0022814083163754865,0.425061586881235,66.53129840202486,1334.057142857141
2025-01-23 22:15:00+00:00,104081.6,True,loser,2025-01-24 01:45:00+00:00,103248.94720000001,stop_loss,14,100.0,-0.007999999999999964,0.07968,-0.7999999999999964,-0.8796799999999964,5,0.5280695809330154,0.9675816107534203,0.7986576273021307,1.1642573828744802,5.2248394105014145e-05,0.0016510749994320926,0.003258020629967312,0.5403037696731018,42.01879671427519,1288.8071428571432
2025-01-24 04:30:00+00:00,104400.7,True,winner,2025-01-24 09:15:00+00:00,105653.50839999999,take_profit,19,100.0,0.011999999999999946,0.08048,1.1999999999999946,1.1195199999999947,6,0.7575311067452437,0.8886705959397517,1.4770212920309065,0.9380676066886107,0.0006851471622364302,-0.0009130256183062984,0.002413776919120274,1.1911643271429084,64.44252376836661,449.1357142857149
2025-01-24 04:45:00+00:00,104580.1,False,not_opened,,,,,,,,,,4,0.3286943783189857,0.41402673503022047,1.279327187752577,1.0031285963674637,0.0007822060945991633,-0.0002019070679752384,0.0010652122153259438,1.4890011963343066,66.20555957153209,460.1071428571439
2025-01-24 05:45:00+00:00,105180.0,False,not_opened,,,,,,,,,,6,0.666809974204641,0.8742476354256226,1.0815963543785725,1.1307818117920547,0.0010011514330307688,0.002967272945668545,0.0014869747100208612,1.1989602559432426,79.94886896864192,478.04285714285754
2025-01-24 14:30:00+00:00,106215.3,True,loser,2025-01-24 15:15:00+00:00,105365.5776,stop_loss,3,100.0,-0.007999999999999988,0.07968,-0.7999999999999988,-0.8796799999999988,7,0.6147186147186147,0.9847247990105151,4.662159239984442,1.3956703387910285,0.0009342928613987212,0.009471908864497374,0.008730380651375111,6.091388252279812,66.72696438665898,391.5642857142853
2025-01-24 17:15:00+00:00,106426.7,True,loser,2025-01-24 20:00:00+00:00,105575.2864,stop_loss,11,100.0,-0.008,0.07968,-0.7999999999999999,-0.8796799999999999,6,0.864013547840808,0.8760372565622403,1.1993987772429038,1.3736581384540423,0.0007411271640444122,0.011726771049706342,0.0027718608206399333,1.343673124551025,68.33252072159894,562.6214285714294
2025-01-25 12:45:00+00:00,104699.9,True,winner,2025-01-25 18:45:00+00:00,104935.9,max_holding,24,100.0,0.002254061369686122,0.08009016245478745,0.2254061369686122,0.14531597451382475,3,0.5629441624365187,0.7598984771573456,1.068387656597441,1.0772668750783414,0.00023242692469169015,-0.0011628348699191209,0.00047660026418357783,1.0420362474325005,66.15111374232234,193.34285714285423
2025-01-25 13:00:00+00:00,104773.2,False,not_opened,,,,,,,,,,3,0.4030752333882034,0.7704557935200352,0.9765122265122677,1.0848811870914077,0.00027677308595549236,-0.000902602446905502,0.0002481550625541646,1.4758633472808773,64.89908679303221,194.1642857142828
2025-01-25 15:00:00+00:00,104889.6,False,not_opened,,,,,,,,,,6,0.8166465621230398,0.8166465621230398,2.2536972596781513,1.0594465227779644,0.00031683115786423536,-0.00020456865402646555,0.002684727561169132,2.2738608825787923,63.0077843919678,190.34999999999854
2025-01-25 17:45:00+00:00,104850.1,False,not_opened,,,,,,,,,,7,0.7436234551669754,0.8803576124112552,1.7150717056011835,1.272959795668416,0.0001835194928300457,0.0005546794412257776,0.0005112059978960994,1.039584753234552,58.87047642256649,252.04285714285444
2025-01-26 03:30:00+00:00,105048.2,True,loser,2025-01-26 09:30:00+00:00,104575.3,max_holding,24,100.0,-0.0045017430093994395,0.07981993027962403,-0.4501743009399439,-0.529994231219568,7,0.8296478296478071,0.8736008736008667,2.30297695765616,1.0196756600961079,0.0003066151115398645,0.0005928315385986755,0.002258963028400324,3.064532180704426,67.32451678535026,161.72857142857225
2025-01-26 04:15:00+00:00,105337.6,False,not_opened,,,,,,,,,,5,0.566470340765684,0.6649137568363688,2.582151974363123,1.1779110022798325,0.00048729911002267577,0.0014826013774701173,0.0007053511756486089,2.6379774997730463,83.68677211889482,189.3214285714296
2025-01-26 20:15:00+00:00,105136.1,True,loser,2025-01-26 22:00:00+00:00,104295.01120000001,stop_loss,7,100.0,-0.007999999999999978,0.07968,-0.7999999999999977,-0.8796799999999977,6,0.8015306122449276,0.8015306122449276,1.6107161934502943,1.0771540603180783,0.00012971609480544931,0.001977192787056331,8.37010313298944e-05,1.0603802722865685,64.12581793135186,131.95714285714453
2025-01-28 09:45:00+00:00,102925.2,True,loser,2025-01-28 14:00:00+00:00,102101.7984,stop_loss,17,100.0,-0.007999999999999974,0.07968,-0.7999999999999975,-0.8796799999999975,6,0.7662037037037037,0.9842592592592525,1.3197892003360605,1.0327117736427653,0.00021092497298268634,0.004940747740664764,8.258424564635289e-05,0.9010518277356729,52.57974838618484,338.1714285714271
2025-01-28 10:00:00+00:00,102941.4,False,not_opened,,,,,,,,,,4,0.09319611206397313,0.9508290451686329,0.5416789259333653,1.0053472420065228,0.00020579457066767084,0.005075109922760919,9.131408743221075e-05,0.711748082664749,57.7248623291864,327.67857142856934
2025-01-28 15:00:00+00:00,102878.1,True,loser,2025-01-28 16:15:00+00:00,102055.0752,stop_loss,5,100.0,-0.007999999999999991,0.07968,-0.7999999999999992,-0.8796799999999991,4,0.3652482269503651,0.402547938008934,2.0024458558522875,1.482831878387425,0.0002900780282011093,0.002957559409306246,6.804169206192975e-06,3.207376964063397,53.19013432144526,440.971428571429
2025-01-28 17:00:00+00:00,102994.8,True,loser,2025-01-28 18:45:00+00:00,102170.8416,stop_loss,7,100.0,-0.00800000000000003,0.07968,-0.800000000000003,-0.879680000000003,7,0.8742742295667794,0.920611880303716,1.6283636363636185,1.6259274115310072,0.0004379064626978291,0.00247082450903518,0.004381774613864029,1.4934874519896333,54.63077254648406,667.3857142857139
2025-01-29 17:00:00+00:00,102255.2,True,loser,2025-01-29 19:15:00+00:00,101437.1584,stop_loss,9,100.0,-0.007999999999999969,0.07968,-0.7999999999999969,-0.8796799999999969,4,0.5923376234660261,0.9341514516611775,0.8826482088132503,1.1561964741168431,0.0001764702320223232,-0.000886510405390024,0.0012253655559815336,0.6990151754854376,57.82984601217545,386.4500000000002
2025-01-29 17:15:00+00:00,102378.0,False,not_opened,,,,,,,,,,5,0.6084158415841296,0.7915841584158128,0.5521464007981527,1.0994078916999903,0.00027370788298084863,-0.0006315251015603774,0.0009845865322628193,0.9678015646926982,65.36956861926859,374.27142857142877
2025-01-29 17:30:00+00:00,102551.3,False,not_opened,,,,,,,,,,3,0.46198986396372305,0.46198986396372305,1.0119031552808302,1.0927938671560387,0.00040816349950971215,-0.0002586651314735013,0.001279359696074034,1.4162200984672864,64.45931477516041,378.97857142857123
2025-01-29 19:30:00+00:00,103418.1,True,winner,2025-01-29 20:15:00+00:00,104659.11720000001,take_profit,3,100.0,0.01200000000000002,0.08048,1.200000000000002,1.1195200000000018,7,0.7400875935041261,0.7756288515949021,4.806221766870027,1.4768941473144181,0.001111830326901944,0.0012055615683958412,0.004233301520720289,5.296938087652456,66.66877170824125,582.3214285714296
2025-01-29 20:15:00+00:00,104323.0,False,not_opened,,,,,,,,,,6,0.5369750807568014,0.7825334563913251,2.7557265256163723,1.7444674473182251,0.0016342667512936938,0.0043733583880316874,0.0031249101348695876,2.2657481047494095,69.70292552266321,765.8928571428593
2025-01-30 14:30:00+00:00,105105.3,True,winner,2025-01-30 15:00:00+00:00,106366.56360000001,take_profit,2,100.0,0.012000000000000056,0.08048,1.2000000000000055,1.1195200000000054,6,0.5080295138889144,0.8272569444444591,1.8599394550958157,1.1802197001958243,7.720624404036595e-05,0.013975289770742609,0.0009057583204652581,2.347515615353125,50.091128226233344,266.25714285714224
2025-01-30 14:45:00+00:00,105879.8,False,not_opened,,,,,,,,,,6,0.649287510477792,0.6522212908633745,4.007524606133895,1.4705682036295178,0.0007659993076575366,0.014420991055167686,0.006563102688142674,7.287091559231778,66.12863880305746,339.2999999999998
2025-01-31 11:00:00+00:00,104700.0,True,winner,2025-01-31 15:45:00+00:00,105956.4,take_profit,19,100.0,0.011999999999999945,0.08048,1.1999999999999944,1.1195199999999943,7,0.9715578539107703,0.971773324714489,2.0224865995555255,1.0457450413320823,0.00042617416104193177,0.0009317415724060371,0.002787010506208242,1.9752334091167632,63.0306224017804,236.97142857142794
2025-01-31 11:15:00+00:00,104786.3,False,not_opened,,,,,,,,,,5,0.32776300797570057,0.8651728066843919,1.114709680150731,1.04345001166994,0.000463704864799463,0.0013369688707279535,0.0006985646024336873,1.6286799624719484,68.42414969989422,236.30714285714308
2025-01-31 15:15:00+00:00,105117.8,False,not_opened,,,,,,,,,,6,0.4392330383480869,0.9072271386430765,2.1172613006479724,1.3692603167547162,0.000496937193155592,0.0034558334788365873,0.0015963043366585194,2.796900709757187,61.94402378147999,343.2285714285733
2025-01-31 15:30:00+00:00,105604.9,False,not_opened,,,,,,,,,,7,0.6390711099448874,0.717790606140112,2.188280554678287,1.4972362778463812,0.0008868193954975847,0.004199832358534122,0.004016859066198606,4.048432661885891,71.74089433826181,386.6714285714302
2025-02-03 15:15:00+00:00,98290.0,True,winner,2025-02-03 15:45:00+00:00,99469.48,take_profit,2,100.0,0.011999999999999957,0.08048,1.1999999999999957,1.1195199999999956,6,0.8077573346593705,0.8846345101939334,2.864386742062756,1.617686516570868,0.002880980699667075,-0.022052929535171188,0.014080781361277852,3.8112871042046472,73.45535089764509,846.2285714285723
2025-02-03 15:30:00+00:00,98586.8,False,not_opened,,,,,,,,,,4,0.24153370237707464,0.677548029957674,1.662313761045771,1.6740432230738047,0.002885472867533061,-0.01918376112056086,0.0006572888053979123,2.691845158168064,73.82721016106548,904.6571428571426
2025-02-03 17:45:00+00:00,99150.1,True,winner,2025-02-03 19:15:00+00:00,100339.90120000001,take_profit,6,100.0,0.012000000000000018,0.08048,1.2000000000000017,1.1195200000000018,6,0.8253994813017681,0.8929139128252325,1.32945533817527,1.2801935844946608,0.0017526513480102834,-0.003503862852404707,0.0026747325519592175,1.148883030948875,84.78107067054492,984.4071428571416
2025-02-04 14:30:00+00:00,100089.9,True,loser,2025-02-04 15:00:00+00:00,99289.18079999999,stop_loss,2,100.0,-0.008000000000000068,0.07968,-0.8000000000000068,-0.8796800000000068,7,0.6496895328208104,0.7922087522176189,3.077973197424402,1.0869791992656117,0.0009484738296449561,0.002340068933164449,0.006053557851491451,4.604837537298048,63.76765491792839,446.57142857143066
2025-02-04 16:00:00+00:00,99824.0,True,loser,2025-02-04 16:45:00+00:00,99025.408,stop_loss,3,100.0,-0.008000000000000042,0.07968,-0.8000000000000043,-0.8796800000000042,6,0.562062171628727,0.9001751313485136,1.601640910565099,1.5139360622704465,0.0005834459980025444,0.0029331919154622363,0.002335109793236154,1.0463546532299226,55.775294444959634,681.0214285714288
2025-02-05 12:15:00+00:00,98499.9,True,loser,2025-02-05 15:00:00+00:00,97711.90079999999,stop_loss,11,100.0,-0.008000000000000057,0.07968,-0.8000000000000058,-0.8796800000000058,4,0.503087248322132,0.5218791946308569,1.2871680574992606,1.084016577960462,0.0006059342773749179,-0.00525220637478996,0.0005340106944270123,2.452245905389088,66.26408735034957,318.16428571428594
2025-02-05 14:15:00+00:00,98696.0,False,not_opened,,,,,,,,,,4,0.7984907769703599,0.8267188373392971,1.0998401573835068,1.0760034158838603,0.0005253736356379281,-0.002456083436145807,0.00044783983140144574,1.1485594068728358,68.82216224321509,325.8000000000008
2025-02-06 09:00:00+00:00,98610.0,True,loser,2025-02-06 14:30:00+00:00,97821.12,stop_loss,22,100.0,-0.008000000000000049,0.07968,-0.8000000000000048,-0.8796800000000048,7,0.8815053398881253,0.9321918969316827,2.29506283313232,1.0862867725539274,0.0006986919682942312,0.00029539196446815567,0.004456951627623973,2.559748353480189,73.39914207452624,268.9785714285691
2025-02-06 10:00:00+00:00,98799.4,False,not_opened,,,,,,,,,,6,0.8642433234421179,0.8642433234421179,1.0337026954488258,1.0547800478451044,0.0006820439688425623,0.002106233412916954,0.0010070911361809891,1.2304047412014112,62.82434596903368,261.7142857142847
2025-02-06 10:45:00+00:00,98980.1,False,not_opened,,,,,,,,,,5,0.7506053268764982,0.8149429263230753,1.0262326505981594,1.0839740265596547,0.0006789378592671944,0.0036749048570971503,4.041216365802127e-06,1.6310360283870218,73.63369467028059,274.72857142857123
2025-02-07 13:30:00+00:00,98288.3,True,winner,2025-02-07 14:00:00+00:00,99467.7596,take_profit,2,100.0,0.01200000000000002,0.08048,1.200000000000002,1.1195200000000018,6,0.4704444444444488,0.8431851851851874,4.80957640101179,1.2680890189354552,0.0007776607765169757,0.0009815137230229011,0.0030959941315497662,7.474195550687797,72.7999999999998,313.27142857142775
2025-02-07 13:45:00+00:00,98787.9,False,not_opened,,,,,,,,,,7,0.7246881346097838,0.9598201334493599,2.297923402553273,1.3879130317384123,0.0011816871144233532,0.0020250602662144476,0.002914324527598969,3.562070822908283,76.3137196149666,345.12142857142834
2025-02-07 14:00:00+00:00,99537.2,False,not_opened,,,,,,,,,,7,0.7928518557682196,0.9497726551760599,2.8203751752109913,1.586284231238489,0.0017780341617807728,0.003582087168956236,0.00724955092166538,3.482704744245074,83.84127079635354,401.64999999999935
2025-02-07 14:15:00+00:00,99629.2,True,loser,2025-02-07 15:00:00+00:00,98832.1664,stop_loss,3,100.0,-0.007999999999999952,0.07968,-0.7999999999999952,-0.8796799999999951,4,0.20228420821434367,0.25148253898528283,1.3058005305800613,1.6443707073606983,0.0016951572131330452,0.00506122087402446,0.00044665620119402745,2.557287078526966,85.97539123163288,425.47857142857123
2025-02-09 01:15:00+00:00,96816.2,True,winner,2025-02-09 07:15:00+00:00,96999.9,max_holding,24,100.0,0.00189740973101606,0.08007589638924065,0.189740973101606,0.10966507671236536,5,0.5479807336050292,0.9018154872174858,1.7070933873058565,1.0414761393627487,0.0003517686002018525,-0.0018868464004647171,0.0015100778588706962,2.8705210978245095,61.57048940832698,163.90714285714577
2025-02-09 01:45:00+00:00,96934.6,False,not_opened,,,,,,,,,,6,0.7159989793314876,0.9698902781322059,2.240068591025965,1.1299838761106424,0.00041909970347732585,-0.0013312818333654948,0.0009480618891500942,3.8488282196641044,61.560693641618336,178.45714285714453
2025-02-09 03:15:00+00:00,96870.9,False,not_opened,,,,,,,,,,4,0.6979750107712018,0.8741921585523011,1.242704931198824,1.2227706789913524,0.0002506903757862344,-0.00042919307067558677,2.993675087146067e-05,0.9171921022850759,64.80072230104497,205.6071428571418
2025-02-09 03:30:00+00:00,97131.3,False,not_opened,,,,,,,,,,7,0.7836292506771527,0.8958772193801009,1.7234136348312534,1.298149858533321,0.0004815315254178709,7.438946474088271e-06,0.0023802831836905003,2.517864318946083,69.62377560106877,221.8714285714263
2025-02-09 03:45:00+00:00,97278.4,False,not_opened,,,,,,,,,,6,0.6450197455023886,0.974989030276387,1.1444210103445243,1.2933022563604066,0.0005790273209192431,0.0005258857193776398,0.001156474613069294,2.1896544302669465,74.74072490110152,225.32142857142648
2025-02-10 00:00:00+00:00,96911.1,True,loser,2025-02-10 01:15:00+00:00,96135.81120000001,stop_loss,5,100.0,-0.007999999999999946,0.07968,-0.7999999999999946,-0.8796799999999946,6,0.7442748091603053,0.7589312977099325,1.4214409722222179,1.525547362880992,0.0008758144941666695,-0.004245738093052049,0.003757051565816566,2.083996468160249,55.50933286868652,531.0642857142864
2025-02-10 13:45:00+00:00,98175.3,True,loser,2025-02-10 14:30:00+00:00,97389.8976,stop_loss,3,100.0,-0.008000000000000064,0.07968,-0.8000000000000064,-0.8796800000000063,7,0.7423782920989718,0.7562649640861978,2.4388344979270893,1.0625935518771292,0.0006337476399873995,0.008111179755602988,0.0038390511666377258,3.8836287476754072,57.623018324068155,267.9857142857145
2025-02-10 17:45:00+00:00,97455.1,True,loser,2025-02-10 23:45:00+00:00,97379.2,max_holding,24,100.0,-0.000778820195146367,0.07996884719219415,-0.0778820195146367,-0.15785086670683085,6,0.6984348798211478,0.8977082168809644,0.8960232395071684,1.0922131288588461,0.00016810244322269978,0.004540331578865105,0.001252884661757115,0.6039261364774517,45.69468267581486,396.7000000000002
2025-02-11 00:30:00+00:00,97973.9,True,winner,2025-02-11 06:30:00+00:00,98298.9,max_holding,24,100.0,0.0033172099916406305,0.08013268839966563,0.33172099916406306,0.2515883107643974,5,0.5881410256410083,0.6918498168498056,2.158636026686449,1.0139265428980835,0.0005681709806749238,0.004698631976740672,0.0015708265160414578,3.321818606161131,76.8973848777718,210.77142857142982
2025-02-12 16:45:00+00:00,96944.3,True,winner,2025-02-12 22:45:00+00:00,97770.9,max_holding,24,100.0,0.008526545655598022,0.08034106182622391,0.8526545655598021,0.7723135037335782,6,0.7650015001500232,0.8982148214821501,1.9701638108749127,1.6911915089815108,0.0013451195069167634,-0.006751026230653011,0.010464772039201892,1.8305344586653258,53.317814634687124,847.5714285714265
2025-02-12 17:15:00+00:00,97492.1,False,not_opened,,,,,,,,,,5,0.6424870466321232,0.9889371236521578,0.9934129529029704,1.2532162349405924,0.001621783886204418,-0.003977867304312598,0.003006397441433776,1.0848469470740356,74.25513069370382,693.1999999999981
2025-02-14 03:45:00+00:00,97094.9,True,loser,2025-02-14 09:45:00+00:00,97062.0,max_holding,24,100.0,-0.000338843749774645,0.079986446250009,-0.0338843749774645,-0.1138708212274735,7,0.8534538411878497,0.8534538411878497,2.06763070077863,1.075914444591103,0.0005464090314052989,0.0016789223547062772,0.003937384970786193,3.3762001133935846,57.19422638642668,241.65000000000146
2025-02-14 14:30:00+00:00,97065.0,True,loser,2025-02-14 15:15:00+00:00,96288.48,stop_loss,3,100.0,-0.008000000000000042,0.07968,-0.8000000000000042,-0.8796800000000041,7,0.641511918872651,0.7168444620044789,3.4148096512334303,1.437944265314585,0.00033459159292365757,0.00201603462889624,0.0018678205326328019,4.001567028641178,50.91194968553468,251.49285714285568
2025-02-14 16:45:00+00:00,97626.8,True,loser,2025-02-14 21:00:00+00:00,96845.7856,stop_loss,17,100.0,-0.008,0.07968,-0.7999999999999999,-0.8796799999999999,7,0.7989408491158794,0.9216407862848914,2.921654756441371,1.7409458280038197,0.0008537309769536528,0.0025485478702070526,0.006490021182708086,2.8977666380463276,66.2836424487518,465.2000000000002
2025-02-14 17:30:00+00:00,97930.0,False,not_opened,,,,,,,,,,7,0.7917539267015631,0.9083769633507853,1.7501059455497125,1.6556882947932863,0.0009881965531055741,0.0040613572709929146,0.002204635964464354,1.56932258541952,64.03610485869527,523.6285714285716
2025-02-14 17:45:00+00:00,98487.8,False,not_opened,,,,,,,,,,6,0.6465407347317222,0.6465407347317222,1.8362895417256464,1.6963067783429655,0.001428413652426653,0.005277348949079712,0.004952897719311457,3.2698188771406507,69.73567280467893,570.2571428571443
2025-02-15 10:45:00+00:00,97610.9,True,loser,2025-02-15 16:45:00+00:00,97494.4,max_holding,24,100.0,-0.001193514248920971,0.07995225943004317,-0.1193514248920971,-0.19930368432214027,4,0.49626467449303985,0.565635005336153,1.5921158829277184,0.9970041294432174,0.00011931395886308012,0.004229707462008944,0.00036061546405162834,1.6208886329728605,62.50497017892601,118.73571428571657
2025-02-15 12:30:00+00:00,97671.0,False,not_opened,,,,,,,,,,5,0.17945690672964104,0.6263282172372941,2.598657718120784,1.1658129300906488,0.00014257915168266265,0.004287618340780567,0.0005057796070480918,4.459139180620313,60.18115942029057,137.28571428571533
2025-02-15 23:15:00+00:00,97555.2,True,loser,2025-02-16 05:15:00+00:00,97469.0,max_holding,24,100.0,-0.000883602309256678,0.07996465590762973,-0.0883602309256678,-0.16832488683329755,6,0.8105420188960482,0.8105420188960482,1.6305846103949189,1.1159165124222905,4.486963173358167e-05,0.002554518960410617,0.0004130994554877947,1.8409184878836564,52.30089194095845,132.42142857142713
2025-02-16 09:45:00+00:00,97322.3,True,loser,2025-02-16 15:45:00+00:00,96849.9,max_holding,24,100.0,-0.004853974885509372,0.07980584100457963,-0.4853974885509372,-0.5652033295555168,4,0.6547231270358208,0.9533116178067031,0.8499838493840265,1.2739073085916537,1.62978662119582e-05,-0.00012166452752235561,0.0004346383100276392,1.0226783677285352,35.83596982234107,121.41428571428592
2025-02-17 14:00:00+00:00,96887.1,True,loser,2025-02-17 15:30:00+00:00,96112.0032,stop_loss,6,100.0,-0.007999999999999993,0.07968,-0.7999999999999993,-0.8796799999999992,6,0.8615511551155212,0.8863036303630459,3.2653501091144372,1.053816778866964,0.0006474506014049014,-0.004609265302757959,0.004546528898067957,3.8537455337002315,79.57552370452076,191.19999999999814
2025-02-18 14:15:00+00:00,96463.2,True,loser,2025-02-18 14:30:00+00:00,95691.4944,stop_loss,1,100.0,-0.008000000000000012,0.07968,-0.8000000000000013,-0.8796800000000012,4,0.4043977055449331,0.475908221797312,2.472579425113485,1.0519025381048668,0.0005184894238586199,-0.0018081748794769386,0.0014855405999386598,2.667265165655574,74.6235432761558,225.64999999999833
2025-02-19 10:00:00+00:00,96326.6,True,loser,2025-02-19 15:00:00+00:00,95555.9872,stop_loss,20,100.0,-0.008000000000000028,0.07968,-0.8000000000000027,-0.8796800000000027,7,0.786156648451741,0.7863387978142289,3.0960974509361527,1.1253796222745285,0.0006949424992105464,0.0003066182873196845,0.003534849148625613,5.234145791297742,81.3208847672159,191.76428571428656
2025-02-19 11:45:00+00:00,96392.0,False,not_opened,,,,,,,,,,5,0.915702479338827,0.9757575757576078,1.0397571035746942,1.0958520939922118,0.00043984714371051456,0.002970407381008962,0.0004035604614490225,0.9656313579284251,71.26341866226285,187.4928571428588
2025-02-19 15:30:00+00:00,96228.9,True,loser,2025-02-19 19:00:00+00:00,95459.0688,stop_loss,14,100.0,-0.008000000000000007,0.07968,-0.8000000000000007,-0.8796800000000007,6,0.6626672819566243,0.6744347023534663,1.6261443794086459,1.588450463071048,0.00017739683332416536,0.0031541630989121135,0.0005341430692857778,1.8752215134296701,47.14417430970032,320.72857142857225
2025-02-20 13:45:00+00:00,97505.8,True,winner,2025-02-20 19:45:00+00:00,98370.0,max_holding,24,100.0,0.008863062504999672,0.08035452250019999,0.8863062504999673,0.8059517279997672,6,0.9066041422430843,0.9066041422430843,1.859535661083413,1.1823572701106053,0.00025895013226171984,0.008907104451465957,0.0002779321845470302,1.2125391016915252,64.44304594084377,148.6142857142851
2025-02-20 14:00:00+00:00,97694.1,False,not_opened,,,,,,,,,,7,0.827768014059824,0.8800527240773752,1.5883317631459,1.25688202642922,0.0004174028232827163,0.009175272991451069,0.0016828037721828516,2.987546981530206,67.79578210243523,159.31428571428427
2025-02-20 14:15:00+00:00,97752.8,False,not_opened,,,,,,,,,,4,0.1987157823589188,0.29300439337613654,1.9208672790418044,1.32673667764569,0.00043461333077073343,0.009467727834305453,0.000321218420342013,4.785540778041778,67.33834338095697,171.04999999999876
2025-02-20 16:00:00+00:00,97366.3,False,not_opened,,,,,,,,,,6,0.6133267277681455,0.6541986623730504,2.8454625550660664,1.897354913559846,0.0001293645937738431,0.007944960923865763,0.0009376961022448517,1.7121892107013816,48.31416571809878,342.84999999999854
2025-02-20 16:15:00+00:00,97652.2,False,not_opened,,,,,,,,,,5,0.7741673436230488,0.9244516653127308,1.2344152154293653,1.8532701337592679,0.0003955336168704764,0.008197086486404557,6.861084542895183e-05,0.9094867361948954,54.89883817727748,357.61428571428405
2025-02-20 16:30:00+00:00,97912.1,False,not_opened,,,,,,,,,,6,0.5919854280510057,0.9246357012750649,1.3978357733927376,1.8466846450821726,0.0006097158911220272,0.00863999564636962,0.002369472210278403,1.5712669769791936,59.39558051683228,380.78571428571223
2025-02-20 18:00:00+00:00,98172.0,False,not_opened,,,,,,,,,,5,0.6498734177215116,0.6835443037974683,1.134340359542821,1.361574346619442,0.0006308565410016477,0.010250470594249226,0.002061687650246447,1.683424254721966,57.178304530593245,393.1857142857137
2025-02-21 10:45:00+00:00,98563.4,True,loser,2025-02-21 15:15:00+00:00,97774.89279999999,stop_loss,18,100.0,-0.008000000000000075,0.07968,-0.8000000000000075,-0.8796800000000075,3,0.5042321644498011,0.64268440145098,0.992171800485856,1.4158807042084438,0.0002701090014126979,0.009280410801466401,0.00039061152517060087,0.6194865553021162,57.96784903022861,193.7642857142855
2025-02-21 11:15:00+00:00,98721.1,False,not_opened,,,,,,,,,,7,0.7028862478777589,0.9572156196944269,1.6290518862706025,1.4134949678650057,0.00037741297075266384,0.009594340965970873,0.0009987733118857652,0.9739445363565742,75.70670609724276,204.29999999999978
2025-02-21 12:15:00+00:00,98806.1,False,not_opened,,,,,,,,,,6,0.8685095255883546,0.8685095255883546,1.3877297115160088,1.3543961502907123,0.0003644092736295442,0.010076430760421348,0.00038560372284713007,1.0727899410220867,73.84167723643951,223.95714285714243
2025-02-21 12:45:00+00:00,98861.4,False,not_opened,,,,,,,,,,4,0.6641137855579444,0.6646608315098362,0.9449225918172286,1.1179182125737155,0.0003574833472593563,0.01042712495972927,0.00012441660749279657,1.3917231776265695,69.88874440109741,195.3142857142853
2025-02-21 13:00:00+00:00,99273.0,False,not_opened,,,,,,,,,,7,0.6655886157826806,0.8528460543337631,2.8207174949255025,1.1870469286531808,0.0007169670070690522,0.01092263030600417,0.003528653309560534,4.5360239141578615,83.49984862246384,213.3428571428563
2025-02-21 15:00:00+00:00,99150.6,False,not_opened,,,,,,,,,,5,0.5806223479490806,0.8594059405940676,2.438687868648892,1.4768784941111148,0.0003492883051689269,0.01202584483192271,6.0514005967268045e-06,1.8808858606952379,60.189001290537426,334.17857142857247
2025-02-24 00:00:00+00:00,96407.5,True,loser,2025-02-24 03:00:00+00:00,95636.24,stop_loss,12,100.0,-0.007999999999999946,0.07968,-0.7999999999999946,-0.8796799999999946,6,0.6026131293818128,0.8425748884640025,1.9833143723927824,1.47166582202761,0.0006079149299852362,-0.004215345301568123,0.001218784845577367,2.591902997541424,68.72196139801767,189.79285714285757
2025-02-28 15:15:00+00:00,84256.7,True,loser,2025-02-28 16:00:00+00:00,83582.6464,stop_loss,3,100.0,-0.007999999999999991,0.07968,-0.7999999999999992,-0.8796799999999991,6,0.8622272254935873,0.9771388985105571,1.7643733480007975,1.2667730919425515,0.0034442461156945245,-0.027619559862900732,0.0113545866382139,2.9734285456733347,84.32055749128918,753.2857142857154
2025-02-28 16:30:00+00:00,84632.9,True,loser,2025-02-28 17:00:00+00:00,83955.83679999999,stop_loss,2,100.0,-0.008000000000000049,0.07968,-0.8000000000000049,-0.8796800000000049,6,0.7912287334593529,0.8071077504725854,1.8279198341395992,1.3227394348045272,0.0027128729703202177,-0.016284423408063985,0.0053158996087809135,1.5392844622222934,77.68830506695461,828.4071428571436
2025-03-01 02:30:00+00:00,85445.5,True,winner,2025-03-01 04:30:00+00:00,86470.846,take_profit,8,100.0,0.012000000000000057,0.08048,1.2000000000000057,1.1195200000000058,7,0.7502283939338638,0.9844692124977161,1.5446271078811908,0.9536832760503938,0.0012877286933796984,0.005035331179865795,0.004792528570843403,3.786550318212046,74.14936075221557,361.41428571428696
2025-03-01 04:00:00+00:00,85844.3,False,not_opened,,,,,,,,,,7,0.8895184135977169,0.9252439408246784,1.6820203303685053,1.1936526976035216,0.0012879507209345577,0.00873892740358118,0.004447587084989952,2.182856297052945,75.7136438520296,426.4857142857155
2025-03-01 04:15:00+00:00,85919.9,False,not_opened,,,,,,,,,,4,0.39633507853401617,0.8895287958114878,0.503446367146828,1.156530548363453,0.0012480624026338274,0.009762027946993919,0.000327048797775501,1.1443133678567687,83.87460532250783,413.0214285714298
2025-03-01 04:30:00+00:00,86499.9,False,not_opened,,,,,,,,,,7,0.8703675918979614,0.9750937734433521,1.6780382184848526,1.2399290696205783,0.0017602192326966102,0.011176403931236248,0.006461279145987385,2.8826333641407427,85.86996414556333,445.2642857142876
2025-03-01 16:00:00+00:00,84899.6,True,winner,2025-03-01 21:45:00+00:00,85918.39520000001,take_profit,23,100.0,0.01200000000000009,0.08048,1.200000000000009,1.119520000000009,5,0.5425891181988961,0.9290806754221607,1.000619520528658,1.0007597037155556,0.0002449411251802594,0.0037051906376908738,0.0009952932640436467,0.9856716640826284,59.363461822478556,286.04285714285754
2025-03-02 09:30:00+00:00,86000.3,True,loser,2025-03-02 14:15:00+00:00,85312.2976,stop_loss,19,100.0,-0.007999999999999972,0.07968,-0.7999999999999972,-0.8796799999999971,6,0.8502480829950495,0.8506991429860545,1.0022150897337314,1.0009308520701972,9.232021117874948e-05,0.009689395944850536,0.0011965074540438664,1.252603514899278,51.19928766208485,236.1785714285704
2025-03-02 15:15:00+00:00,86376.8,True,winner,2025-03-02 15:30:00+00:00,87413.32160000001,take_profit,1,100.0,0.012000000000000084,0.08048,1.2000000000000084,1.1195200000000085,5,0.5612769866789199,0.5814423518603596,6.489693103396874,2.0194985831029646,0.0008447976700996115,0.005308588998422933,0.009048726046808932,6.720499793365381,56.04871249358081,416.1357142857149
2025-03-02 15:30:00+00:00,88031.4,False,not_opened,,,,,,,,,,7,0.7021556479674077,0.7400492234575218,5.292400287459577,2.514292998502188,0.0025400284489520736,0.007431634439404656,0.008444714045215618,8.419819093411357,77.68691873947316,563.5428571428586
2025-03-02 16:15:00+00:00,88928.0,True,winner,2025-03-02 16:30:00+00:00,89995.136,take_profit,1,100.0,0.011999999999999985,0.08048,1.1999999999999984,1.1195199999999983,5,0.584851527757851,0.5897288767752107,2.2961700305508166,2.621144305978032,0.002873379911200292,0.013066512392800086,0.003193594818279957,3.534770702356617,74.48365241071578,791.221428571429
2025-03-02 16:30:00+00:00,91531.8,False,not_opened,,,,,,,,,,7,0.8755800659089382,0.9098123612885881,3.9789931426660017,2.9000884725474867,0.005235003232351072,0.017256556123166344,0.022197749853056566,4.660309667868638,82.8282242730604,995.0928571428574
2025-03-02 17:15:00+00:00,92643.9,True,winner,2025-03-02 17:30:00+00:00,93755.6268,take_profit,1,100.0,0.012000000000000044,0.08048000000000001,1.2000000000000044,1.1195200000000043,7,0.8061278795711988,0.8144909906485196,1.440059559978748,2.496440949713115,0.005001288179058052,0.02863427313661795,0.007555813172804686,1.74567553297828,84.20199917519298,1220.6214285714263
2025-03-02 17:30:00+00:00,94529.8,False,not_opened,,,,,,,,,,7,0.9894018887722995,0.9998950682056679,1.896866587381758,2.428142288156549,0.006334731026469496,0.03345666967641709,0.017369125926427524,2.506327195003249,87.67274830080207,1328.7999999999977
2025-03-03 02:45:00+00:00,93255.6,True,loser,2025-03-03 03:15:00+00:00,92509.5552,stop_loss,2,100.0,-0.008000000000000035,0.07968,-0.8000000000000035,-0.8796800000000035,4,0.5923381770145618,0.6404227212681869,0.7003163912890664,1.0430346516733786,1.9428397771295568e-05,0.054867938999642665,0.0005962108441745677,0.7243755490669878,38.52909729647179,550.5714285714255
2025-03-03 10:30:00+00:00,92318.1,True,winner,2025-03-03 13:30:00+00:00,93425.91720000001,take_profit,12,100.0,0.012000000000000052,0.08048,1.2000000000000053,1.1195200000000054,6,0.6084008287813214,0.7121868525146167,0.9914654415746811,1.086819036577798,0.0002539104083459578,0.031020607719790427,0.00165839634914503,0.8107002981529576,58.09489315465429,507.5642857142853
2025-03-03 10:45:00+00:00,92505.0,False,not_opened,,,,,,,,,,4,0.5199330917201046,0.8982436576526337,0.6581711758823426,1.0557082222240601,0.00042168634534857586,0.03102752314367331,0.000368628722771805,0.5168495364923792,59.25143277943195,500.38571428571385
2025-03-03 11:00:00+00:00,92675.1,False,not_opened,,,,,,,,,,4,0.3233282674772293,0.5955547112462072,0.9564996184176958,1.0540364583333273,0.0005556297071591331,0.03115998777615823,0.0014415954231504018,1.1853050322189684,59.216176376338055,508.8285714285698
2025-03-04 21:15:00+00:00,88717.7,True,loser,2025-03-04 21:30:00+00:00,88007.9584,stop_loss,1,100.0,-0.007999999999999933,0.07968,-0.7999999999999933,-0.8796799999999932,7,0.8580709909148545,0.8873336150433112,2.100871109138318,0.971704165321545,0.002502449284981579,0.0014541553793272297,0.0032778126574517026,1.448961889408769,70.1000048311513,923.4142857142859
2025-03-05 10:15:00+00:00,89561.1,True,winner,2025-03-05 12:15:00+00:00,90635.83320000001,take_profit,8,100.0,0.012000000000000025,0.08048,1.2000000000000024,1.1195200000000023,7,0.9789154086193932,0.9789997469849083,3.409290222407515,1.2509223470523103,0.0018520947992198313,0.012158143893276636,0.008796229613079817,4.5370303665713285,89.40377583762411,386.2857142857153
2025-03-05 10:30:00+00:00,89937.7,False,not_opened,,,,,,,,,,5,0.3341617111919774,0.3899884618798219,2.866702287357195,1.4431360279019847,0.0020674826404574187,0.013838240579993473,0.00391048470218826,5.693224540592477,90.69066115973382,448.05714285714413
2025-03-05 12:00:00+00:00,90192.2,False,not_opened,,,,,,,,,,5,0.5797790518808389,0.5849531534051174,1.5541091201495296,1.5791236460852371,0.0014614007455823583,0.020428216379439486,0.0011608542645594308,1.4475638355749905,83.24093096558158,565.778571428572
2025-03-05 16:45:00+00:00,88878.2,True,winner,2025-03-05 17:15:00+00:00,89944.7384,take_profit,2,100.0,0.012000000000000056,0.08048,1.2000000000000055,1.1195200000000054,7,0.6244800492990286,0.7303959328300718,1.6426049877899032,1.2427926081446885,0.00014614513515818798,0.014851205847328398,0.005380396992738345,1.1244712008642752,41.96760758907903,853.2357142857145
2025-03-05 17:15:00+00:00,89999.5,False,not_opened,,,,,,,,,,7,0.9075588843993267,0.9357445550409015,1.2650463467999773,1.2009594209810215,0.001284503761859732,0.015829950891857642,0.007545597475541595,0.9402173109825316,55.20082203634267,856.2000000000013
2025-03-06 01:45:00+00:00,91003.6,True,winner,2025-03-06 04:30:00+00:00,92095.6432,take_profit,11,100.0,0.012,0.08048,1.2,1.11952,5,0.28494838761303243,0.3027926702408655,2.9283781092195618,1.039376952328333,0.0007933478637517795,0.022777514047480133,0.0036130438795828174,5.762465970205011,67.23687336659566,428.6357142857149
2025-03-06 04:30:00+00:00,92084.0,False,not_opened,,,,,,,,,,7,0.7091460200316339,0.7241697416974142,1.5938665126293188,1.1698757361983043,0.001010392806422164,0.02829603921464882,0.002595456322488163,1.5335482032023702,74.27744836870905,516.4500000000002
2025-03-06 15:00:00+00:00,90593.9,True,loser,2025-03-06 16:45:00+00:00,89869.1488,stop_loss,7,100.0,-0.007999999999999986,0.07968,-0.7999999999999987,-0.8796799999999987,5,0.5490366024401595,0.672378158543899,2.5615889741860163,1.5803493302820248,0.00027496852398031096,0.01032381497982643,0.002692234245351996,2.56488799489074,41.42047930283218,670.8357142857151
2025-03-07 13:00:00+00:00,89410.0,True,loser,2025-03-07 14:30:00+00:00,88694.72,stop_loss,6,100.0,-0.007999999999999986,0.07968,-0.7999999999999987,-0.8796799999999987,4,0.461869201176732,0.5380176510522725,2.0890160020800495,1.1170714471351904,0.0006600204995762011,-0.0010092115450584947,0.001298512470640933,2.0233758197647673,60.32784301363379,409.86428571428405
2025-03-07 13:30:00+00:00,90051.4,False,not_opened,,,,,,,,,,6,0.5215384615384615,0.8087692307692262,2.647765693103595,1.295137466510342,0.0012184698594440444,0.0006003454810914957,0.0025885216665148046,4.327721355162746,67.84393491124251,491.17857142857036
2025-03-07 14:45:00+00:00,90411.7,True,loser,2025-03-07 15:15:00+00:00,89688.40639999999,stop_loss,2,100.0,-0.00800000000000005,0.07968,-0.800000000000005,-0.879680000000005,5,0.3827190430003242,0.4372777238926619,1.9197020830908833,1.741636900821174,0.0013408159832813613,0.003033247282394878,0.0012354595699450082,3.5861690230537273,62.282499280989285,793.9071428571436
2025-03-11 11:30:00+00:00,81947.9,True,loser,2025-03-11 12:00:00+00:00,81292.3168,stop_loss,2,100.0,-0.007999999999999922,0.07968,-0.7999999999999923,-0.8796799999999922,4,0.4083438685208597,0.7127686472819069,1.1615612793327235,1.0268102953715745,0.000947597438764778,-0.003788887143004973,0.0006333292250319311,1.511720574120079,79.34635950227323,349.6571428571447
2025-03-12 01:30:00+00:00,83298.5,True,loser,2025-03-12 02:15:00+00:00,82632.112,stop_loss,3,100.0,-0.008000000000000075,0.07968,-0.8000000000000075,-0.8796800000000075,5,0.566905867454631,0.6169269734065029,1.5031725888324932,0.9035618262870404,0.0005685831881174288,0.012443957441190248,0.0012953414527271702,1.9177511973286923,53.004451038575496,324.66428571428594
2025-03-12 08:00:00+00:00,82673.0,True,loser,2025-03-12 08:15:00+00:00,82011.616,stop_loss,1,100.0,-0.008000000000000068,0.07968,-0.8000000000000067,-0.8796800000000067,6,0.573673036093412,0.732484076433121,1.400930979610659,1.039635245024047,0.0008396671966487681,0.001775930009625902,0.0020925816167309762,1.9446426444109581,71.50087758684033,355.4642857142847
2025-03-12 17:00:00+00:00,82416.9,True,loser,2025-03-12 17:45:00+00:00,81757.5648,stop_loss,3,100.0,-0.008000000000000018,0.07968,-0.8000000000000017,-0.8796800000000017,6,0.7413844770752063,0.8455199280791029,0.9789153313043095,1.1506638585764288,0.00036889785333471504,0.0011123310727011915,0.0020505503118899157,0.5682682110796777,39.90928369462769,675.335714285713
2025-03-13 01:45:00+00:00,83880.8,True,loser,2025-03-13 04:45:00+00:00,83209.7536,stop_loss,12,100.0,-0.008000000000000078,0.07968,-0.8000000000000078,-0.8796800000000078,4,0.40162872478252604,0.4105126781417763,1.8147314681087061,1.0816935046756928,0.0005324021076163741,0.012901278801275564,0.0003862624104682923,2.2835808315724404,62.38188522701056,315.74285714285463
2025-03-13 09:00:00+00:00,83129.9,True,loser,2025-03-13 12:45:00+00:00,82464.8608,stop_loss,15,100.0,-0.007999999999999991,0.07968,-0.7999999999999992,-0.8796799999999991,4,0.6355441081776899,0.6374758531873673,1.079521757264028,1.0933919666838299,5.655229653821597e-06,0.0062354641919499165,0.0004968128194547132,1.412661318136549,51.700772462393026,294.99285714285674
2025-03-14 02:45:00+00:00,82195.7,True,winner,2025-03-14 08:45:00+00:00,82562.3,max_holding,24,100.0,0.0044600873281693066,0.08017840349312677,0.44600873281693065,0.3658303293238039,6,0.7893132872815976,0.8917106867127118,1.7397144068994728,1.072218462599535,0.0009727080842294801,-0.007030750446028278,0.0031960309359248366,2.893884485720344,76.8234459938551,295.3785714285706
2025-03-14 08:15:00+00:00,82429.3,False,not_opened,,,,,,,,,,3,0.5463397042913755,0.5467003245582555,1.3470974010201744,0.9897555026609016,0.0005395438134387105,-8.111497906315518e-05,5.2165916731100597e-05,2.0618768017808535,63.6133656582694,222.31428571428634
2025-03-14 08:45:00+00:00,82562.3,False,not_opened,,,,,,,,,,4,0.6173434273915712,0.6180316586373098,0.7005448146184032,1.0304775271687479,0.00058962944691922,0.000924937749088286,8.84180794382292e-05,1.415410585022263,67.40053200520703,224.45714285714348
2025-03-14 09:15:00+00:00,82849.9,True,winner,2025-03-14 13:45:00+00:00,83844.09879999999,take_profit,18,100.0,0.01199999999999998,0.08048,1.199999999999998,1.1195199999999979,7,0.7768106931924043,0.844264843021429,1.482693459925319,1.0814204329154746,0.0008074679551016501,0.002136346883363639,0.001459265490966123,1.6391725486100215,69.51090408638572,231.31428571428737
2025-03-14 10:15:00+00:00,82927.1,False,not_opened,,,,,,,,,,6,0.8490172721858349,0.8490172721858349,1.4782857520195571,1.1008358676635126,0.0006643033699974682,0.004064217406017857,0.0004932042721861579,1.6679328240312947,75.62761506276159,234.37857142857163
2025-03-14 10:30:00+00:00,82980.0,False,not_opened,,,,,,,,,,3,0.23229212494501644,0.6722393312802506,0.9949442997526948,1.1204151393543695,0.0006613677925191515,0.004613481926535481,2.6512412629514216e-05,1.1676722758475933,77.15939207096149,239.50714285714326
2025-03-14 12:00:00+00:00,83370.0,False,not_opened,,,,,,,,,,5,0.43133711925660384,0.9401135776974769,1.5844904803778999,1.0483974414807569,0.0007369991373651889,0.007760563742265342,0.00047978889288712967,1.439737227577157,83.00360373611869,236.43571428571366
2025-03-14 15:00:00+00:00,84220.5,True,winner,2025-03-14 15:30:00+00:00,85231.14600000001,take_profit,2,100.0,0.012000000000000096,0.08048000000000001,1.2000000000000095,1.1195200000000094,7,0.7430769230769231,0.7431794871794931,2.401448258026382,1.6691445505034739,0.0012896649426619876,0.01086254182772876,0.008601231291668824,2.916257191192348,65.42757850316491,473.13571428571385
2025-03-14 15:15:00+00:00,84899.8,False,not_opened,,,,,,,,,,7,0.9309399835571472,0.9309399835571472,1.7143326951762456,1.7152078284263503,0.0019195223297772382,0.012387383530528352,0.005051837577944927,2.1443486437716763,71.87532226461799,509.8142857142853
2025-03-14 15:30:00+00:00,85075.7,False,not_opened,,,,,,,,,,4,0.4238841978287023,0.5307599517490953,0.9527312010848966,1.6463245795145276,0.001930031375406801,0.013967155345298334,0.0014751568309164663,1.818427196938821,71.9382636655949,511.75
2025-03-15 02:45:00+00:00,84505.4,True,loser,2025-03-15 07:30:00+00:00,83829.3568,stop_loss,19,100.0,-0.008000000000000002,0.07968,-0.8000000000000002,-0.8796800000000001,4,0.6515088879702152,0.6515088879702152,1.2401630309399503,1.0167092998048994,0.00030037710508882393,0.01446360219494201,0.00023667126597826885,1.8415706566961023,58.54649772890279,209.37857142857268
2025-03-15 03:15:00+00:00,84596.3,False,not_opened,,,,,,,,,,5,0.6370629370629778,0.8048951048951456,0.7526513855627706,0.9909143755247956,0.0003479789312527623,0.014714086344365962,7.801759651433716e-05,1.0414587521965348,72.10586571486303,197.25000000000207
2025-03-15 04:30:00+00:00,84498.5,False,not_opened,,,,,,,,,,5,0.6401564537157722,0.9065623641894852,1.2113714135298976,1.060843427680502,0.00018322229831951013,0.014374799203062031,4.3787759545993e-05,0.9360798718206051,52.76875124345122,202.17857142857352
2025-03-15 11:30:00+00:00,84050.1,True,winner,2025-03-15 17:30:00+00:00,84388.6,max_holding,24,100.0,0.004027359872266659,0.08016109439489066,0.402735987226666,0.3225748928317753,5,0.5569782330345815,0.7516005121639624,0.9003919760202647,1.0431491059324212,0.00014603631344702666,0.007035130300624115,0.0009934550940450993,1.1876348514743982,61.59722222222245,167.90714285714472
2025-03-16 03:30:00+00:00,84184.2,True,loser,2025-03-16 09:30:00+00:00,83781.3,max_holding,24,100.0,-0.004785933702523682,0.07980856265189905,-0.4785933702523682,-0.5584019329042672,6,0.7311036789297853,0.8949832775919927,1.0291181937082643,1.378427454361911,0.00011265389919981355,0.004023345243932587,0.0011902471009999156,1.047057220554225,45.402014198447866,167.278571428571
2025-03-16 03:45:00+00:00,84295.9,False,not_opened,,,,,,,,,,6,0.5098128708352082,0.720675490643496,1.4436318112934388,1.4213473360801925,0.00022798933464434473,0.004182203248150161,0.001138845424273304,1.4523501989642325,52.607727778660745,177.778571428571
2025-03-16 16:00:00+00:00,84115.6,True,loser,2025-03-16 16:45:00+00:00,83442.67520000001,stop_loss,3,100.0,-0.00799999999999992,0.07968,-0.799999999999992,-0.879679999999992,4,0.4423036205801435,0.4598771966970169,4.3548517225084415,1.3410164955746062,0.001141426156809369,-0.00564248845658629,0.00838964472701867,4.677801848693305,76.40316343239414,449.56428571428324
2025-03-17 07:45:00+00:00,83525.2,True,loser,2025-03-17 13:00:00+00:00,82856.9984,stop_loss,21,100.0,-0.008000000000000005,0.07968,-0.8000000000000005,-0.8796800000000005,4,0.6534521158129046,0.6681514476614699,0.9459402519698328,1.0068781047000346,0.00031738003638709627,-0.0021015239603035868,0.0009721616949135961,1.4608029953182475,45.35747446610959,240.9142857142849
2025-03-17 09:15:00+00:00,83717.9,False,not_opened,,,,,,,,,,4,0.8637718177948029,0.8637718177948029,0.9742239180473801,1.0548030433642002,0.0004111294905606665,-0.0007420059160478787,0.00030698333331339044,1.1589242923955518,68.74478483728706,251.2785714285731
2025-03-17 16:00:00+00:00,83706.0,True,winner,2025-03-17 19:45:00+00:00,84710.472,take_profit,15,100.0,0.011999999999999933,0.08048,1.1999999999999933,1.1195199999999934,2,0.45977777777776485,0.68,0.9282465422816317,1.2732981543157846,0.0005688956519612957,-0.0018355776591634475,0.0003703438224261104,0.9601611984683084,56.42890442890447,505.6071428571418
2025-03-19 03:00:00+00:00,82906.3,True,winner,2025-03-19 09:00:00+00:00,83396.2,max_holding,24,100.0,0.005909080492073511,0.08023636321968294,0.5909080492073511,0.5106716859876681,3,0.40341791817714334,0.4614189539099075,0.8064650851988259,1.11274806084416,0.0003264315616159174,-0.002242156696043738,0.0005584617815534273,0.813464337070114,59.85641438540012,252.48571428571242
2025-03-19 11:30:00+00:00,83964.5,True,loser,2025-03-19 17:30:00+00:00,83937.8,max_holding,24,100.0,-0.0003179915321355703,0.07998728033871458,-0.03179915321355703,-0.11178643355227161,5,0.5926389584376578,0.690285428142216,1.9347025770199484,1.2317594050619964,0.0006554179372776474,0.005741370514414472,0.0011576320945161,3.1409846664621606,77.13461212018282,217.6285714285706
2025-03-19 13:00:00+00:00,83881.6,False,not_opened,,,,,,,,,,6,0.5864361702127893,0.7676196808510855,1.30050368576927,1.3416113788374306,0.0003848469673351888,0.006797233564388614,0.0008023213672605543,1.2550070120624097,66.68478630155576,266.5642857142853
2025-03-19 15:30:00+00:00,84657.8,False,not_opened,,,,,,,,,,7,0.817013070494976,0.9100064281122772,1.4290526057933666,1.2275316374133385,0.0008611002731160204,0.010067469687476127,0.002390801556383567,1.3118196504525907,78.39878234398833,340.19285714285695
2025-03-19 18:45:00+00:00,85576.0,True,loser,2025-03-19 19:15:00+00:00,84891.39199999999,stop_loss,2,100.0,-0.008000000000000085,0.07968,-0.8000000000000086,-0.8796800000000086,7,0.7116215289681139,0.8101474117243783,3.0454255974442175,1.5175294791522653,0.0014644764342351057,0.012883600236709893,0.006277460970365489,3.6944019520638856,67.01673519629159,548.7928571428575
2025-03-20 08:45:00+00:00,86193.4,True,loser,2025-03-20 10:00:00+00:00,85503.8528,stop_loss,5,100.0,-0.00800000000000001,0.07968,-0.800000000000001,-0.879680000000001,6,0.6606683804626965,0.6606683804626965,1.365322904131582,0.9747585973233952,0.0004228211460531623,0.0168637513602212,0.0018841349801724284,3.0114396086792925,72.85001824595514,205.5
2025-03-20 13:30:00+00:00,85575.1,True,loser,2025-03-20 15:30:00+00:00,84890.4992,stop_loss,8,100.0,-0.008000000000000002,0.07968,-0.8000000000000002,-0.8796800000000001,7,0.7066890141703502,0.759408806948052,2.414421042950445,1.1788624384374198,0.00015584186648956512,0.010204657974756805,0.0026596521651742833,1.8723284745590882,51.874681897868086,289.7142857142847
2025-03-20 14:00:00+00:00,85961.1,False,not_opened,,,,,,,,,,7,0.7503056234718727,0.8132640586797135,2.124020188578229,1.1379286988327182,0.0005657350446310532,0.010485612941696597,0.001448329535103669,2.1647121307590296,67.52696844439983,288.0
2025-03-20 14:15:00+00:00,86299.9,False,not_opened,,,,,,,,,,6,0.5095503083170271,0.7140923447134795,1.997116510978269,1.2320147478034618,0.0008837360172164482,0.011131928586603855,0.0025098522709758792,2.3700640443075627,76.55188141391079,319.3571428571418
2025-03-22 09:30:00+00:00,84438.5,True,loser,2025-03-22 15:30:00+00:00,84000.4,max_holding,24,100.0,-0.005188391551247427,0.0797924643379501,-0.5188391551247427,-0.5986316194626927,6,0.6694756554306933,0.6699438202247281,2.234309623431057,1.0709108197845862,0.00022658912896352787,0.00014290929316762135,0.00084558584058213,3.6106038527013915,58.50542267122336,98.14285714285714
2025-03-23 02:30:00+00:00,84178.5,True,winner,2025-03-23 08:30:00+00:00,84289.9,max_holding,24,100.0,0.0013233782973086261,0.08005293513189235,0.1323378297308626,0.05228489459897026,6,0.6915708812260465,0.7158365261813643,1.5073635576090636,1.0771269902521716,0.0002143102171168493,-0.0018261910433592455,0.001229530105668312,1.7284538206999756,70.52029864675643,114.64285714285818
2025-03-23 10:30:00+00:00,84470.8,True,winner,2025-03-23 16:30:00+00:00,85061.2,max_holding,24,100.0,0.006989397519616177,0.08027957590078465,0.6989397519616177,0.6186601760608331,7,0.9466591802359017,0.9882088714205987,3.5662795354425016,0.9924439084547454,0.00026412467485944753,0.0010055306045713684,0.001891777987186139,2.7780608090727528,80.67890691716327,52.0214285714267
2025-03-23 11:00:00+00:00,84650.0,False,not_opened,,,,,,,,,,5,0.5426129426129355,0.5428571428571499,5.881085738905804,1.5367972777750734,0.0004219858736246472,0.0015298632385276384,0.002092144122858899,6.711096547683432,79.26109903756412,80.1642857142828
2025-03-23 11:15:00+00:00,84876.8,False,not_opened,,,,,,,,,,4,0.5940282870612917,0.612362493452072,4.467064467064593,1.906857788615934,0.0006352630433556397,0.0020794857123683807,0.0004665585884482664,4.783154983557191,89.06872810725807,103.04999999999771
2025-03-23 13:15:00+00:00,84920.1,False,not_opened,,,,,,,,,,7,0.8540650406504302,0.8544715447154945,1.842420611144442,1.9218008350134181,0.0004436504032414559,0.003931292782082621,0.00155557989215752,1.34341684666374,74.88224847502056,172.94285714285277
2025-03-23 13:45:00+00:00,85036.7,False,not_opened,,,,,,,,,,6,0.8310554290053114,0.8545937737281558,1.756585528509507,1.926206490322054,0.0005041711659737874,0.004553475114243586,0.00043275432842529064,1.086397849745876,73.21405993172291,200.87857142856643
2025-03-23 16:00:00+00:00,85271.1,False,not_opened,,,,,,,,,,5,0.4151770657673046,0.865430016863426,1.4809819934567208,1.1692468482592053,0.0004807931315807483,0.006705069369448309,0.0004620557257970019,0.9795082567540373,71.2661498708008,198.17857142856934
2025-03-23 23:15:00+00:00,85703.9,True,winner,2025-03-24 04:00:00+00:00,86732.3468,take_profit,19,100.0,0.012000000000000061,0.08048,1.2000000000000062,1.1195200000000063,7,0.8436823104693035,0.8436823104693035,1.6851711026616194,1.1147955087929504,0.0006092217806173954,0.00809559682617418,0.0018085524696075676,1.6784453153624146,72.06128800574601,185.98571428571137
2025-03-23 23:45:00+00:00,86044.2,False,not_opened,,,,,,,,,,7,0.8253515386183052,0.8640717342571888,2.6206307244519405,1.3133845670862525,0.0008802146571064304,0.009115435273412483,0.0025207974506125247,3.856475465140533,72.556410388806,218.14285714285506
2025-03-24 00:15:00+00:00,86382.4,False,not_opened,,,,,,,,,,7,0.9770267285177627,0.9770267285177627,2.189283296256905,1.4576382073928653,0.0011015195546688185,0.010487951208007775,0.0031430013521272855,2.576896023504091,78.12195432009848,246.67142857142608
2025-03-24 02:45:00+00:00,85836.4,False,not_opened,,,,,,,,,,4,0.5741965973534814,0.5741965973534814,0.7776409841789262,1.1967181869889163,0.00023709112534674352,0.011157907754679909,0.0005976485500322516,0.9052561274845753,53.03217538560122,284.79285714285754
2025-03-24 03:00:00+00:00,86172.0,False,not_opened,,,,,,,,,,7,0.921978021978038,0.9233516483516644,1.3078470824949746,1.1942137114932725,0.0005845838360723288,0.011527369217571456,0.0028489532562781415,1.0745231404398232,60.8477889078917,293.60000000000065
2025-03-24 03:15:00+00:00,86342.4,False,not_opened,,,,,,,,,,5,0.39471855455176125,0.6395645123928495,1.5211416490486194,1.1449548958875098,0.0007158213545132862,0.01203117974014437,0.0016504058261062932,1.6771057225698738,56.71258779038361,289.3857142857149
2025-03-24 13:45:00+00:00,87652.3,True,winner,2025-03-24 14:15:00+00:00,88704.1276,take_profit,2,100.0,0.012000000000000049,0.08048000000000001,1.2000000000000048,1.1195200000000047,7,0.656590909090929,0.962727272727286,1.7977160834303885,1.094763496282779,0.000369662055832882,0.020342408488464275,0.0007689473065739146,1.5780801004597809,57.440882529626975,260.64285714285404
2025-03-24 14:00:00+00:00,88307.7,False,not_opened,,,,,,,,,,7,0.8781827928169464,0.9644867327794155,2.7932396264201236,1.2023079353158164,0.001038809730561166,0.020920799284770995,0.007236062087451038,3.9381046173889795,65.18028685045347,288.15714285713955
2025-03-24 16:00:00+00:00,88372.7,True,loser,2025-03-24 16:30:00+00:00,87665.7184,stop_loss,2,100.0,-0.00799999999999999,0.07968,-0.799999999999999,-0.879679999999999,4,0.40788267644363513,0.6516956920256599,0.6605915654990725,1.3248459679341027,0.0006603110727773438,0.023029916909017848,0.0005374963082490407,0.9792632876993732,72.6722614840986,375.29999999999774
2025-03-24 17:15:00+00:00,88366.7,True,loser,2025-03-24 22:15:00+00:00,87659.7664,stop_loss,20,100.0,-0.008000000000000045,0.07968,-0.8000000000000045,-0.8796800000000045,6,0.8346951602764976,0.9626021370207156,0.8709575880332648,1.236348355737702,0.000534596467508875,0.022908294316012868,0.002113918478340856,0.4279464753430105,63.08233225900958,407.6999999999981
2025-03-25 11:15:00+00:00,87284.6,True,winner,2025-03-25 17:15:00+00:00,87877.8,max_holding,24,100.0,0.006796158772566948,0.08027184635090268,0.6796158772566948,0.5993440309057921,6,0.7342937174870119,0.7823129251700862,1.1292108176498294,1.0690479954712617,0.0004561386672718415,0.004361173096609568,0.0005304486702121899,0.6772823325291804,80.46096345514954,224.5928571428563
2025-03-25 11:30:00+00:00,87435.7,False,not_opened,,,,,,,,,,6,0.6561007381675613,0.9465914025184422,1.0527037527997622,1.0971110858110038,0.0005765672271870665,0.004826645529968827,0.0011059555764978961,1.2487305412999596,81.58392589209986,230.5857142857141
2025-03-25 13:00:00+00:00,87315.7,False,not_opened,,,,,,,,,,6,0.7932846715328382,0.8826277372262858,1.4294956071704352,1.0897079525467663,0.0002976358106345628,0.005666210832162771,0.00037450309623580973,0.9759091051926666,58.41838414433389,239.4142857142859
2025-03-25 13:15:00+00:00,87638.9,False,not_opened,,,,,,,,,,7,0.8837845228329222,0.8837845228329222,1.501508899427225,1.0966451770797838,0.0006195212094944128,0.0061439374674895925,0.0032291596539892674,2.491475764136195,63.48444547241805,243.25
2025-03-25 14:30:00+00:00,88103.9,False,not_opened,,,,,,,,,,7,0.7040880503144471,0.8709119496855254,1.9211309299059094,1.4828252157313662,0.0009163624180606088,0.007958355537535367,0.002773997518838487,2.0836167649918784,69.14588980947659,379.5142857142845
2025-03-26 07:15:00+00:00,87966.1,True,loser,2025-03-26 13:15:00+00:00,87440.1,max_holding,24,100.0,-0.005979576223113221,0.07976081695107548,-0.5979576223113221,-0.6777184392623976,6,0.5540588443814239,0.781283232896151,1.5031304116158561,1.0226446828184286,0.0004969546794968562,0.004943417999826319,0.0005740847894814024,1.3101731962345422,79.40051463940421,191.96428571428572
2025-03-26 07:30:00+00:00,88167.8,False,not_opened,,,,,,,,,,6,0.5878752550276952,0.7015447391431163,1.7399462447385379,1.054956595190939,0.0006664716573503017,0.0054798736036988675,0.00158788128999476,3.628097006352943,80.50289626118968,198.04285714285652
2025-03-26 20:15:00+00:00,87173.4,True,winner,2025-03-27 02:15:00+00:00,87548.8,max_holding,24,100.0,0.004306359508749329,0.08017225438034997,0.4306359508749329,0.3504636964945829,6,0.6055327868852459,0.7510245901639344,1.3569313331572348,0.9325295831682883,0.000620246218137945,-0.005406957312815452,0.002302307814080868,1.4500071538337216,63.54664844758207,353.9785714285691
2025-03-27 14:45:00+00:00,87240.0,True,loser,2025-03-27 20:45:00+00:00,87268.2,max_holding,24,100.0,0.000323246217331466,0.08001292984869326,0.0323246217331466,-0.04768830811554667,5,0.5414168332222992,0.9387075283144445,1.3294951284322467,1.6900699875608407,0.0004872690280247872,-0.0033835036414181278,0.000865428702430078,1.2281115934148719,56.983704689058925,393.5285714285731
2025-03-27 15:00:00+00:00,87335.3,False,not_opened,,,,,,,,,,4,0.32141652613828975,0.897133220910624,0.863261176539092,1.6238249632618806,0.000544304891112869,-0.0028587443912443306,0.0007751733835001092,0.948570841667755,59.53705583756345,397.8000000000008
2025-03-28 00:45:00+00:00,87307.4,True,loser,2025-03-28 04:30:00+00:00,86608.9408,stop_loss,15,100.0,-0.007999999999999972,0.07968,-0.7999999999999972,-0.8796799999999971,6,0.5141968105795471,0.7790742901594522,1.3326422184786333,0.9909885971298859,0.00014050670086635225,0.000580065095600883,0.0011236160966881534,1.247319266616414,49.217621569571484,199.79285714285757
2025-03-28 01:30:00+00:00,87465.3,False,not_opened,,,,,,,,,,7,0.8622177112407965,0.9880740928698376,2.002133712660064,1.020895325968545,0.0003129871416834108,0.0007111310110265466,0.0011558869631728905,1.8572300461268358,52.79885057471297,199.47857142857123
2025-03-31 12:45:00+00:00,82735.8,True,loser,2025-03-31 13:30:00+00:00,82073.9136,stop_loss,3,100.0,-0.008000000000000037,0.07968,-0.8000000000000037,-0.8796800000000037,4,0.3331733077292448,0.4632741238598192,2.730192017825527,1.2210443822871073,0.0008843445279151222,-0.007906483322699734,0.0028862958960933827,4.210078677143701,78.86802795669523,313.8428571428584
2025-03-31 14:00:00+00:00,83287.5,True,loser,2025-03-31 17:45:00+00:00,82621.2,stop_loss,15,100.0,-0.008000000000000035,0.07968,-0.8000000000000035,-0.8796800000000035,6,0.8688421052631518,0.881578947368421,2.320525660128479,1.5940826967382073,0.0013091283403484115,-0.005236381573287748,0.006579618790334684,2.6393506397034634,67.67834635744916,469.51428571428653
2025-04-01 02:00:00+00:00,82813.4,True,winner,2025-04-01 08:00:00+00:00,83658.4,max_holding,24,100.0,0.010203662692269608,0.08040814650769079,1.0203662692269608,0.93995812271927,5,0.700589970501495,0.9995083579154089,0.8742558724291154,1.0126762468060202,0.00026583314078246716,-0.0015270770583639612,0.0012461751359079218,0.6077845553307683,65.29734189897988,254.07142857142648
2025-04-01 02:15:00+00:00,82852.0,False,not_opened,,,,,,,,,,2,0.2131419105466846,0.2131419105466846,0.7912097514090037,1.0380532221349241,0.000284774214834513,-0.001256156204518846,0.00046468401486988845,1.5600477454142183,64.47233452000204,257.64999999999833
2025-04-01 08:00:00+00:00,83658.4,False,not_opened,,,,,,,,,,7,0.9177358490565928,0.9713207547169591,1.4610210607564265,1.0386823831589989,0.0005510476003035843,0.004741134263440737,0.0011164449714552774,1.6652596641045172,66.94220171728747,189.4857142857145
2025-04-01 08:15:00+00:00,83892.6,True,loser,2025-04-01 14:00:00+00:00,83221.45920000001,stop_loss,23,100.0,-0.007999999999999924,0.07968,-0.7999999999999924,-0.8796799999999924,6,0.6853965466784128,0.6856892010535701,1.8030235073740766,1.1277470774727334,0.000763047862181422,0.005364181283357567,0.002701072561823162,3.5348859413913,75.65664931377157,205.17142857142815
2025-04-01 09:30:00+00:00,84295.6,False,not_opened,,,,,,,,,,5,0.6152551878856414,0.7885586090858302,0.8762316632675777,1.160327569135211,0.0008423658870668618,0.008584599325282043,0.00010202193234291968,1.2247923908878924,92.18117408906777,218.04999999999876
2025-04-01 10:15:00+00:00,84378.6,False,not_opened,,,,,,,,,,3,0.5720640569395202,0.5720640569395202,1.0665907527341045,1.1024511589739,0.0007199758385810995,0.010218211645228067,0.00023228638541058775,1.4768764636272393,85.89618755149333,213.99285714285568
2025-04-01 14:45:00+00:00,84147.3,True,winner,2025-04-01 15:15:00+00:00,85157.06760000001,take_profit,2,100.0,0.012000000000000077,0.08048000000000001,1.2000000000000077,1.1195200000000076,7,0.7157749175619663,0.8032124242101917,2.5523654381321004,1.6851075817868177,0.0006000426817188073,0.007083397957767213,0.005508198124003979,2.6497165463477463,51.99231038098568,427.250000000001
2025-04-01 15:00:00+00:00,84865.8,False,not_opened,,,,,,,,,,7,0.963519313304744,0.981759656652372,1.8924578346891165,1.7462566794687069,0.0013446144829198728,0.0081576752488307,0.006286395697677981,2.292085788957394,61.37232790743271,464.75
2025-04-01 15:30:00+00:00,85287.9,True,loser,2025-04-01 21:30:00+00:00,85314.6,max_holding,24,100.0,0.00031305730355667854,0.08001252229214227,0.03130573035566785,-0.04870679193647442,7,0.993169398907079,0.9964139344262196,1.3765867418899997,1.7535805784673333,0.0015835534167956617,0.010290036553986326,0.0010306268532815814,1.284114160092111,63.45868921038854,516.7714285714299
2025-04-02 08:15:00+00:00,84513.3,True,winner,2025-04-02 13:45:00+00:00,85527.4596,take_profit,22,100.0,0.011999999999999988,0.08048,1.1999999999999988,1.1195199999999987,7,0.6037895927601711,0.8294683257918498,1.6271685610418523,1.0939753138684176,0.00020204333375748967,0.005145869155589175,0.0009726279768982762,1.1196332770080542,48.53175869773388,236.2642857142855
2025-04-02 08:30:00+00:00,84640.8,False,not_opened,,,,,,,,,,6,0.6034074775201053,0.7709417889257287,0.9886073876529456,1.0857310307491328,0.0003259891484834917,0.0053789226271971045,0.000793943346471171,1.39026032195165,58.81554386560313,234.21428571428572
2025-04-02 09:00:00+00:00,85273.2,False,not_opened,,,,,,,,,,7,0.7792254362897318,0.8185512789863711,3.3608516621472564,1.2860097321605712,0.0009732492298793493,0.006345128272178756,0.006393567967427012,3.8953291057298904,74.47173798203924,280.0428571428565
2025-04-02 13:30:00+00:00,85427.7,False,not_opened,,,,,,,,,,7,0.7914030517305549,0.9337551172311147,3.2710451031711902,1.1329833660109971,0.0007680642500517299,0.00828374821704616,0.004562922799045309,4.210907626324458,56.51590290465708,319.8857142857128
2025-04-02 15:00:00+00:00,86147.5,True,winner,2025-04-02 15:30:00+00:00,87181.27,take_profit,2,100.0,0.012000000000000049,0.08048,1.2000000000000048,1.119520000000005,5,0.47065693430656086,0.5740145985401417,1.6965944272445912,1.4750884949406948,0.00116045476397959,0.011744167271079594,0.002492237151397279,2.3090880580864908,69.20914345769826,477.58571428571094
2025-04-02 15:15:00+00:00,86509.1,False,not_opened,,,,,,,,,,6,0.777634408602163,0.8045161290322705,1.123527635155548,1.4823683740299254,0.0014436330198449147,0.012871514499742776,0.0008068515335381238,1.395026303292384,74.6926970354303,494.7928571428544
2025-04-02 15:30:00+00:00,87137.6,False,not_opened,,,,,,,,,,7,0.7997200661661849,0.8086270517877653,1.7741407528641557,1.5274235518030235,0.0019836499820887203,0.014427927704918212,0.006169552523824454,3.368494974622679,77.25439225528868,527.6642857142828
2025-04-02 20:00:00+00:00,87712.4,True,loser,2025-04-02 20:15:00+00:00,87010.70079999999,stop_loss,1,100.0,-0.008000000000000031,0.07968,-0.8000000000000032,-0.8796800000000031,6,0.39435713629261937,0.7854976564653968,4.402544987406559,1.082465691754198,0.001471898369489371,0.02102682206456801,0.008242848217583832,3.4601376965231765,60.946833047489456,506.65000000000043
2025-04-04 08:00:00+00:00,84207.1,True,loser,2025-04-04 10:15:00+00:00,83533.44320000001,stop_loss,9,100.0,-0.007999999999999964,0.07968,-0.7999999999999964,-0.8796799999999964,6,0.7694784288474138,0.7694784288474138,1.38336488141628,1.0142392336634392,0.001142641209101982,-6.343482545581166e-05,0.0026137938487372893,3.24750951880207,87.26098582311748,229.22857142857123
2025-04-04 08:15:00+00:00,84342.4,False,not_opened,,,,,,,,,,5,0.3681632653060908,0.3869387755101962,1.605294194732012,1.0964879487501757,0.0011849384169090756,0.0009984359956922864,0.0007552547710285348,2.692181199908775,90.13533107781565,246.1642857142859
2025-04-04 09:45:00+00:00,84532.3,False,not_opened,,,,,,,,,,3,0.2508674531575421,0.4659958362248587,1.12944311635379,1.2827291814006327,0.0008428320146970104,0.0057064756919218895,5.086812969720344e-05,1.0629423727334009,80.88740413118123,289.5499999999998
2025-04-04 13:45:00+00:00,83304.2,True,loser,2025-04-04 14:15:00+00:00,82637.7664,stop_loss,2,100.0,-0.008000000000000047,0.07968,-0.8000000000000047,-0.8796800000000047,5,0.7808377690349416,0.8582118336804733,2.0817073758250304,1.368424738203808,0.0005319375438467311,-0.004529556977131374,0.0001428499403390727,1.5019466815248705,54.62975436705728,656.0428571428565
2025-04-04 15:00:00+00:00,83494.0,True,loser,2025-04-04 15:30:00+00:00,82826.048,stop_loss,2,100.0,-0.008000000000000057,0.07968,-0.8000000000000057,-0.8796800000000057,6,0.8345511482254604,0.906924147529576,1.6049477512442774,1.2746028809886367,0.0008138497906541376,-0.004651519593270158,0.003603851773780082,1.9678679278335256,64.64371262959648,743.1999999999991
2025-04-04 17:30:00+00:00,84125.3,True,loser,2025-04-04 20:15:00+00:00,83452.2976,stop_loss,11,100.0,-0.00799999999999997,0.07968,-0.799999999999997,-0.879679999999997,5,0.5953314171239409,0.7711871788171799,1.5629764757133588,1.0313125460603303,0.0012365115693823959,-0.0011852346736798381,0.006481997686783915,1.4341460161464323,60.87028917133822,738.6857142857158
2025-04-04 17:45:00+00:00,84433.9,False,not_opened,,,,,,,,,,6,0.6015198752922815,0.715315666406846,0.6924607859672749,1.0185269031257889,0.0014627481930651234,0.00014077130701120008,0.0005436205126139404,0.8220757077398317,66.62285248815152,735.1214285714294
2025-04-05 09:00:00+00:00,83711.5,True,loser,2025-04-05 13:15:00+00:00,83041.808,stop_loss,17,100.0,-0.007999999999999945,0.07968,-0.7999999999999945,-0.8796799999999945,7,0.9220365950676008,0.9220365950676008,1.7968694160532412,0.952817158437884,0.00017487070625996795,0.0009768146113688912,0.0015708713856519116,1.273538749387552,51.32548488184988,142.64999999999938
2025-04-05 09:30:00+00:00,83750.0,False,not_opened,,,,,,,,,,4,0.48442622950824443,0.9778688524590402,0.8767517067912325,1.0060991323769553,0.0001890836098384279,0.0012459039659433956,0.00022567164179097528,0.6244058376025001,54.50819672131147,146.4000000000004
2025-04-05 09:45:00+00:00,83804.3,False,not_opened,,,,,,,,,,5,0.44921552436008355,0.7919075144509011,0.8793203601510706,1.0120242216673716,0.0002326731922752564,0.0014410717281990778,0.0006157201957418154,1.2273968275021638,59.4168181067239,146.0571428571441
2025-04-05 23:45:00+00:00,83506.1,True,loser,2025-04-06 05:45:00+00:00,83411.2,max_holding,24,100.0,-0.0011364439244559226,0.07995454224302176,-0.11364439244559227,-0.19359893468861403,4,0.5437297547431781,0.6094400740398207,2.431710130250057,1.2175674634194766,0.0005304762480604562,-0.002487970173821315,0.002755487323680615,5.864055926645913,70.49748370596438,197.4785714285733
2025-04-08 01:30:00+00:00,80377.5,True,loser,2025-04-08 03:45:00+00:00,79734.48,stop_loss,9,100.0,-0.00800000000000005,0.07968,-0.800000000000005,-0.879680000000005,6,0.7566323174742373,0.8383030037272523,2.077620370792144,0.9753248512264774,0.0013515267559850302,-0.002602322740092767,0.007844235016018164,2.5772652586137688,61.41790200294203,444.91428571428486
2025-04-08 01:45:00+00:00,80564.0,False,not_opened,,,,,,,,,,3,0.29379882034114785,0.6735214410967608,1.3834702541765538,1.0492310355039227,0.0014404487025720895,-0.0012805106673942168,0.0004840871853433295,2.4105975616331556,61.2016727831355,471.98571428571347
2025-04-08 11:45:00+00:00,79949.7,True,loser,2025-04-08 14:30:00+00:00,79310.1024,stop_loss,11,100.0,-0.007999999999999922,0.07968,-0.7999999999999922,-0.8796799999999921,6,0.7962586417242556,0.7964619764131654,1.6430575972203734,1.022104857430471,0.000860436861326889,-0.0031298265342171007,0.002280183665479707,2.3515694392592734,72.92540181691112,292.64285714285717
2025-04-08 13:00:00+00:00,80017.3,False,not_opened,,,,,,,,,,4,0.34110970996218587,0.46059268600252173,2.0227334321743298,1.1633154502717105,0.0006604225536117259,-0.000573997927981405,0.0008160735241004496,2.840810740377923,72.00171944404622,335.4785714285702
2025-04-09 16:45:00+00:00,78227.9,True,loser,2025-04-09 17:15:00+00:00,77602.0768,stop_loss,2,100.0,-0.007999999999999986,0.07968,-0.7999999999999987,-0.8796799999999987,5,0.7030452674896975,0.8288065843621399,1.0527136618839736,1.038792895330888,0.0011943585378253198,-0.006318833763610539,0.004250401710898541,0.8574125822634071,66.06501457067324,622.3857142857097
2025-04-09 17:15:00+00:00,80804.9,False,not_opened,,,,,,,,,,6,0.6329563637349802,0.869796327936429,4.902509556257294,1.300456056450343,0.003956536117716755,-0.0012715611550549683,0.02526950717097595,6.285927954402018,75.61561561561548,808.4071428571395
2025-04-09 17:45:00+00:00,82161.9,True,winner,2025-04-09 20:45:00+00:00,83147.8428,take_profit,12,100.0,0.012000000000000056,0.08048000000000001,1.2000000000000055,1.1195200000000054,7,0.9140362659502939,0.9141108872472163,1.6485726763318422,1.3306240941573566,0.004743712138220214,0.006279264522647785,0.003749913280973192,1.7465331602656975,82.96293105923554,869.55714285714
2025-04-09 18:00:00+00:00,82281.8,False,not_opened,,,,,,,,,,4,0.1529336734693989,0.7854591836734731,0.9424832751293839,1.326669710114279,0.004424455633396204,0.010169924333772019,5.8336108349633944e-05,1.6570933810928103,84.92693110647157,889.4642857142826
2025-04-09 18:15:00+00:00,82534.1,False,not_opened,,,,,,,,,,4,0.29764150943397255,0.48903301886793826,0.9917606675672069,1.2873364671971879,0.004281976896697073,0.01387255794482121,0.0010189727639848961,1.255886398960601,93.06291040033874,883.6714285714261
2025-04-09 20:30:00+00:00,82756.0,False,not_opened,,,,,,,,,,6,0.8616904500548909,0.9463349188925475,1.0684754774517602,1.0947811634150442,0.002228892083559027,0.03155634132344573,0.0032638116873701705,0.5069465543635419,83.09008633337959,872.5214285714277
2025-04-10 09:45:00+00:00,81995.7,True,loser,2025-04-10 13:30:00+00:00,81339.7344,stop_loss,15,100.0,-0.00799999999999995,0.07968,-0.7999999999999949,-0.8796799999999949,5,0.7602297200287096,0.8255563531945269,1.0187961676296569,1.168280938371192,0.00023515746676749342,0.022777356931513098,0.00019147345531530423,1.0107940961174287,48.7227477363549,302.92857142857247
2025-04-10 14:30:00+00:00,81604.0,True,loser,2025-04-10 15:00:00+00:00,80951.168,stop_loss,2,100.0,-0.007999999999999938,0.07968,-0.7999999999999937,-0.8796799999999937,6,0.6433668801463968,0.6433668801463968,1.2895690031501805,1.4335030547774004,0.00011939444744394408,0.01578945425689539,0.0018405960492132382,1.5510416110864793,51.529633705392285,490.88571428571385
2025-04-11 01:45:00+00:00,80405.9,True,winner,2025-04-11 07:30:00+00:00,81370.7708,take_profit,23,100.0,0.012000000000000052,0.08048,1.2000000000000053,1.1195200000000054,6,0.9345197663360988,0.9701127564189644,2.5946422277053047,1.1322554875609387,0.0010162076770363706,-0.004408140935517824,0.006708462936177497,3.1657872589823257,62.56134133042521,320.4214285714282
2025-04-11 02:15:00+00:00,80656.0,False,not_opened,,,,,,,,,,6,0.6390728476821192,0.7615894039735099,1.969319052509748,1.2741191813598118,0.0011398815012277999,-0.002616293880773415,0.0026284467367585795,2.2550215987780997,66.61149912283605,354.499999999999
2025-04-11 03:30:00+00:00,80764.7,False,not_opened,,,,,,,,,,5,0.4266906044284635,0.9416517055655291,1.00061378164343,1.2698651099175082,0.0008983911884413215,0.0007032276391205998,0.0011093955651415937,0.738321992395143,66.22464898595949,368.39285714285717
2025-04-11 03:45:00+00:00,80796.9,False,not_opened,,,,,,,,,,4,0.15329512893979064,0.7225405921680638,0.6302293384698571,1.2345121846175515,0.0008504614371549872,0.0014575601375530407,0.000157184248405534,0.6701589173883623,71.27307291347275,363.4214285714282
2025-04-11 04:00:00+00:00,80912.2,False,not_opened,,,,,,,,,,5,0.4790195263814055,0.9310344827585957,0.7255682160728205,1.2157455351920696,0.0009040830420073762,0.0022506272980402694,0.0007069391266088067,1.0309710752714099,73.1947319473197,363.75714285714224
2025-04-11 04:15:00+00:00,80982.8,False,not_opened,,,,,,,,,,5,0.34040501446483995,0.91755062680814,0.6309992850297237,1.1253456675165159,0.0009002944130869046,0.0030325242479556985,0.0006668082605195177,0.8087015041090501,82.3568007348602,342.7071428571414
2025-04-11 08:00:00+00:00,81408.6,True,winner,2025-04-11 09:45:00+00:00,82385.5032,take_profit,7,100.0,0.012000000000000009,0.08048,1.2000000000000008,1.119520000000001,4,0.16472278566599832,0.6062373225152169,3.6113908982693856,1.108604859572887,0.000695081128937785,0.008582965963186888,0.0002530445186381515,6.249528561845525,63.536691723078334,351.2357142857145
2025-04-11 09:15:00+00:00,82025.0,False,not_opened,,,,,,,,,,7,0.8041559920295976,0.8042983205237705,1.8984827809827598,1.2567838398823887,0.0011038348430299511,0.0112558173950368,0.002724779030783298,1.828390649690056,72.87558985989656,401.7857142857143
2025-04-11 09:30:00+00:00,82173.4,False,not_opened,,,,,,,,,,3,0.5296428571428156,0.5478571428571221,0.7693153093746553,1.2267986291093769,0.0011688981308579727,0.012170468619868842,0.00013264633080770883,1.4737566349032145,71.47308890855194,395.41428571428594
2025-04-11 09:45:00+00:00,82388.0,False,not_opened,,,,,,,,,,6,0.7877341167829516,0.9713551230260637,0.7418405710238176,1.2218614896971514,0.001302891047273759,0.013184751957549593,0.0010681167160266059,1.0020885283868568,77.069542580885,397.1857142857147
2025-04-11 10:15:00+00:00,82696.8,True,loser,2025-04-11 11:45:00+00:00,82035.2256,stop_loss,6,100.0,-0.007999999999999972,0.07968,-0.7999999999999972,-0.8796799999999971,7,0.7672666387609953,0.7777312683131091,1.2972943620097543,1.2363513797826515,0.001424515690709306,0.015133426281772014,0.002380986930570575,1.4975912021338544,78.56644819411515,411.34999999999957
2025-04-11 13:30:00+00:00,82873.9,True,loser,2025-04-11 14:15:00+00:00,82210.90879999999,stop_loss,3,100.0,-0.008000000000000049,0.07968,-0.8000000000000049,-0.8796800000000049,5,0.590861423220965,0.6823970037453183,3.4260197862266293,1.0996801195786343,0.0010041482363105684,0.018313691807943455,0.007214575397079107,3.6023201790082076,59.542869180534936,414.62142857142834
2025-04-11 15:30:00+00:00,82485.9,True,winner,2025-04-11 17:30:00+00:00,83475.73079999999,take_profit,8,100.0,0.011999999999999953,0.08048,1.1999999999999953,1.1195199999999952,4,0.5973435861586684,0.6705697308633328,1.151516371173849,1.342198097664033,0.000483720151799362,0.017220388206071333,0.002093691164186814,1.001363353250254,55.84377202355231,569.0785714285729
2025-04-11 16:30:00+00:00,82916.8,False,not_opened,,,,,,,,,,7,0.9997157071783979,0.9998578535892093,1.3499251640633991,1.2956067231484014,0.0008707167670881726,0.017784970952268164,0.0038568782200953593,1.1736685362538366,60.74069379304518,595.9642857142857
2025-04-11 17:30:00+00:00,83912.2,False,not_opened,,,,,,,,,,7,0.9173406056046693,0.9174346435960096,1.9356189193370643,1.0874273959775507,0.0017190269672866063,0.020168723264279792,0.0101856464256687,2.1868321010243097,65.16444917509305,541.6642857142849
2025-04-12 06:00:00+00:00,83490.0,True,winner,2025-04-12 12:00:00+00:00,83628.1,max_holding,24,100.0,0.0016540903102168622,0.08006616361240868,0.16540903102168622,0.08534286740927755,5,0.8660308810172552,0.8664850136240029,1.0416026111018875,1.1602416555618085,0.000331262977638683,0.016511364558037075,0.00013055455743195808,0.9568363074882599,58.41374978587325,236.01428571428758
2025-04-12 06:15:00+00:00,83577.3,False,not_opened,,,,,,,,,,5,0.29653532608697225,0.5343070652174118,1.356057116536118,1.101303667651651,0.0003988812490029035,0.01668720425838715,0.0006927718411579308,1.3331321048098628,78.63314447592089,226.2785714285731
2025-04-12 13:30:00+00:00,84131.2,True,winner,2025-04-12 14:30:00+00:00,85140.7744,take_profit,4,100.0,0.011999999999999972,0.08048,1.1999999999999973,1.1195199999999974,5,0.3652584321399777,0.5534707033498291,3.7618274331493176,1.2342304494180243,0.0005794840237226947,0.016179143650909344,0.0006061960366665398,4.348298437537133,72.94976675005087,252.86428571428613
2025-04-12 14:15:00+00:00,84856.7,False,not_opened,,,,,,,,,,6,0.5720548720124523,0.7974826757177219,2.463205197429122,1.60205241386601,0.0011781993625567693,0.018065531363296545,0.0012680200856266066,2.859749350694413,87.61821546052656,346.34999999999957
2025-04-12 15:30:00+00:00,85251.9,True,loser,2025-04-12 16:45:00+00:00,84569.8848,stop_loss,5,100.0,-0.007999999999999934,0.07968,-0.7999999999999935,-0.8796799999999935,4,0.3534136546184739,0.635609103078967,1.0612604421208178,1.6701351264564444,0.0011534203379438956,0.021339936166162556,0.001048656980078968,1.3396656837523344,85.20204647936161,436.52142857142877
2025-04-13 16:15:00+00:00,84255.1,True,loser,2025-04-13 19:30:00+00:00,83581.0592,stop_loss,13,100.0,-0.008000000000000028,0.07968,-0.8000000000000028,-0.8796800000000028,4,0.5540720961281709,0.6170894526034868,1.1941583495424286,1.169640899723766,0.0002230143356851861,0.002496131241706347,0.0006373501426027818,1.3488000633436543,46.53789628385488,333.4499999999981
2025-04-13 17:15:00+00:00,84684.9,False,not_opened,,,,,,,,,,5,0.3239929947460595,0.44833625218914186,1.7831212428761067,1.0309742545221374,0.0006236582717853543,0.0035052886044315544,0.0021833880656409134,1.8323956078832078,77.34070381521127,312.3785714285706
2025-04-14 00:15:00+00:00,84740.1,True,loser,2025-04-14 01:45:00+00:00,84062.1792,stop_loss,6,100.0,-0.008000000000000083,0.07968,-0.8000000000000084,-0.8796800000000083,4,0.5751839224834119,0.6161851785393938,1.9422517294857602,0.9780657948401512,0.001163190899053011,-0.0010247276657218637,0.006658004887886745,2.937292381083369,68.15759312320952,494.17857142857036
2025-04-14 02:30:00+00:00,85262.4,True,loser,2025-04-14 03:00:00+00:00,84580.3008,stop_loss,2,100.0,-0.007999999999999964,0.07968,-0.7999999999999964,-0.8796799999999964,4,0.4484343090537736,0.5364193328794996,1.2479558245725977,0.9792158761847319,0.0011990099747808877,0.004002889927308451,0.003077558220270532,2.5960493904449344,74.15717794150478,495.3999999999973
2025-04-14 10:15:00+00:00,84594.3,True,winner,2025-04-14 14:30:00+00:00,85609.43160000001,take_profit,17,100.0,0.012000000000000092,0.08048,1.2000000000000093,1.1195200000000094,5,0.8514492753623188,0.8815217391304453,0.9516420998189858,1.0071181926814108,9.596956408581171e-05,0.004762047184234396,0.0003274452297613088,1.1091325368409863,50.33642125792304,300.09999999999957
2025-04-14 14:15:00+00:00,85045.7,False,not_opened,,,,,,,,,,6,0.8533851442235765,0.9666716484830329,2.0505355419009983,1.2825624313112676,0.00039393414659375935,0.006022771628987771,0.0004115434407618492,1.5517687653974404,59.21046911003855,360.52142857142877
2025-04-14 14:30:00+00:00,85475.8,False,not_opened,,,,,,,,,,6,0.5804318488529093,0.7649122807017583,2.1069392513399365,1.3612510573950327,0.0008338454246802091,0.00667956676268713,0.004770941014883779,3.2087841461487954,63.75367022098582,389.6571428571437
2025-04-14 16:30:00+00:00,84634.9,True,loser,2025-04-14 22:30:00+00:00,84585.3,max_holding,24,100.0,-0.0005860466545123971,0.07997655813381951,-0.058604665451239706,-0.13858122358505923,6,0.8398085067206525,0.9998158718467947,1.0920863454017247,1.5714779812483086,7.395912599032194e-05,0.003921671508576933,0.0018325773410258804,0.7615371427080071,44.559518582608,600.4000000000015
2025-04-14 17:45:00+00:00,84823.8,False,not_opened,,,,,,,,,,6,0.6813273637081882,0.9151962075322694,0.727116047491376,1.1472717621584936,0.00032774648781408504,0.0035723865428059095,0.0024038064788421258,0.5209022527962403,46.64975692242665,526.442857142858
2025-04-15 01:30:00+00:00,84973.6,True,winner,2025-04-15 07:30:00+00:00,85653.0,max_holding,24,100.0,0.007995424461244363,0.08031981697844978,0.7995424461244364,0.7192226291459866,4,0.27305825242719167,0.6067961165048704,1.2974334750432652,1.057826596816675,0.0003560797755746067,0.0036287347376988675,0.0004566124066769315,2.574377240159493,61.257596303550756,256.44285714285587
2025-04-15 02:00:00+00:00,85115.6,False,not_opened,,,,,,,,,,5,0.705316031812491,0.9397237337798471,0.9596304478810829,1.0509985282363228,0.0004527100268034869,0.004215229794272167,0.0001456842223988168,1.3525510081632912,63.49844728401981,254.52857142856894
2025-04-15 02:45:00+00:00,85198.2,False,not_opened,,,,,,,,,,7,0.7378097521982442,0.8357314148681094,1.9099236641221309,1.1853396329971428,0.0004861801126277535,0.004664274131864975,0.0005575235157550278,1.9050934322204656,62.62125640699774,291.5571428571399
2025-04-15 12:00:00+00:00,85651.9,True,loser,2025-04-15 14:15:00+00:00,84966.68479999999,stop_loss,9,100.0,-0.00800000000000007,0.07968,-0.800000000000007,-0.879680000000007,4,0.4619540747410562,0.6807744259342329,1.0818841638657861,1.056697102794674,6.126964881503762e-05,0.009755595223935999,0.0005358900386330506,0.7994707897026706,43.857518720906576,217.89999999999833
2025-04-15 12:45:00+00:00,85783.1,False,not_opened,,,,,,,,,,7,0.8027027027027115,0.9852852852853028,1.5007097951733996,1.1549121789831744,0.0002242254823117243,0.009438915807467753,0.0007029356598211409,0.8220881697516517,48.96670493685442,239.74285714285568
2025-04-15 13:30:00+00:00,86012.0,False,not_opened,,,,,,,,,,6,0.3903144896777962,0.868801852209146,2.1452370604913202,1.1877032698614123,0.000418966304690575,0.009852007194265452,0.001938101660233422,3.6333270014006573,57.766608126930215,251.45714285714243
2025-04-16 14:15:00+00:00,84318.9,True,winner,2025-04-16 17:15:00+00:00,85330.72679999999,take_profit,12,100.0,0.011999999999999945,0.08048,1.1999999999999944,1.1195199999999943,6,0.6336169473866794,0.7964924466052963,2.1801593761239215,1.3161562328169256,0.0005746498242892416,-0.004387772199743623,0.0017896343524404872,2.710289191660464,59.35389911293515,308.6071428571387
2025-04-16 14:30:00+00:00,84634.3,False,not_opened,,,,,,,,,,6,0.6544926333264423,0.8752853289064287,1.7019247748543145,1.3841693695960058,0.0008729000508888626,-0.0035462223727993434,0.0023418401286475704,2.4631266584064173,63.66433897502659,330.1214285714242
2025-04-16 15:15:00+00:00,85039.6,False,not_opened,,,,,,,,,,4,0.527027027027027,0.6750000000000098,1.8491332188037026,1.50288805870393,0.0010945517066613686,-0.0010978252930984914,0.0025235302141591188,2.8836057771842913,68.31633921909975,381.45714285714035
2025-04-16 17:15:00+00:00,85265.1,False,not_opened,,,,,,,,,,3,0.4619362252226571,0.48635449583455087,0.9443585361221691,1.1892790996184845,0.0008028274131317358,0.0036477881997001396,0.0004691251168414744,0.9904738073781528,81.72284945156477,382.52142857142877
2025-04-16 19:45:00+00:00,84286.0,True,loser,2025-04-17 01:45:00+00:00,84299.4,max_holding,24,100.0,0.00015898251192361933,0.08000635930047695,0.015898251192361934,-0.06410810810811501,3,0.4957732471406972,0.5447538538040763,0.7739899354367131,1.257710215289112,4.9757720337725596e-05,-0.0003576272026395362,0.0010606743705952849,0.8835160401193808,45.35466705279732,586.9500000000013
2025-04-16 20:15:00+00:00,84557.8,False,not_opened,,,,,,,,,,6,0.8281189648513463,0.9219775975280126,0.5222495663049053,1.1799425135577455,0.0003405737160356237,5.267799444010029e-05,0.0010489866103422403,0.46161570477915115,46.047999428152735,576.0357142857154
2025-04-17 06:15:00+00:00,84562.6,True,winner,2025-04-17 12:15:00+00:00,84782.4,max_holding,24,100.0,0.002599257827928521,0.08010397031311714,0.2599257827928521,0.17982181247973497,5,0.5777325186694389,0.8071961982349286,1.5940695849791218,0.9873691357398455,0.00044822404389242534,-0.0005865245287214591,0.0012416836757620981,1.4675382557208845,61.74107454761411,180.74285714285776
2025-04-17 06:30:00+00:00,84720.4,False,not_opened,,,,,,,,,,5,0.6809153713298495,0.6925734024179194,1.2514521924729454,1.0025080225566279,0.0005821709215293687,-5.825978100726021e-05,0.0011921567886837173,2.133122825558235,70.86962438758817,183.8714285714294
2025-04-17 07:15:00+00:00,84891.6,False,not_opened,,,,,,,,,,7,0.7629950495049753,0.8867574257426003,1.6582012210763806,1.0066037790997855,0.0006280210773172381,0.0013362318160427857,0.0005583591309388529,1.621712173329402,84.79566861974341,184.49285714285674
2025-04-17 15:00:00+00:00,84561.9,True,winner,2025-04-17 21:00:00+00:00,84902.9,max_holding,24,100.0,0.004032548937523873,0.08016130195750096,0.4032548937523873,0.3230935917948864,7,0.8350734094616544,0.8350734094616544,2.494709425362204,1.3760808737250732,0.00020925112483389068,0.0008923778122895309,0.004575346580433909,2.28935616788405,48.066717210007305,272.24285714285776
2025-04-17 16:15:00+00:00,84896.5,False,not_opened,,,,,,,,,,7,0.8816249663707282,0.9609900457358082,1.3040961319182394,1.3770162457500306,0.0005216219575983135,0.0017027708724208137,0.0016255087076616822,2.0165517861414894,53.62520671947099,314.3142857142874
2025-04-17 18:00:00+00:00,85234.6,False,not_opened,,,,,,,,,,6,0.6477449455676816,0.8234836702955105,0.850683821462224,1.0815612709898919,0.0006078663120656866,0.0043089721353434625,0.0006487975540449876,1.1850816046256698,76.88179702711723,298.2857142857153
2025-04-18 08:00:00+00:00,84715.9,True,loser,2025-04-18 14:00:00+00:00,84484.0,max_holding,24,100.0,-0.002737384599585133,0.0798905046160166,-0.2737384599585133,-0.3536289645745299,6,0.9577754891864919,0.9845520082389275,0.782591174692665,1.0136774048145463,6.238055341147006e-05,0.0013039184901580947,0.00084281699185152,1.4236903704486674,53.58631747728446,128.50714285714017
2025-04-19 01:15:00+00:00,84526.5,True,winner,2025-04-19 07:15:00+00:00,85119.9,max_holding,24,100.0,0.007020283579705704,0.08028081134318824,0.7020283579705704,0.6217475466273822,3,0.1936579841450199,0.7882219705549663,0.9264991343581341,1.0737284288758784,9.008832322684115e-05,-0.0008331682863778148,6.506835134543604e-05,0.8290577758069426,45.69343065693485,99.6857142857147
2025-04-19 02:00:00+00:00,84626.0,False,not_opened,,,,,,,,,,4,0.3755287009063532,0.5166163141993958,2.973009386087019,1.2083871234846206,0.000187583576583098,-0.0005856282547178828,0.0007799021577293031,3.3092405378851204,58.86533824089323,114.66428571428592
2025-04-19 03:00:00+00:00,84826.1,False,not_opened,,,,,,,,,,5,0.41765036537380135,0.41821247892077057,1.493953644608736,1.241194486983161,0.0003309582757212467,0.00031614477808048733,0.0006295232245736716,3.8727063058978373,70.6185567010312,127.36428571428716
2025-04-19 04:15:00+00:00,85045.8,False,not_opened,,,,,,,,,,6,0.9780219780219294,0.9881656804734222,0.9211243478938096,1.281264976648177,0.00043915164707956244,0.0016619835074416672,0.0010018131406841619,2.527296734220399,79.13283968239848,146.0857142857151
2025-04-19 04:30:00+00:00,85188.0,False,not_opened,,,,,,,,,,7,0.7318579516211784,0.7323726196603231,1.454123634186508,1.2849131261734568,0.0005556405551175559,0.002140288254934961,0.0016528149504625405,3.438664688182226,79.5969993021637,150.0714285714296
2025-04-19 17:45:00+00:00,85189.8,True,loser,2025-04-19 23:45:00+00:00,85046.9,max_holding,24,100.0,-0.0016774308661366586,0.07993290276535453,-0.16774308661366585,-0.24767598937902038,7,0.6587395957194006,0.9183511692429955,1.422891464343057,1.4310621273681061,6.370304120268366e-05,0.00383165283421119,0.0006855280796528308,0.9403585765975352,41.35945561953224,196.99285714285568
2025-04-20 01:00:00+00:00,85206.4,True,loser,2025-04-20 07:00:00+00:00,84835.0,max_holding,24,100.0,-0.004358827505914981,0.0798256468997634,-0.43588275059149806,-0.5157083974912615,5,0.572344975053362,0.8175338560227705,1.385747444318231,0.9628630857190722,7.031429703591353e-05,0.0029413953757893465,0.000210078116197776,1.3866480317180938,44.59480239889286,98.70000000000229
2025-04-20 23:00:00+00:00,85069.9,True,winner,2025-04-21 00:15:00+00:00,86090.73879999999,take_profit,5,100.0,0.011999999999999976,0.08048,1.1999999999999975,1.1195199999999974,7,0.9992732558139641,0.9996366279069556,1.552259010660482,1.4836523223210933,0.0003305080822010941,0.0004299411766950074,0.0023721668886408516,2.0747890138377496,66.31792909667004,217.3285714285708
2025-04-21 00:00:00+00:00,85295.4,False,not_opened,,,,,,,,,,5,0.6359203575782052,0.7939861844778121,1.2343573667711845,1.2268198203278486,0.00046646934186060163,0.0016003512076338713,0.00033882249218591135,1.8820033455231981,56.24536418928929,202.0142857142855
2025-04-21 00:15:00+00:00,86182.6,False,not_opened,,,,,,,,,,7,0.8560540279787775,0.8560540279787775,4.193045975849018,1.5106168013780277,0.001398120078449682,0.0028201643840417624,0.009706135577251092,7.023271577337089,74.60554951033762,260.58571428571406
2025-04-21 00:30:00+00:00,86644.2,True,winner,2025-04-21 05:45:00+00:00,87683.9304,take_profit,21,100.0,0.012000000000000004,0.08048,1.2000000000000004,1.1195200000000005,7,0.7239321608040168,0.7239321608040168,2.3024912318762043,1.5710067008741526,0.0017656109127558663,0.0043583721214158835,0.0036055500541293498,4.784319548416726,84.36499039077509,285.94285714285695
2025-04-21 12:00:00+00:00,87287.3,True,winner,2025-04-21 14:15:00+00:00,88334.7476,take_profit,9,100.0,0.011999999999999993,0.08048,1.1999999999999993,1.1195199999999992,7,0.7393045310853591,0.762486828240259,2.3276919303409205,1.2113698192026578,9.048288026669168e-05,0.017027874449400588,0.0019143678404533744,2.2836670362929374,42.79710875777465,219.1428571428582
2025-04-21 13:30:00+00:00,87406.3,False,not_opened,,,,,,,,,,6,0.30249266862170515,0.7775659824046963,2.602805075851534,1.4332334801762032,0.0002607737668576421,0.01579491783685167,0.0023087580643500858,3.0873160681348293,50.849109131403246,290.4857142857145
2025-04-21 14:00:00+00:00,87637.1,False,not_opened,,,,,,,,,,7,0.8630338733431662,0.9828624983264314,2.456625059614823,1.6578255394392456,0.000506458036809884,0.015705727234645413,0.0009025857770282884,1.6635557158815248,56.73102008870333,362.97142857142796
2025-04-21 14:15:00+00:00,88312.1,False,not_opened,,,,,,,,,,7,0.7646992183074682,0.9230769230769295,2.6356728027350926,1.8005186360645455,0.0011826593566274396,0.016489699425137953,0.00749840622066525,3.946474350567327,63.75457575260873,415.3571428571418
2025-04-22 00:45:00+00:00,87672.7,True,winner,2025-04-22 01:15:00+00:00,88724.7724,take_profit,2,100.0,0.012000000000000052,0.08048,1.2000000000000053,1.1195200000000054,6,0.6272178180445471,0.9522461306153213,2.259034218100428,1.1247977688165514,0.00044199459006043473,0.010789598650298833,0.00011406059126729301,2.0032957268099976,65.57249159865611,266.17857142857144
2025-04-22 01:00:00+00:00,87718.1,False,not_opened,,,,,,,,,,5,0.14034003091192807,0.7622874806800798,1.358187963137898,1.1288296213980284,0.00044898499409632754,0.011078786798486848,0.00022914313009522345,2.1142725474314323,66.42083699151348,261.20714285714246
2025-04-22 01:15:00+00:00,88355.8,False,not_opened,,,,,,,,,,5,0.5617017528406548,0.5646965559763976,3.9085604117535757,1.4313201661596373,0.0010906649735136869,0.011866100496581173,0.006347064935182556,5.520780645865483,74.70793104968526,331.028571428571
2025-04-22 12:45:00+00:00,88947.2,True,winner,2025-04-22 13:30:00+00:00,90014.5664,take_profit,3,100.0,0.011999999999999988,0.08048,1.1999999999999988,1.1195199999999987,5,0.4884038199181395,0.5688949522510139,2.6946052752503955,1.2056049313576367,0.0005078577773129598,0.01584364115999234,0.000585740754065235,3.563812770389975,65.25799516259052,224.50000000000313
2025-04-22 13:00:00+00:00,89648.4,False,not_opened,,,,,,,,,,7,0.9071964794201254,0.974631115713169,3.133326574064691,1.4411100548940785,0.0012008171279683248,0.016638660985662506,0.005001762440824312,4.91134683894269,77.19468291332021,273.96428571428885
2025-04-22 13:30:00+00:00,90116.1,False,not_opened,,,,,,,,,,7,0.673599217029618,0.9585270369464223,2.846843709185853,1.7197499391772615,0.0014805071689717765,0.018430959273200143,0.002398017668319044,4.821660721041676,78.7500460354289,348.385714285717
2025-04-22 13:45:00+00:00,90180.6,True,winner,2025-04-22 15:00:00+00:00,91262.7672,take_profit,5,100.0,0.011999999999999957,0.08048,1.1999999999999957,1.1195199999999956,4,0.10503996085468621,0.5475452617843882,1.9682498916515536,1.7319821152367083,0.0014066657086452454,0.019494216044937365,0.0003393190996733867,3.757106756753278,87.7085407127216,365.92142857143125
2025-04-22 14:30:00+00:00,90642.9,False,not_opened,,,,,,,,,,7,0.6152906029331693,0.7964421510048793,2.016263724228579,1.8136981338257563,0.001499206200510429,0.022503556617631388,0.001686839233960897,1.7179070759086055,83.53951570396563,443.38571428571595
2025-04-22 15:00:00+00:00,91310.0,False,not_opened,,,,,,,,,,7,0.8133084219603217,0.9127622880138017,1.7146166262120937,1.7956657953958453,0.0019040207544486147,0.024889313901227332,0.00433358887306973,2.2950735975580105,89.02449013023178,494.1428571428592
2025-04-22 21:45:00+00:00,92974.3,True,winner,2025-04-23 03:45:00+00:00,93126.0,max_holding,24,100.0,0.001631633688019131,0.08006526534752077,0.1631633688019131,0.08309810345439232,5,0.5415374955852915,0.5415767374328,5.543759653664587,1.354432132153799,0.0019006576376426124,0.03235307692649854,0.01155480600553059,6.154037198039663,77.64841428658062,496.16428571428594
2025-04-22 23:00:00+00:00,93122.6,False,not_opened,,,,,,,,,,6,0.827968923418424,0.8281908990011227,0.9542975162844887,1.347576466678167,0.0013663448480322271,0.03654824986418932,0.0006593458515978799,0.8322041740023247,80.94130222906887,532.8928571428571
2025-04-22 23:15:00+00:00,93562.9,False,not_opened,,,,,,,,,,6,0.5189112760692773,0.838458819370795,1.6845636251761524,1.4111454051793548,0.0016785825670736197,0.037517512005264146,0.0038786741325888166,1.4360983357705919,82.26915089648696,570.0357142857132
2025-04-23 07:45:00+00:00,94102.5,True,loser,2025-04-23 10:00:00+00:00,93349.68,stop_loss,9,100.0,-0.008000000000000075,0.07968,-0.8000000000000075,-0.8796800000000075,7,0.7377959183673375,0.7379591836734694,2.2484490290371206,1.0381402388980518,0.0007692708303135333,0.03718426377222232,0.0018649876464493505,2.7353800139834634,75.12551134250637,295.89999999999833
2025-04-23 08:00:00+00:00,94343.6,False,not_opened,,,,,,,,,,6,0.450046685340803,0.8946778711484703,1.845374502472566,1.1437764362288914,0.0009376141889261831,0.037559844801789956,0.0008543239817009931,2.719646436459731,76.72061254676755,323.2357142857124
2025-04-23 16:15:00+00:00,93330.4,True,loser,2025-04-23 22:15:00+00:00,93371.3,max_holding,24,100.0,0.0004382280585962209,0.08001752912234385,0.04382280585962209,-0.03619472326272176,4,0.47686322686322064,0.9631449631449627,0.9380491880419711,1.583155566089913,0.00016880625829030486,0.023989053475846848,0.00034072499421397914,0.6094430677065944,45.48287374799058,644.0785714285739
2025-04-23 16:30:00+00:00,93481.0,False,not_opened,,,,,,,,,,4,0.2934190031152558,0.4386682242990661,0.9553571428571498,1.534846801079538,0.00030591414123159127,0.023986047028604483,0.0014184700634354128,0.8434469105632711,44.36002927888145,656.0428571428596
2025-04-23 17:00:00+00:00,93806.1,False,not_opened,,,,,,,,,,4,0.43839427662958486,0.8372416534181346,0.9261150834184457,1.2330767209143978,0.0005694617967448039,0.02427863273459589,0.00039229858186197816,0.5323414988893149,55.54022242065097,573.0785714285729
2025-04-24 16:00:00+00:00,93416.4,True,loser,2025-04-24 17:30:00+00:00,92669.0688,stop_loss,6,100.0,-0.008000000000000005,0.07968,-0.8000000000000006,-0.8796800000000006,5,1.0,1.0,0.9259985339492736,1.208543490833767,0.0005807835701619599,0.008033258996016646,0.0004495998561280461,0.6286620002222688,78.00281293952217,320.9071428571416
2025-04-24 16:15:00+00:00,93467.1,False,not_opened,,,,,,,,,,5,0.31393188854496373,0.7969040247678739,0.5511193011193023,1.1913041856201387,0.0005768464675295875,0.008465590819628768,0.000542436857461199,1.0481445628919068,77.15787936322528,319.32142857142753
2025-04-24 18:00:00+00:00,93268.2,True,winner,2025-04-25 00:00:00+00:00,93630.0,max_holding,24,100.0,0.003879135653952826,0.08015516542615812,0.3879135653952826,0.30775839996912446,6,0.8714365567356075,0.913638904415851,1.0795154550528843,1.0686969798371972,0.00029223894224963476,0.008404183947471947,0.0023384175957077685,0.5841455413891734,53.962713884395995,318.22857142857123
2025-04-25 01:00:00+00:00,94123.6,True,loser,2025-04-25 02:15:00+00:00,93370.6112,stop_loss,5,100.0,-0.008000000000000068,0.07968,-0.8000000000000068,-0.8796800000000068,5,0.46086391685612466,0.535725885027618,2.420121831401073,1.1111042369761823,0.0005846458559934695,0.011306260497745607,0.0027686998797326686,2.737333965884137,76.10028465075575,256.5642857142863
2025-04-25 04:00:00+00:00,93423.1,True,winner,2025-04-25 10:00:00+00:00,93714.6,max_holding,24,100.0,0.003120213309128042,0.08012480853236512,0.3120213309128042,0.2318965223804391,6,0.6568265682657068,0.8925789257892737,0.7677053824362882,1.119969374776181,4.2882163517038506e-05,0.008123809987134101,0.0008209960919730949,0.569313453306576,40.62111801242237,323.9071428571437
2025-04-25 11:00:00+00:00,93983.3,True,winner,2025-04-25 14:00:00+00:00,95111.0996,take_profit,12,100.0,0.011999999999999985,0.08048,1.1999999999999984,1.1195199999999983,6,0.9829212337496889,0.9829212337496889,1.8939339078378923,1.0422347537646222,0.0004012945621381636,0.008288188111219619,0.0003649584553851898,1.3946990829849166,63.45279383429695,210.62857142857268
2025-04-25 11:15:00+00:00,94139.9,False,not_opened,,,,,,,,,,6,0.6056501547987412,0.8966718266253454,1.2453612222276143,1.02511325184052,0.000520898889749759,0.008658545132849142,0.0015923110179636285,2.3334704384681424,64.98560141770648,206.32857142857392
2025-04-25 11:45:00+00:00,94602.3,False,not_opened,,,,,,,,,,7,0.8743971942130613,0.9116615519508946,2.036516226954194,1.0919926092710175,0.0008837399618579141,0.009709505090563892,0.003660587533284105,2.5790136595433126,77.48968768414835,220.1500000000025
2025-04-25 12:00:00+00:00,94764.2,False,not_opened,,,,,,,,,,5,0.3034276081663266,0.5583442592245637,2.242994580515027,1.2196074653401239,0.0009609178445424542,0.010456993384872111,0.0012831850002426157,4.989889894936217,85.46563333756808,248.67142857143023
2025-04-25 14:00:00+00:00,95273.9,False,not_opened,,,,,,,,,,7,0.9339423752635106,0.9406686075695156,2.5892567031881604,1.7280104487838286,0.0011356409811359462,0.01275663103408572,0.006555835333706202,2.7173323826643383,72.40992838007753,461.1714285714302
2025-04-25 14:45:00+00:00,95338.4,True,loser,2025-04-25 17:45:00+00:00,94575.69279999999,stop_loss,12,100.0,-0.008000000000000045,0.07968,-0.8000000000000046,-0.8796800000000046,4,0.1692998985360007,0.37498188143208266,1.4790438417836993,1.76303232297117,0.0009637385592853676,0.014417531726228451,5.664034638712397e-05,2.6388043182930816,63.637604970301155,560.1500000000015
2025-04-25 16:30:00+00:00,95304.0,False,not_opened,,,,,,,,,,6,0.7377321874133552,0.9456612143055027,0.7061472200470049,1.1810897853808655,0.0005703142451107505,0.016367700603553813,0.0014973138588096732,0.4421642281117413,62.779291553133596,517.6142857142883
2025-04-26 15:15:00+00:00,94336.5,True,loser,2025-04-26 21:15:00+00:00,94177.4,max_holding,24,100.0,-0.0016865158236738253,0.07993253936705305,-0.16865158236738254,-0.2485841217344356,4,0.266059443911804,0.9415148609779598,1.193602838096842,1.0203300694721507,0.00016046042323661163,0.002073389115081198,0.00012190403502355928,0.9879447357598701,60.72096128170869,178.07857142856872
2025-04-26 22:15:00+00:00,94587.0,True,loser,2025-04-27 04:15:00+00:00,94173.4,max_holding,24,100.0,-0.0043726939219978,0.0798250922431201,-0.43726939219977995,-0.5170944844429001,4,0.266230733302188,0.6398879028491186,1.683242265812385,1.0121983430089871,0.0003456658417821835,0.002311770360809063,0.0004514362438812637,3.250264368294723,73.87970523800041,134.12857142856956
2025-04-26 22:30:00+00:00,94712.0,False,not_opened,,,,,,,,,,7,0.645510835913333,0.8544891640867045,1.459941994048765,1.0581173868505565,0.0004380268626676443,0.0026780098388613765,0.000505743728355374,1.5435404978436906,76.69894287998576,139.07857142856977
2025-04-27 00:00:00+00:00,94740.5,False,not_opened,,,,,,,,,,6,0.6618473895582446,0.8690763052208602,1.6736682910435383,1.2652123812083649,0.0002992675722101464,0.003929511535818823,0.00012243971691099182,1.492571818858227,71.30264446620932,169.79285714285547
2025-04-27 00:15:00+00:00,94910.0,False,not_opened,,,,,,,,,,7,0.7645466847090262,0.8506991429859987,1.426870474658167,1.2712467098270928,0.00044036828327314204,0.004277823679095335,0.0014424191339162805,3.890717958549302,81.75690526778443,173.00714285714224
2025-04-27 01:00:00+00:00,95076.0,False,not_opened,,,,,,,,,,5,0.5257969798657625,0.6413590604026868,2.7178157152221925,1.3573776538345614,0.0005009991080524934,0.0051760488628190176,0.0013978291051368818,2.5917870799108784,78.70493009565816,194.52142857142775
2025-04-28 10:30:00+00:00,95150.0,True,loser,2025-04-28 13:45:00+00:00,94388.8,stop_loss,13,100.0,-0.007999999999999969,0.07968,-0.7999999999999969,-0.8796799999999969,7,0.95313232307452,0.95313232307452,2.986655468458411,1.1721305875834072,0.0006463762229776227,0.005002965830582351,0.0037950604308986426,4.479091864653975,71.18021547502441,220.60000000000062
2025-04-28 11:00:00+00:00,95203.9,False,not_opened,,,,,,,,,,4,0.3730290456431294,0.5101659751037224,2.0820284659078676,1.2814105748626492,0.0005947438722990609,0.005840188226341407,0.00018066486772072457,2.2165512057229826,64.52053980143863,246.8857142857149
2025-04-28 12:30:00+00:00,95448.4,False,not_opened,,,,,,,,,,6,0.6925898752751078,1.0,1.1079949599641952,1.2942493889320588,0.0005433267547607647,0.008128636297400703,0.0005940382447479171,1.0417425154763933,67.81134535970418,277.7999999999998
2025-04-29 14:30:00+00:00,95110.2,True,loser,2025-04-29 20:30:00+00:00,94875.5,max_holding,24,100.0,-0.0024676638257515714,0.07990129344696995,-0.24676638257515712,-0.3266676760221271,7,0.6742994395516273,0.7601281024819809,2.444322674077283,1.4450647931073786,0.00026735252532525725,0.003993471025501454,0.0008495408484053541,1.9627053448737173,48.61339672091179,280.45714285714035
2025-04-29 16:15:00+00:00,95088.4,False,not_opened,,,,,,,,,,6,0.6415224913494608,0.8276816608996439,1.0783984477032749,1.2528136282462976,0.000211986111978884,0.0039846945360644745,0.0014660042655044588,0.8184425683462336,59.42028985507247,300.1571428571416
2025-04-29 16:30:00+00:00,95401.3,False,not_opened,,,,,,,,,,7,0.8018964633521555,0.9356740133265211,1.4065823149850343,1.2838521076187686,0.0005035326133350153,0.004383031484787505,0.002757824054808538,2.8147176699607512,66.77818329278168,316.04999999999876
2025-05-01 09:45:00+00:00,95478.3,True,winner,2025-05-01 13:15:00+00:00,96624.0396,take_profit,14,100.0,0.012000000000000009,0.08048,1.2000000000000008,1.119520000000001,4,0.22903225806452335,0.22903225806452335,2.553622912904383,1.0221556170012156,0.000452479990431798,0.004949077533869992,0.00012882508381488684,4.251872731063404,75.99959407347369,155.65714285714057
2025-05-01 10:15:00+00:00,96281.9,False,not_opened,,,,,,,,,,7,0.8941478905186538,0.8942991078179217,3.492289818335491,1.2907086275527293,0.0011422036319146253,0.006379495606896452,0.005119342264745442,5.388290910188343,93.57016850173383,197.21428571428365
2025-05-01 12:00:00+00:00,96202.2,False,not_opened,,,,,,,,,,3,0.3496368038740779,0.6523002421307366,0.9532822454067107,1.4473248145994728,0.0005849813748461351,0.009830204649503878,0.00012577674938817686,0.6914774873398294,77.96873482862443,260.47142857142796
2025-05-01 12:30:00+00:00,96373.0,False,not_opened,,,,,,,,,,6,0.6341127922971114,0.8850068775790841,1.521748231255501,1.4935213639855929,0.000652421014837093,0.010618849597018148,0.00031129050667718137,0.9661179234707318,78.0641362442253,288.82142857142856
2025-05-01 13:00:00+00:00,96448.0,False,not_opened,,,,,,,,,,5,0.6160194174756999,0.9902912621359223,0.8410909684795045,1.3970612214073403,0.0006125926970695036,0.011426586419759473,0.0003442269409422392,0.5307014629531323,74.87700885536276,290.70000000000124
2025-05-01 13:15:00+00:00,96586.4,False,not_opened,,,,,,,,,,4,0.4365930599368902,0.6037854889589722,1.2499753553754875,1.324003250351886,0.0006899243374165306,0.01191452133614143,0.001412207101620872,1.7188530171754755,75.40930979133257,284.55714285714413
2025-05-01 14:45:00+00:00,96768.2,True,loser,2025-05-01 20:45:00+00:00,96344.6,max_holding,24,100.0,-0.004377471111377408,0.07982490115554491,-0.4377471111377408,-0.5175720122932856,7,0.7916807575245209,0.8481569157930271,1.685572593057044,1.305148712954093,0.0007229466527749008,0.01257583087102272,0.0009951616336772093,1.1000964256029557,65.22187467775777,352.24285714285674
2025-05-01 15:00:00+00:00,97326.4,False,not_opened,,,,,,,,,,7,0.7999140031532085,0.911709903970179,1.8647352033248197,1.3691998608144382,0.001196565997761769,0.013450840877122965,0.004812671587565082,2.6142963788942493,69.1834434867362,385.057142857142
2025-05-01 16:30:00+00:00,97270.9,False,not_opened,,,,,,,,,,6,0.6744186046511235,0.8528816986855137,0.5503923423674182,1.2390481742540664,0.0007295799129865468,0.016056490828277318,0.0011730126893037,0.6394455592418419,61.15554591546245,417.49285714285674
2025-05-02 03:00:00+00:00,97139.1,True,loser,2025-05-02 07:30:00+00:00,96361.9872,stop_loss,18,100.0,-0.008000000000000028,0.07968,-0.8000000000000027,-0.8796800000000027,6,0.9195668986852704,0.9195668986852704,1.1732147717992503,1.0212070374672007,0.0003934951370192451,0.012208752632586337,0.0014319671481412305,1.167362397698049,74.81088841035859,237.4000000000004
2025-05-02 08:30:00+00:00,96660.1,True,winner,2025-05-02 14:30:00+00:00,97308.0,max_holding,24,100.0,0.006702869125937115,0.08026811476503748,0.6702869125937115,0.5900187978286741,6,0.33636046105484435,0.7949703108627436,1.4120142039850172,1.1405901314158262,1.347670719057854e-05,0.008615158294612929,0.0005565895338407772,1.0720161189874222,42.44739311084316,221.78571428571635
2025-05-02 09:00:00+00:00,96719.0,False,not_opened,,,,,,,,,,5,0.4217936945209799,0.9635751453933447,1.5736236212128325,1.2170730327750752,7.64226238194113e-05,0.008449782402515035,2.0678460281546505e-06,1.3907167394435347,48.91228515253368,238.2285714285733
2025-05-02 10:00:00+00:00,96722.5,False,not_opened,,,,,,,,,,5,0.8928571428570891,0.8933747412008044,0.9156615085666008,1.0757057579351827,8.955710705340295e-05,0.008041068728510105,3.618599601954044e-05,0.5964842347548842,54.56682117908184,216.69285714285903
2025-05-02 10:15:00+00:00,96819.9,False,not_opened,,,,,,,,,,6,0.7631372549018695,0.7639215686274053,0.6076637117529256,1.0337055719672132,0.00017675506321887,0.008111337453643482,0.0007932253596625112,0.7985975712277584,55.21014352835146,209.82857142857287
2025-05-02 14:30:00+00:00,97308.0,False,not_opened,,,,,,,,,,5,0.3544658493870301,0.41453590192643974,2.162141694119428,1.5471460991581796,0.00046577113485573847,0.008681100289006871,0.0011766761211822255,4.526347463120436,58.887179232640314,319.1999999999992
2025-05-02 14:45:00+00:00,97690.1,True,loser,2025-05-02 19:30:00+00:00,96908.57920000001,stop_loss,19,100.0,-0.007999999999999983,0.07968,-0.7999999999999983,-0.8796799999999982,5,0.6774822695035564,0.6891843971631412,1.9727867361572622,1.622354244895138,0.000792273045662932,0.00927060248399541,0.0004893023960463026,2.6710898650155914,66.84423609631367,344.5642857142853
2025-05-05 22:30:00+00:00,95146.1,True,loser,2025-05-06 00:30:00+00:00,94384.9312,stop_loss,8,100.0,-0.007999999999999993,0.07968,-0.7999999999999994,-0.8796799999999994,6,0.9406620861961296,0.9406620861961296,1.373364786618094,1.0288335714822943,0.000680658967638858,-0.003951124203836119,0.002061040862421117,1.9784179214102093,59.93977415307417,244.29285714285965
2025-05-06 16:00:00+00:00,94763.3,True,winner,2025-05-06 22:00:00+00:00,95118.4,max_holding,24,100.0,0.0037472312593587525,0.08014988925037436,0.37472312593587526,0.2945732366855009,5,0.5835277648156846,0.9876341577228118,1.4877295289666657,1.497880594532071,0.000622577715097929,-0.0039054632857373835,0.0006975274183149575,1.085337776048615,66.55604719763983,340.8785714285706
2025-05-06 22:15:00+00:00,95616.0,True,winner,2025-05-06 23:15:00+00:00,96763.392,take_profit,4,100.0,0.012000000000000075,0.08048,1.2000000000000075,1.1195200000000076,7,0.9249070631970369,0.9659851301115188,2.21586111740358,1.053252301582531,0.0009227655656079352,0.0017483367889825356,0.0013585592369477304,2.874788919285985,65.13374485596692,250.05714285714308
2025-05-06 22:30:00+00:00,96000.0,False,not_opened,,,,,,,,,,7,0.6626402070750647,0.7364969801553113,2.249961174095364,1.182143724204911,0.001212495979217389,0.0028098339362319772,0.0038093749999999695,3.3467396063915578,71.37543252595142,278.24285714285776
2025-05-06 22:45:00+00:00,96206.2,False,not_opened,,,,,,,,,,6,0.7169680111265763,0.8515299026425647,1.0853444534596004,1.2241731702476157,0.0012987939625375851,0.003939012030820206,0.0005560972161877301,1.6176655077937592,73.04825901038473,288.5642857142853
2025-05-06 23:15:00+00:00,96592.2,False,not_opened,,,,,,,,,,6,0.6674687922996041,0.6909309670627135,2.2853116568423464,1.3837718808817112,0.0014449433521262396,0.006126816559842291,0.002114042334681238,1.9738582222465668,80.09594043101592,332.1571428571427
2025-05-06 23:30:00+00:00,96837.9,True,loser,2025-05-07 05:30:00+00:00,96312.2,max_holding,24,100.0,-0.005428659646687889,0.07978285361413248,-0.5428659646687889,-0.6226488182829214,5,0.5878410722833642,0.9882719004308074,1.3768557728748316,1.4402761828833928,0.0015456536315242573,0.0074346301790283,0.0004151267220788255,1.1580718971245665,81.56070706065725,351.63571428571385
2025-05-07 00:00:00+00:00,96979.2,False,not_opened,,,,,,,,,,5,0.5399820305480865,0.7879604672057378,1.096857907790335,1.4131026795163026,0.0014058302335570756,0.009739865268902404,0.0010280555005609151,1.9412874281504613,89.10342965163413,357.6714285714271
2025-05-07 00:15:00+00:00,97213.6,False,not_opened,,,,,,,,,,5,0.43300683792276234,0.5133986324154637,1.6684396343061327,1.4874045538969507,0.0014985114449679847,0.010961650792532834,0.0016828921056313707,1.865503817096073,90.95800234199457,386.11428571428405
2025-05-07 13:30:00+00:00,97184.7,True,loser,2025-05-07 17:45:00+00:00,96407.2224,stop_loss,17,100.0,-0.007999999999999983,0.07968,-0.7999999999999983,-0.8796799999999982,7,0.8289085545722801,0.8677482792527081,3.856777170306225,1.260594703730205,0.0003172810617420947,0.013223468038318744,0.0025466971652945373,3.814625948160753,59.71550890760897,176.82857142857185
2025-05-07 14:15:00+00:00,97409.0,False,not_opened,,,,,,,,,,7,0.7405345211581352,0.9646436525612551,1.814416325705903,1.5110102178476879,0.0004759133993547328,0.013505972004666815,0.0014741964294880947,1.7125398574948552,62.063536688220374,224.40714285714265
2025-05-07 20:45:00+00:00,96723.8,True,winner,2025-05-08 01:00:00+00:00,97884.4856,take_profit,17,100.0,0.01199999999999997,0.08048,1.199999999999997,1.119519999999997,6,0.9116373086919078,0.999711233034966,0.8838129266891828,1.2588297607116041,0.00026690267017039575,0.006407113201141643,0.00326186522862005,1.1127967054183734,52.037450438143544,449.02142857142775
2025-05-07 21:00:00+00:00,96770.0,False,not_opened,,,,,,,,,,4,0.22400388726921852,0.8032069970845509,0.531473949254318,1.2435731451974599,0.00028683671606777734,0.006597201080243619,0.0004763873101168319,0.5767764231627606,53.99415734864504,453.50714285714224
2025-05-07 21:15:00+00:00,97102.0,False,not_opened,,,,,,,,,,6,0.867293625914309,0.971786833855792,0.98131200492195,1.1909763905562203,0.0005842587672971419,0.007032442144823405,0.003001997899116393,0.78472747542258,63.49414151993218,442.1857142857137
2025-05-07 21:30:00+00:00,97199.9,False,not_opened,,,,,,,,,,5,0.357717629846344,0.999634235552283,0.6951613313330992,1.0776806343479663,0.0006240067176336008,0.00751426696602083,0.0008960914568841252,0.8360420594518647,66.63723759073969,404.9642857142847
2025-05-08 02:15:00+00:00,98561.6,True,winner,2025-05-08 08:15:00+00:00,99487.0,max_holding,24,100.0,0.00938905212577712,0.08037556208503109,0.938905212577712,0.8585296504926809,7,0.8894728198390721,0.937099687961917,2.000361372558674,1.1534829629647767,0.0011722723582073178,0.013249681779518286,0.00549504066492433,2.74584559379666,74.91054122558516,337.22857142857123
2025-05-08 02:30:00+00:00,98626.7,False,not_opened,,,,,,,,,,3,0.22576177285317325,0.34729916897507584,0.9463732734750189,1.1958665182548982,0.001122790590779949,0.014114669635572648,0.0002717316913168839,1.935364527908113,74.84208559147815,346.09999999999957
2025-05-08 03:30:00+00:00,99076.8,False,not_opened,,,,,,,,,,7,0.7399415599011046,0.9406608226567891,1.4152338841792025,1.320716003787175,0.0011623785828292906,0.01713473545639661,0.0024334657558581405,1.2633044141855256,86.83261183261183,381.61428571428405
2025-05-08 09:45:00+00:00,99741.1,True,winner,2025-05-08 15:30:00+00:00,100937.99320000001,take_profit,23,100.0,0.012000000000000057,0.08048,1.2000000000000057,1.1195200000000058,6,0.9073435189749192,0.9073435189749192,1.0654833797195418,0.9219871887958389,0.000515315725553357,0.023273055283039194,0.0009133647012114947,0.8190277139816949,84.34409540430548,204.07857142857185
2025-05-08 14:30:00+00:00,99581.0,False,not_opened,,,,,,,,,,5,0.41820624790057515,0.4709439032583086,1.3762337332131378,1.259803857261452,0.00022949197733796136,0.020086157750610203,0.0009278878500918265,1.6730316365835116,50.47534368374237,240.07857142856872
2025-05-08 15:15:00+00:00,100597.4,False,not_opened,,,,,,,,,,7,0.6741334947782597,0.7460269411230458,4.337863567723727,1.7814377766376481,0.0011403897792732624,0.02057224692236814,0.008155280355158227,6.509264167847304,73.05265529933165,365.82142857142543
2025-05-08 15:30:00+00:00,101230.3,False,not_opened,,,,,,,,,,6,0.570180180180188,0.7631531531531583,3.1539466954594717,2.013718982972207,0.0016207667019552344,0.021691641262989652,0.0029368677164841248,4.0131471539788155,78.92239399969412,437.0999999999975
2025-05-08 16:45:00+00:00,101235.9,True,winner,2025-05-08 20:45:00+00:00,102450.73079999999,take_profit,16,100.0,0.011999999999999964,0.08048,1.1999999999999964,1.1195199999999965,5,0.40140140140136643,0.7337337337337214,0.7007329989829185,1.7868260820366422,0.001085819251572945,0.025143220493965182,0.0009650726669096348,0.6085710272670058,72.61434080148395,530.114285714283
2025-05-08 17:15:00+00:00,101486.7,False,not_opened,,,,,,,,,,4,0.5892380365578098,0.5892380365578098,1.086248438336601,1.5745465110918386,0.001125242091371349,0.026430864328164095,0.0016849498505715527,1.0605610049994143,76.01838458308063,524.4999999999969
2025-05-08 21:15:00+00:00,103307.5,True,loser,2025-05-08 22:00:00+00:00,102481.04,stop_loss,3,100.0,-0.008000000000000063,0.07968,-0.8000000000000063,-0.8796800000000062,5,0.4405139593908667,0.47239847715735805,3.99379137761729,1.1453677922178198,0.0017957144923097712,0.03148993914301957,0.004472085763376328,4.012914534500367,87.19839142091139,508.90000000000043
2025-05-08 23:45:00+00:00,103228.1,True,loser,2025-05-09 03:30:00+00:00,102402.2752,stop_loss,15,100.0,-0.008000000000000021,0.07968,-0.800000000000002,-0.879680000000002,6,0.6363953894516584,0.8536500174642202,0.5268000073601168,1.26927896123976,0.0008023212295880895,0.03591461668404781,0.0007565769398061751,0.5199538671217332,70.43406845575987,626.25
2025-05-09 07:30:00+00:00,103865.9,True,loser,2025-05-09 08:30:00+00:00,103034.97279999999,stop_loss,4,100.0,-0.008000000000000054,0.07968,-0.8000000000000054,-0.8796800000000053,6,0.20980769230767551,0.7421153846153734,2.140225958471377,0.9933978106821323,0.0008322715163504443,0.03087878295376876,0.0008559113241207575,2.441714599453831,83.66376748960036,240.42142857142713
2025-05-09 10:00:00+00:00,103006.8,True,loser,2025-05-09 16:00:00+00:00,102768.5,max_holding,24,100.0,-0.00231343950108151,0.07990746241995675,-0.231343950108151,-0.31125141252810773,4,0.38164099339832286,0.7981766740018991,0.7731570376491912,1.6351690222474722,2.3241577849593316e-05,0.027620059657496893,0.0003951195455057053,0.6912258309716587,49.917466528092035,508.84999999999957
2025-05-09 10:30:00+00:00,103229.7,False,not_opened,,,,,,,,,,5,0.5457585892368597,0.9568257829127476,0.7837857159878824,1.480374507510436,0.00022080623206629106,0.027266605598607906,0.0013842915362535606,0.7382486744414068,45.89525130440518,503.08571428571406
2025-05-09 10:45:00+00:00,103323.8,False,not_opened,,,,,,,,,,4,0.37101220953128733,0.5695155573060293,0.5926565673070395,1.3977543217515602,0.0002863312370073661,0.027227126719341025,0.0007732971493499923,0.691832346238313,42.38492105355721,495.35714285714283
2025-05-09 17:15:00+00:00,102997.4,True,loser,2025-05-09 23:15:00+00:00,102898.2,max_holding,24,100.0,-0.0009631311081638672,0.07996147475567345,-0.09631311081638672,-0.17627458557206016,6,0.9009074410163234,0.9009074410163234,0.6612343841879759,1.08966573999081,0.00011610537792220932,0.019725370374396513,0.0012000302920267044,0.9218654309594759,39.295166962764014,444.4571428571445
2025-05-09 17:30:00+00:00,103089.9,False,not_opened,,,,,,,,,,4,0.34648628335210474,0.6666666666666302,0.6353944053773447,1.0578094467910875,0.00019040823729858533,0.01968208989840749,0.0006324576898415567,0.5501565558516518,42.502529267235,435.3928571428592
2025-05-10 05:45:00+00:00,103319.9,True,loser,2025-05-10 11:45:00+00:00,103374.6,max_holding,24,100.0,0.0005294236637860823,0.08002117694655145,0.05294236637860823,-0.027078810567943215,5,0.5896504766227529,0.964139809350846,1.5574958464421198,1.0816234228707728,0.00022775566419387989,0.013391074454104002,8.517236272962284e-05,1.470143096107801,69.86147088636136,148.61428571428405
2025-05-10 06:00:00+00:00,103356.6,False,not_opened,,,,,,,,,,3,0.25918079096052354,0.25918079096052354,0.992639327024236,1.025708991780295,0.0002398087492973842,0.013467876428006544,0.00027864693691552266,2.5525248843071164,64.09017713365571,140.96428571428467
2025-05-10 06:15:00+00:00,103684.5,False,not_opened,,,,,,,,,,7,0.9915305505142515,0.9978826376285629,2.1601489757914014,1.1045599107843527,0.0005174720851074534,0.013755107475054575,0.0021507554166726945,3.306300463214265,78.15077132046284,152.81428571428427
2025-05-10 06:45:00+00:00,103908.0,False,not_opened,,,,,,,,,,7,0.7415435921867831,0.9716531681753346,2.4244174294706746,1.3118820581574608,0.0006352042064903698,0.014365434589546183,0.0006544250683296763,2.9248485975968297,84.79234682256534,186.61428571428405
2025-05-10 23:00:00+00:00,103961.2,True,winner,2025-05-11 05:00:00+00:00,104074.1,max_holding,24,100.0,0.0010859820779291576,0.08004343928311716,0.10859820779291576,0.0285547685097986,7,0.9244644870349493,0.987147688838789,2.290805785123967,1.06335581403797,0.0005321326450433781,0.008244695841943464,0.0013822464534845413,2.0751599964063563,72.58093687827795,198.6071428571418
2025-05-10 23:15:00+00:00,104772.2,False,not_opened,,,,,,,,,,7,0.780537106554998,0.7806333622100233,4.369991797589793,1.3901935848523315,0.0012149268869211837,0.00918746939166425,0.0076861992016966614,9.879196366144626,83.7378439032498,263.528571428571
2025-05-11 08:15:00+00:00,103806.8,True,loser,2025-05-11 14:15:00+00:00,103870.3,max_holding,24,100.0,0.000611713298165438,0.08002446853192663,0.06117132981654381,-0.01885313871538282,3,0.22309929372662127,0.2235147486497863,0.9981339415301619,0.9645156266581387,2.4979684285981715e-05,0.007370347664413219,0.00048070068627497167,1.5806558747383457,42.072549419197266,249.9428571428559
2025-05-11 09:00:00+00:00,104228.9,False,not_opened,,,,,,,,,,7,0.9930819013613227,1.0,1.8752092400401443,1.0910334260994499,0.00039765998575904516,0.007576712708600206,0.0022565718337236324,1.3827789361251777,56.36798723743662,270.08571428571304
2025-05-11 09:15:00+00:00,104267.7,False,not_opened,,,,,,,,,,4,0.1985670419652204,0.9370522006141081,0.8101328800348059,1.1012163431092052,0.00039509363416709515,0.007852346341975146,0.0003721190742675144,1.0909146396151885,60.85705000232112,270.14999999999833
2025-05-11 09:45:00+00:00,104313.1,False,not_opened,,,,,,,,,,3,0.35804701627489816,0.35804701627489816,0.9104941447653279,1.0960997884017014,0.0003676698574866725,0.008312199822532229,0.00024062174357780393,1.1405453653660962,59.978706929926325,265.84999999999854
2025-05-11 10:15:00+00:00,104455.8,False,not_opened,,,,,,,,,,5,0.7002947920078973,0.9734687192925268,1.2466312780726425,1.0590324314798119,0.0004368425293648858,0.008764733910008853,6.701399060627458e-06,1.0669810596606024,65.55090655509014,255.39285714285506
2025-05-11 10:45:00+00:00,104608.0,False,not_opened,,,,,,,,,,7,0.8326458456098955,0.9127872716558484,1.3485378258105902,1.0548686816065456,0.0005069416189138963,0.009277392416256747,0.0011471397981033956,1.337088960469787,71.28931635040246,254.55714285714203
2025-05-11 15:00:00+00:00,104450.1,True,loser,2025-05-11 21:00:00+00:00,103974.6,max_holding,24,100.0,-0.0045524130661435454,0.07981790347735426,-0.4552413066143546,-0.5350592100917089,7,0.6626008262836927,0.8526460751524814,1.7724079013895537,1.16299028329572,0.00020173022860709198,0.008862062746020298,0.002017231194608829,1.358553285633374,49.3714614720277,297.6428571428561
2025-05-11 18:30:00+00:00,104442.1,False,not_opened,,,,,,,,,,7,0.7512677155116351,0.8313613314263475,2.3905137848506888,1.0332938235673768,0.0003626564713139872,0.006371866983299168,0.0036086980250302197,2.0913932350823514,49.761989765559925,314.45714285714035
2025-05-11 23:45:00+00:00,104072.7,True,loser,2025-05-12 05:45:00+00:00,103906.3,max_holding,24,100.0,-0.001598882319762956,0.07993604470720948,-0.1598882319762956,-0.2398242766835051,5,0.5206335973322102,0.886202584410156,0.8542686726608891,1.067862885314418,4.122693183987492e-05,0.004620509560307031,0.0008916843706370923,1.133246649752967,44.31406306632826,304.79285714285754
2025-05-12 00:00:00+00:00,104273.0,False,not_opened,,,,,,,,,,6,0.7496257485030131,0.9367514970060091,0.9476521492410173,1.0931169019798397,0.00022017358466829598,0.004762917404624603,0.0016591063842030056,1.1665773702832027,50.49708604730882,311.79285714285754
2025-05-12 00:15:00+00:00,104362.6,False,not_opened,,,,,,,,,,4,0.47235387045821164,0.6556082148499411,0.6740735482038704,1.1120587325812217,0.00028079984669199953,0.0049629392498206516,0.0006966097050093773,1.4329753516582187,52.88842544317,318.528571428571
2025-05-12 01:00:00+00:00,104713.1,False,not_opened,,,,,,,,,,5,0.23947001394701764,0.3343096234309786,2.2897472336212776,1.212197565380877,0.0005153425420072097,0.00578726528140134,0.00108009408564932,4.994988144689261,64.20887684228369,357.3857142857149
2025-05-12 07:00:00+00:00,105570.6,True,loser,2025-05-12 07:30:00+00:00,104726.0352,stop_loss,2,100.0,-0.00800000000000007,0.07968,-0.800000000000007,-0.879680000000007,7,0.8071193144363934,0.8071852340145023,5.1524157255667955,1.0932356588297936,0.0013833117825413277,0.0046505839324873215,0.011325122714089015,11.057746643556747,81.1105731630105,313.6071428571418
2025-05-12 08:45:00+00:00,104560.6,True,loser,2025-05-12 11:45:00+00:00,103724.1152,stop_loss,12,100.0,-0.008000000000000054,0.07968,-0.8000000000000054,-0.8796800000000053,4,0.3878231859883189,0.48540450375315813,0.6245930247701487,1.4470530775434187,0.00019966696587056222,0.005837201205122262,0.0007316331390600283,0.6249857226438137,61.53889964688467,455.0
2025-05-13 15:00:00+00:00,103697.9,True,winner,2025-05-13 19:45:00+00:00,104942.2748,take_profit,19,100.0,0.012000000000000049,0.08048,1.2000000000000048,1.119520000000005,7,0.7499317871759851,0.8293315143246851,2.059364771657743,1.560247134187904,0.00033419994060564066,0.0019708718481398365,0.00272233092473414,1.3245453669719645,48.71232354063335,425.97142857143
2025-05-13 16:00:00+00:00,104286.6,False,not_opened,,,,,,,,,,7,0.8061174148988696,0.9847064627528439,2.003781185512874,1.425695319644575,0.0007807497734181304,0.003112137476163985,0.0049037939677773435,1.6481638499251838,58.56120072457511,447.65000000000146
2025-05-14 10:00:00+00:00,103610.4,True,loser,2025-05-14 15:00:00+00:00,102781.5168,stop_loss,20,100.0,-0.007999999999999967,0.07968,-0.7999999999999967,-0.8796799999999967,5,0.8119374703931846,0.920416864045459,0.906670102649955,1.3267942873639742,0.00010406285474880112,-0.0001097481506375422,0.0014149158771705472,1.6811825842061014,48.52475800446739,265.90000000000043
2025-05-14 10:15:00+00:00,103793.0,False,not_opened,,,,,,,,,,6,0.45581627558662796,0.7229156265601638,1.6216653847710878,1.3789170619079976,0.00026153607299298935,0.00012574643497381214,0.0015974102299770015,2.1191395476384054,51.856365614798776,283.25714285714326
2025-05-14 11:00:00+00:00,103918.7,False,not_opened,,,,,,,,,,5,0.9872389791183185,0.9872389791183185,1.0292946982964661,1.2598724657112552,0.0003226006247090256,0.0006783864809801295,0.00014145673492833426,0.9138245905549722,57.18818429637569,279.21428571428675
2025-05-14 11:30:00+00:00,104039.5,False,not_opened,,,,,,,,,,6,0.6683339746055839,0.7302808772604714,1.0155715765000375,1.1444618515283562,0.0003789649479252292,0.001219099795675428,0.0008621725402370935,0.9257277085523815,61.569166629706785,265.33571428571616
2025-05-14 16:00:00+00:00,103558.4,True,loser,2025-05-14 17:15:00+00:00,102729.9328,stop_loss,5,100.0,-0.007999999999999993,0.07968,-0.7999999999999993,-0.8796799999999992,4,0.47691552062866127,0.9361493123772074,0.6248849057761651,1.2728906508737372,1.7148922868826862e-05,-0.00010266959556953762,0.0005629673691365293,0.6830003821221896,37.706890114904205,373.3642857142872
2025-05-15 15:45:00+00:00,103211.2,True,loser,2025-05-15 21:45:00+00:00,103241.2,max_holding,24,100.0,0.0002906661292572899,0.0800116266451703,0.029066612925728992,-0.0509450137194413,5,0.7564327485380032,0.9099415204678277,0.813820673900628,1.385387448712684,0.0008952960455137524,-0.006353362205586407,0.001632574759328445,1.4679854877083742,60.95964125560548,481.03571428571325
2025-05-15 16:30:00+00:00,103553.8,False,not_opened,,,,,,,,,,6,0.743869209809273,0.9768392370572354,1.358315984270176,1.3028084033470264,0.000997608024093892,-0.004095470048234784,0.001968059115165285,0.932785181309264,62.61343012704191,491.6142857142851
2025-05-15 16:45:00+00:00,103798.9,False,not_opened,,,,,,,,,,5,0.8756698821007373,0.9960700250089108,0.6431304068104146,1.28120708005957,0.0011253518349987465,-0.0030373669449610505,0.0022302741165850506,1.1579338085462576,68.44558378000464,497.4071428571416
2025-05-15 17:15:00+00:00,103921.8,False,not_opened,,,,,,,,,,4,0.6218450826805902,0.6218450826805902,1.032727762984949,1.0882785148757754,0.0010470089694361198,-0.0012671897600581342,0.0006331684016250961,1.0507862277519957,76.51823037621932,441.9642857142847
2025-05-15 22:00:00+00:00,103737.9,True,winner,2025-05-16 04:00:00+00:00,104011.9,max_holding,24,100.0,0.0026412718977345795,0.08010565087590939,0.26412718977345795,0.18402153889754858,7,0.8770969450821249,0.9487903937842123,1.3691476372955191,1.0178407093559647,0.0005474290037712459,0.0012984397520097997,0.004414972734169479,1.7819111019457539,56.660852657764494,425.4214285714282
2025-05-16 09:45:00+00:00,103752.4,True,winner,2025-05-16 15:45:00+00:00,104144.0,max_holding,24,100.0,0.003774370520585604,0.08015097482082342,0.37743705205856043,0.29728607723773703,5,0.8851612903225619,0.8858064516128281,0.7769423558897214,1.1174334915452735,6.613375460633252e-05,0.003339584171477701,0.0003132457658810784,0.6024181099558272,44.933366859441385,218.19285714285903
2025-05-16 13:45:00+00:00,103953.8,False,not_opened,,,,,,,,,,7,0.7275457275457218,0.7275457275457218,1.755992329817841,1.0473649334536408,0.000310654261458435,0.0025252665806612274,0.0006368213571797961,2.463130779642435,59.93361454947807,212.25000000000105
2025-05-16 15:00:00+00:00,104060.8,False,not_opened,,,,,,,,,,7,0.7246417142062126,0.7246417142062126,2.609184970048993,1.4718289160622686,0.0004119968309257768,0.0024614792705492136,0.0013261477905224639,3.0206042237802184,59.12369577616012,320.1285714285727
2025-05-16 16:00:00+00:00,104257.3,True,loser,2025-05-16 22:00:00+00:00,103423.24160000001,stop_loss,24,100.0,-0.007999999999999946,0.07968,-0.7999999999999946,-0.8796799999999946,5,0.28895689875033265,0.31930629941341465,1.2523955538520186,1.489566405997923,0.000473357508560324,0.003507540763504583,0.001085775288636835,2.8093092582528865,60.36517019644864,362.7285714285733
2025-05-16 17:15:00+00:00,104230.0,False,not_opened,,,,,,,,,,3,0.5421469740633892,0.5425072046109606,0.8174683805232998,1.290547010501137,0.00033673690704961643,0.004252871411554039,7.38750839489311e-05,0.6198011065629451,54.21422032346653,374.96428571428777
2025-05-17 03:45:00+00:00,103464.7,True,loser,2025-05-17 09:45:00+00:00,102851.4,max_holding,24,100.0,-0.005927625557315712,0.07976289497770737,-0.5927625557315712,-0.6725254507092786,2,0.26854358419053626,0.4585814834867267,0.7769318134017499,1.2646977440400653,0.0002053144767266119,-0.001773049545805406,5.3158226912173914e-05,0.7932493761166742,56.620149761742454,270.97142857142796
2025-05-18 07:30:00+00:00,103571.7,True,winner,2025-05-18 13:30:00+00:00,104419.0,max_holding,24,100.0,0.008180806146852885,0.08032723224587413,0.8180806146852885,0.7377533824394144,4,0.17564402810305646,0.9238875878220089,0.7900823387916927,1.0031518100020844,0.00017121838367450392,0.0012566844513318253,0.00014482720665973426,0.8169563481136817,69.28820308611236,109.57857142857081
2025-05-18 07:45:00+00:00,103893.0,False,not_opened,,,,,,,,,,7,0.7884662576687188,0.8611042944785133,3.266794933461596,1.2506377323051519,0.0004489665889311566,0.0016423920027603671,0.0030300405224606367,5.855792971770851,78.6334736276526,137.44999999999916
2025-05-18 13:45:00+00:00,104708.2,True,winner,2025-05-18 16:45:00+00:00,105964.6984,take_profit,12,100.0,0.011999999999999969,0.08048,1.1999999999999968,1.119519999999997,6,0.5332718894009271,0.866728110599073,3.8075519371140123,1.269045767447236,0.00077662872736758,0.0049839297412853055,0.001797375945723421,4.294847502211397,84.63570327977128,157.35714285714286
2025-05-18 14:30:00+00:00,105176.0,False,not_opened,,,,,,,,,,7,0.8570235858902125,0.8570235858902125,2.644258630681382,1.7469871311058036,0.0010061599452989777,0.006800497545791986,0.002800068456682133,3.7277796525911024,81.6846411305322,228.98571428571555
2025-05-18 15:45:00+00:00,105484.2,False,not_opened,,,,,,,,,,4,0.2164224664224448,0.4471916971916892,1.3133155605444295,1.8645827946981155,0.0008571811203381268,0.01023200297555061,3.98163895635279e-05,1.159938907363968,85.37562889059475,309.0785714285718
2025-05-18 16:45:00+00:00,105789.2,False,not_opened,,,,,,,,,,5,0.5066343042071056,0.6593851132686084,2.0557172557172607,1.8428814881528315,0.0008590639271316315,0.01231177975824278,0.0016135862640042377,1.819159311257953,85.30490937110184,393.16428571428486
2025-05-18 22:45:00+00:00,105899.2,True,loser,2025-05-19 01:00:00+00:00,105052.0064,stop_loss,9,100.0,-0.007999999999999988,0.07968,-0.7999999999999988,-0.8796799999999988,7,0.8675577156743621,0.9433778857837111,1.7918181620256421,1.0567766116442554,0.0012869661287519412,0.007407188017945487,0.004973597534258966,1.7579236187918632,66.88483565137889,453.54285714285965
2025-05-18 23:45:00+00:00,106407.6,False,not_opened,,,,,,,,,,7,0.6918788133810305,0.7662528929097457,2.1235577298975756,1.0996320419311512,0.0013437777180883544,0.010774295172836972,0.004264732970201404,3.160442526661981,80.82661094372648,473.99285714285986
2025-05-19 14:45:00+00:00,104276.2,True,winner,2025-05-19 20:00:00+00:00,105527.5144,take_profit,21,100.0,0.012000000000000028,0.08048,1.2000000000000028,1.1195200000000027,6,0.9296924042686706,0.9296924042686706,1.9941789503333003,1.399359126190066,0.0011636865688832698,-0.005140869896764715,0.004347108928020036,2.0699395948853883,71.23499027302599,367.14285714285717
2025-05-19 15:00:00+00:00,104520.1,False,not_opened,,,,,,,,,,5,0.7380520266182569,0.9095583787054033,1.0195679326456224,1.4284165192956702,0.0012726426393399443,-0.00393816001813572,0.0019048967614842102,1.5853890641850503,73.64541213063767,381.07142857142856
2025-05-19 15:30:00+00:00,104819.9,False,not_opened,,,,,,,,,,6,0.7720854453294795,0.8549963794351798,1.5868775225865612,1.4710722908641438,0.0013221564140650998,-0.0017492232184254356,0.0017687481098531308,1.3731683395995524,82.55140628692936,411.48571428571347
2025-05-19 16:15:00+00:00,105058.4,False,not_opened,,,,,,,,,,7,0.977836213373371,0.9926746806911934,1.4152611082313462,1.41097934812969,0.0012237809332444189,0.001123412112166932,0.0013154588305170944,1.1625269188274776,84.40434157185817,431.1857142857137
2025-05-19 16:45:00+00:00,105314.4,False,not_opened,,,,,,,,,,7,0.7440029298662956,0.8432521516205733,1.3344737002871423,1.4008685275896455,0.0012437957829813454,0.0030711263749412412,0.002320670297699025,1.2602051222300785,84.86788842275725,459.10714285714283
2025-05-20 01:30:00+00:00,106290.0,True,loser,2025-05-20 06:15:00+00:00,105439.68,stop_loss,19,100.0,-0.008000000000000066,0.07968,-0.8000000000000066,-0.8796800000000066,5,0.4487034949267272,0.4550920706501286,1.55036049814288,1.2463403076516637,0.0006722321143197653,0.012878466738107424,0.0005644933672029354,1.796065485976538,65.16834902784368,384.19285714285695
2025-05-20 15:15:00+00:00,105044.5,True,winner,2025-05-20 18:00:00+00:00,106305.034,take_profit,11,100.0,0.011999999999999997,0.08048,1.1999999999999997,1.1195199999999996,7,0.6154803901224516,0.9539323511101944,1.6545922746781,1.4551011873205286,0.00025359146363715564,0.0011970031306493861,0.0013756074806391576,0.8554518103506586,47.64582734698912,334.2642857142845
2025-05-20 15:45:00+00:00,105294.5,False,not_opened,,,,,,,,,,5,0.7922291735264952,0.7922291735264952,1.011844275266994,1.4211021908708095,0.00043240901295506234,0.0017682261658979847,7.122879162729298e-05,0.773086682836627,61.44163763066175,343.3428571428573
2025-05-20 17:00:00+00:00,106051.1,False,not_opened,,,,,,,,,,7,0.9054438350599174,0.9055453991468623,2.6722394865044663,1.4221119090195502,0.0009680857208553269,0.0034522836798289228,0.00543983042137242,2.903973236229082,80.31708825731668,412.12142857143044
2025-05-20 17:30:00+00:00,106157.7,False,not_opened,,,,,,,,,,4,0.3461024498886285,0.9746102449888772,0.6120418205858669,1.2441373977640477,0.000884830582426591,0.004971769810630677,0.0001281112910320332,0.64311354157174,79.24975117548124,386.1571428571447
2025-05-20 19:15:00+00:00,106267.0,True,winner,2025-05-21 01:15:00+00:00,106737.4,max_holding,24,100.0,0.004426585863908779,0.08017706343455636,0.4426585863908779,0.3624815229563215,7,0.6873620715021319,0.8153597175224355,1.6443293981033358,1.1944978194961091,0.0006996777767040381,0.0070318792276021615,0.0023149237298502826,1.4262676514903811,63.341290092462984,436.4857142857155
2025-05-20 19:30:00+00:00,106476.9,False,not_opened,,,,,,,,,,5,0.6210059171597461,0.6357988165680302,0.8152042834402563,1.1579078575195345,0.0008195385941494328,0.007682101288809755,0.0007926601920228161,1.397551755026098,68.85850991114148,431.3000000000008
2025-05-20 19:45:00+00:00,106972.2,False,not_opened,,,,,,,,,,6,0.6382731958762924,0.6382731958762924,1.7980860578816829,1.2012859513014504,0.0011790231257112664,0.008626288527339245,0.0034794086687942954,3.084676368926303,71.85013098709898,456.6714285714292
2025-05-21 06:15:00+00:00,107827.6,True,loser,2025-05-21 07:15:00+00:00,106964.9792,stop_loss,4,100.0,-0.008000000000000038,0.07968,-0.8000000000000038,-0.8796800000000038,7,0.6839502472651082,0.836505319946065,1.944630628005254,1.066281120632795,0.0006756239901850398,0.014816809445447622,0.00126683706212515,1.89035762229959,71.44234800838568,354.528571428571
2025-05-21 13:30:00+00:00,107088.3,True,winner,2025-05-21 14:45:00+00:00,108373.35960000001,take_profit,5,100.0,0.012000000000000073,0.08048000000000001,1.2000000000000073,1.1195200000000072,7,0.9175243951343448,0.9175243951343448,3.144400311035505,0.9212426447394167,0.0005031033249564761,0.007252040977203975,0.004530840437283971,2.5949188786361783,67.0297212479233,247.19999999999814
2025-05-21 13:45:00+00:00,107208.3,False,not_opened,,,,,,,,,,5,0.19436345966958396,0.3171363783608759,2.3589194971917573,1.0414307125757034,0.0005612807768501878,0.007674484308747943,0.0005438011795728774,3.6577992586154418,72.9110637113976,274.2142857142836
2025-05-21 14:30:00+00:00,107715.7,False,not_opened,,,,,,,,,,5,0.5377081292850092,0.958006856023503,2.6215617678210594,1.3851920105860471,0.0008443054215635457,0.009184683127734232,0.00015132427306328522,2.0578752040949304,74.57004830917901,357.03571428571223
2025-05-21 14:45:00+00:00,108963.1,False,not_opened,,,,,,,,,,7,0.9173407854096235,0.9816884836005338,3.6596065344349906,1.6496844089064202,0.0018454277249439603,0.01064181586656562,0.011133126719045308,5.656532314908666,81.99923400995817,435.1714285714271
2025-05-21 16:30:00+00:00,109455.6,True,loser,2025-05-21 17:15:00+00:00,108579.95520000001,stop_loss,3,100.0,-0.00799999999999995,0.07968,-0.799999999999995,-0.879679999999995,5,0.6265832681782825,0.6803752931978199,1.2333773710450446,1.7270514105685288,0.0013498932271889166,0.017802179698537677,0.0019012275297015941,1.6718998928900926,91.99074704041361,641.7642857142845
2025-05-21 19:30:00+00:00,108060.0,True,winner,2025-05-21 23:15:00+00:00,109356.72,take_profit,15,100.0,0.01200000000000001,0.08048,1.200000000000001,1.119520000000001,7,0.7313950607086827,0.7313950607086827,1.4651886096017186,1.1903015846835074,0.0005458543606570143,0.011654782407240707,0.006385341476957246,1.0035996151019784,41.84773703011835,837.6428571428571
2025-05-21 19:45:00+00:00,108547.3,False,not_opened,,,,,,,,,,5,0.544651838605124,0.7175589583100503,1.114120452521928,1.2062445037275003,0.0009192022727328947,0.01231017958606066,0.0014933581949989159,0.7189787107823851,46.147892987754034,875.4142857142859
2025-05-22 01:00:00+00:00,110072.0,True,winner,2025-05-22 03:30:00+00:00,111392.864,take_profit,10,100.0,0.012000000000000012,0.08048,1.2000000000000013,1.1195200000000014,4,0.20685279187816932,0.3261421319797009,1.3612675988752023,1.026935590782741,0.0009438646953707432,0.021013816380030758,0.0001544443636892216,1.6824991820068413,71.90172040795288,580.4214285714281
2025-05-22 02:15:00+00:00,110405.3,False,not_opened,,,,,,,,,,5,0.4809276777540325,0.7131522734208156,1.1889665931952957,1.1944947645745683,0.0008960522710600903,0.02295767963860657,0.0009283974591799488,0.8900330324511708,72.01888106476824,644.7857142857132
2025-05-22 03:30:00+00:00,111290.0,False,not_opened,,,,,,,,,,7,0.6702851007992273,0.7494930215913166,1.3935782027944763,0.9831122383217199,0.0012604356723614452,0.02555330923869758,0.003773923982388355,1.4984615509300527,71.08899076807135,539.3571428571439
2025-05-22 03:45:00+00:00,111755.9,True,loser,2025-05-22 05:45:00+00:00,110861.8528,stop_loss,8,100.0,-0.008000000000000009,0.07968,-0.8000000000000008,-0.8796800000000008,6,0.8081597222222222,0.8081597222222222,0.9399477806788512,0.998821601897843,0.001532678783280491,0.026566126232871932,0.002289811992029004,1.9893984718417386,81.20779413952106,552.1571428571436
2025-05-22 15:30:00+00:00,111457.3,True,loser,2025-05-22 21:30:00+00:00,110925.7,max_holding,24,100.0,-0.004769539545637708,0.0798092184181745,-0.4769539545637709,-0.5567631729819453,6,0.8070692194403608,1.0,1.0572089505760973,1.3110576323290326,0.00041450644522016063,0.02183595838199202,0.0018778491852934076,0.78868992733087,59.85590354359662,491.6714285714292
2025-05-23 02:15:00+00:00,111534.6,True,loser,2025-05-23 04:30:00+00:00,110642.3232,stop_loss,9,100.0,-0.008000000000000061,0.07968,-0.8000000000000062,-0.8796800000000061,5,0.5394932935916754,0.8375558867362314,0.7741712175986584,1.000423787572269,0.00019765636910220113,0.016025945722935277,0.0005791924658357659,1.3104270512100207,64.58832101592608,275.692857142858
2025-05-23 14:00:00+00:00,109856.0,True,loser,2025-05-23 15:00:00+00:00,108977.152,stop_loss,4,100.0,-0.007999999999999985,0.07968,-0.7999999999999984,-0.8796799999999984,5,0.6638633377135501,0.7014454664914433,0.6619118030790649,1.784124056818718,0.00021084482991061055,-0.001833556655440716,0.0014382464316923973,1.0039611662852603,38.34413421355463,710.3642857142861
2025-05-24 11:00:00+00:00,109251.0,True,loser,2025-05-24 17:00:00+00:00,109073.6,max_holding,24,100.0,-0.0016237837639929537,0.07993504864944029,-0.16237837639929537,-0.24231342504873565,3,0.522813208974025,0.5230652886312113,1.377334907298106,1.2375182432698855,0.0008610790257192344,-0.005416665970175047,0.0002654437945648095,1.631665901558054,74.47989442633126,302.5285714285679
2025-05-25 22:00:00+00:00,108316.8,True,winner,2025-05-26 01:00:00+00:00,109616.60160000001,take_profit,12,100.0,0.012000000000000057,0.08048,1.2000000000000057,1.1195200000000058,6,0.6747238081115162,0.7596203751760972,5.262398064692311,1.2841768470040618,0.0007629954838943979,-0.004629512246045719,0.0046087033590356905,8.624391882204366,72.24169741697422,290.12857142857166
2025-05-25 22:45:00+00:00,109122.6,False,not_opened,,,,,,,,,,6,0.7629577464788896,0.9346478873239519,2.2710915633746396,1.6637986697025116,0.001244772459411127,-0.002012523721326275,0.0044042205739233285,3.5790589279639895,77.43813682678321,384.67857142857247
2025-05-26 00:30:00+00:00,109140.6,False,not_opened,,,,,,,,,,7,0.7285360746240627,0.7938320959451918,1.309044693920746,1.599250012102286,0.0007520889379174718,0.0023266909440966834,0.0008576093589370574,1.2263113665488323,68.02776643527956,483.74285714285776
2025-05-26 00:45:00+00:00,109500.1,False,not_opened,,,,,,,,,,6,0.7707975986277729,0.8477701543739308,1.1358986848514543,1.5246773822030661,0.0009909037790467568,0.003183353552823752,0.002294061831907109,1.2762582996880354,78.85734778890442,484.6214285714294
2025-05-26 09:15:00+00:00,109858.5,True,loser,2025-05-26 15:15:00+00:00,109836.0,max_holding,24,100.0,-0.0002048089132839061,0.07999180764346864,-0.02048089132839061,-0.10047269897185925,3,0.4497354497354497,0.5740740740740741,0.7914904309225699,1.1218682600001186,0.0001709028786834104,0.010267856458186325,0.0002257449355307319,0.7972454848520857,57.342503438789265,265.278571428571
2025-05-26 15:15:00+00:00,109836.0,False,not_opened,,,,,,,,,,7,0.8340997523877091,0.9504775380261756,1.2641416625676234,1.1434746930289053,0.00014575449061609606,0.008099963375603278,0.001238209694453549,1.1227927479924507,54.07869875955003,243.35714285714286
2025-05-26 15:30:00+00:00,109914.9,True,loser,2025-05-26 17:45:00+00:00,109035.5808,stop_loss,9,100.0,-0.007999999999999983,0.07968,-0.7999999999999983,-0.8796799999999982,5,0.13989361702126626,0.13989361702126626,2.283816889716754,1.2570555052464598,0.00020014302597262955,0.008192842759172007,0.0005904567988506943,5.401144659779799,60.04235217462113,270.19285714285695
2025-05-27 13:00:00+00:00,110331.4,True,loser,2025-05-27 14:30:00+00:00,109448.74879999999,stop_loss,6,100.0,-0.008000000000000068,0.07968,-0.8000000000000068,-0.8796800000000068,7,0.7594591965761929,0.7831922964692077,4.583082581076544,1.1422714364928748,0.0007066155895007242,0.004777663794090441,0.0050003897349258425,5.858663877929998,68.80613156533573,242.7857142857174
2025-05-27 15:30:00+00:00,109952.4,True,loser,2025-05-27 21:15:00+00:00,109072.7808,stop_loss,23,100.0,-0.008000000000000009,0.07968,-0.8000000000000009,-0.8796800000000009,6,0.7293000206483481,0.7943423497831814,1.1462721893491152,1.7875047703929774,0.00025786753876652895,0.005014892107679929,0.0024647029078037406,1.0584772313367414,53.982073606081514,538.6428571428581
2025-05-27 15:45:00+00:00,110091.3,False,not_opened,,,,,,,,,,3,0.5706655710764328,0.5706655710764328,0.5654416205919426,1.6945319748808763,0.00035317437203308684,0.0052750040084096825,0.00035697643683018466,0.8187221257183392,54.41756340787099,540.0642857142874
2025-05-27 16:30:00+00:00,110394.2,False,not_opened,,,,,,,,,,6,0.8369776482021262,0.8644314868804613,0.8985035855008331,1.353637804350953,0.0005246284470995992,0.006087223381639434,0.0008705167481624149,0.5974111078265678,51.00345136137037,503.33571428571514
2025-05-29 10:45:00+00:00,108712.7,True,loser,2025-05-29 13:30:00+00:00,107842.9984,stop_loss,11,100.0,-0.008000000000000002,0.07968,-0.8000000000000003,-0.8796800000000002,5,0.6702188940091858,0.6705069124423823,1.6470197575959524,1.0482078153383654,0.00046323686919828806,-0.0009221699795834917,0.0014966052724290455,2.8636775498148275,76.74306226701668,232.04999999999978
2025-05-29 11:00:00+00:00,108844.9,False,not_opened,,,,,,,,,,4,0.7996368038740532,0.9085956416464522,0.7789880699768871,1.0487982993866805,0.0005342835736301686,-0.00043342235972181927,0.00016353545274044406,1.3069059388596385,86.17249740214716,230.29999999999978
2025-06-01 16:00:00+00:00,105050.0,True,winner,2025-06-01 22:00:00+00:00,105675.5,max_holding,24,100.0,0.00595430747263208,0.08023817229890529,0.595430747263208,0.5151925749643027,4,0.566046034305824,0.6554757366955022,3.002200704225368,1.2522738397025324,0.0006078103632293653,-0.0013671901213439153,0.002760590195145169,4.966306996973893,82.6301339160643,244.87857142857268
2025-06-01 21:30:00+00:00,105318.4,False,not_opened,,,,,,,,,,6,0.6228145600458355,0.6228145600458355,1.4436444885799191,1.0644386041347478,0.0003635627739331597,0.002745529779486751,0.0009362086776858676,1.8599258192197765,57.14559901731196,270.4928571428557
2025-06-02 06:30:00+00:00,105114.8,True,loser,2025-06-02 10:15:00+00:00,104273.88160000001,stop_loss,15,100.0,-0.007999999999999953,0.07968,-0.7999999999999953,-0.8796799999999952,7,0.7213930348258856,0.9232409381663408,1.3762410133515801,1.0232998558047932,0.00016990288511331143,0.0012640530110509258,0.0016876786142389912,1.7112060800831408,64.20506560878883,203.01428571428343
2025-06-02 08:00:00+00:00,105476.0,False,not_opened,,,,,,,,,,5,0.5315832649713055,0.7202625102543221,1.2162027337124857,1.048985984955557,0.0003608417936733846,0.002593295331542002,0.0007347643065721112,1.3590549993885592,71.93105381165901,210.72142857142586
2025-06-02 08:15:00+00:00,105763.2,False,not_opened,,,,,,,,,,6,0.5654656428430801,0.730655640874179,2.409049945453677,1.1384949538185047,0.0005842084381319453,0.003083691109906288,0.002070663520014523,3.3108675202211,82.07659149122217,229.8857142857118
2025-06-02 22:15:00+00:00,105719.1,True,loser,2025-06-03 04:15:00+00:00,105262.9,max_holding,24,100.0,-0.00431520888846019,0.07982739164446159,-0.43152088884601897,-0.5113482804904805,7,0.861707200762996,0.9206803369893598,2.0556136452751455,1.040792025152026,0.0009893853414038101,0.0005266735323448557,0.004992475342676989,4.589496253524415,73.85406447684461,315.9071428571447
2025-06-03 13:30:00+00:00,105542.5,True,winner,2025-06-03 19:30:00+00:00,106249.6,max_holding,24,100.0,0.006699670748750559,0.08026798682995002,0.6699670748750559,0.5896990880451058,6,0.2328949312841778,0.8469040933944081,4.802696948190313,1.1565773403261665,0.0002596199122286165,0.0025834229046678933,0.0011881469550180654,4.879033817027802,68.25720847154929,143.73571428571344
2025-06-03 14:15:00+00:00,105739.5,False,not_opened,,,,,,,,,,7,0.959341563786013,0.9756378600822997,3.13087844976422,1.7165123631330352,0.0004157940782216618,0.0028377224353120897,0.0008833028338510602,2.6543539762528603,65.00531475138783,227.64999999999938
2025-06-03 14:30:00+00:00,106299.9,False,not_opened,,,,,,,,,,7,0.989931107578146,0.999823352764519,2.6765957446808786,1.893121208535081,0.0008762949159915535,0.0035794168402502654,0.005132648290355789,3.797090815937733,73.17702439686786,262.80714285714305
2025-06-03 14:45:00+00:00,106495.1,False,not_opened,,,,,,,,,,6,0.33333333333334164,0.7080129847941341,2.466238280838525,2.013445647657959,0.0009659515194629227,0.004402336360598451,0.0018320091722530503,4.98720613472425,78.32195037607029,295.96428571428675
2025-06-03 22:15:00+00:00,105755.0,True,loser,2025-06-04 04:15:00+00:00,105527.2,max_holding,24,100.0,-0.002154035270200018,0.079913838589192,-0.21540352702000182,-0.2953173656091938,5,0.5877576514678476,0.8182386008744237,0.5934575108887219,1.0093891376997781,2.2727453689325203e-06,0.004496379998930524,0.0008406221928040677,0.6303987108944746,45.21864936762045,285.4285714285735
2025-06-03 22:30:00+00:00,105828.2,False,not_opened,,,,,,,,,,4,0.5736677115986971,0.9890282131660763,0.4795640326975669,1.02570086567153,6.792983234168903e-05,0.004509393443257381,0.00041671312561293935,0.4691658004547054,45.18283285854381,285.6785714285735
2025-06-04 09:30:00+00:00,105619.9,True,loser,2025-06-04 12:30:00+00:00,104774.9408,stop_loss,12,100.0,-0.007999999999999978,0.07968,-0.7999999999999977,-0.8796799999999977,7,0.8180619644034339,0.9996704021094073,2.369572008747191,1.0042349863383238,0.00023138898790635905,0.0005603723040073359,0.0016085983796613535,1.5558232769786924,70.4292343387466,132.70714285714453
2025-06-04 09:45:00+00:00,105783.4,False,not_opened,,,,,,,,,,6,0.6541232986388802,0.6545236188951085,1.8181818181818181,1.1081423685102116,0.0003562294243807085,0.0008729503854232285,0.0015446657982253755,3.5508881495676943,75.71976024368645,144.8642857142882
2025-06-04 10:00:00+00:00,105902.3,False,not_opened,,,,,,,,,,5,0.4817518248175471,0.7368207623682219,1.7172701949860028,1.1579016847906818,0.00042886789865107216,0.001247354778691914,0.00030783089696829834,2.317858514679116,76.82423560307606,150.36428571428718
2025-06-04 15:15:00+00:00,105357.1,True,loser,2025-06-04 20:15:00+00:00,104514.24320000001,stop_loss,20,100.0,-0.007999999999999945,0.07968,-0.7999999999999944,-0.8796799999999944,6,0.7832369942196867,0.783477842003866,1.5364973633083432,1.3607311065287648,0.0003214136314104597,-0.0023899865187278144,0.0022153229350467003,1.639054138073422,57.9344960454268,302.8428571428573
2025-06-05 12:00:00+00:00,105061.1,True,loser,2025-06-05 14:00:00+00:00,104220.6112,stop_loss,8,100.0,-0.008000000000000061,0.07968,-0.8000000000000062,-0.8796800000000061,6,0.705479452054836,0.7986790606653847,2.901657380132653,1.0276619029066496,0.00034492163018179394,-0.0028249235655695443,0.002391941451212703,3.6954621171322044,69.3748065614365,147.9000000000004
2025-06-05 12:15:00+00:00,105354.5,False,not_opened,,,,,,,,,,6,0.7131745260087465,0.7401555663587854,2.609826497922381,1.1798135267130339,0.0005764298592498289,-0.0022728202259081178,0.0020037112795372367,3.7558791728174996,73.89354264230629,170.8285714285708
2025-06-05 12:45:00+00:00,105600.7,False,not_opened,,,,,,,,,,4,0.5139904209730166,0.6370052936727979,2.24460350241887,1.3551351155807847,0.0006891691015465673,-0.0011103130774960835,0.0011742346404900726,3.664685546377916,76.63518299881964,200.67857142856934
2025-06-05 13:00:00+00:00,105764.5,False,not_opened,,,,,,,,,,3,0.5900576368876062,0.5900576368876062,1.5108305213889557,1.392774169076852,0.0007700657733938582,-0.00040795158765152476,0.00018720837331999784,2.804617116425921,77.91294642857171,209.82142857142753
2025-06-06 13:30:00+00:00,104308.8,True,loser,2025-06-06 19:30:00+00:00,104220.0,max_holding,24,100.0,-0.0008513183930790394,0.07996594726427683,-0.08513183930790394,-0.16509778657218077,6,0.6698355213520608,0.7368341632714729,3.0273406272127104,1.3684713544893197,0.0006142327679009653,-0.00012583652242443237,0.0029834491433129045,2.9141057149543776,69.67031491304665,248.52857142857206
2025-06-06 14:15:00+00:00,104507.9,False,not_opened,,,,,,,,,,6,0.7030812324929727,0.9044506691565162,1.2507542285458524,1.5850964444688929,0.0006594607314909073,0.0011796126456525859,0.0002363457690758028,1.1603621620230502,71.05980209379032,309.04285714285965
2025-06-06 14:30:00+00:00,104729.9,False,not_opened,,,,,,,,,,6,0.49366244162773903,0.9561930175672423,1.6662343917892808,1.6359073468405565,0.0007972700511965532,0.0018793727965428842,0.0018266034819090667,1.903930727620783,72.44047890016849,330.12142857143147
2025-06-06 15:00:00+00:00,105114.8,False,not_opened,,,,,,,,,,7,0.7061442564559216,0.9168299198575297,1.8726341943337226,1.6658583662349766,0.0009999861030305596,0.003358810847023182,0.0023945248433141393,2.098840748944097,75.70866141732313,365.5714285714317
2025-06-06 17:45:00+00:00,104874.9,False,not_opened,,,,,,,,,,6,0.8543736370244579,0.8822389144656987,1.1171263838886802,1.0652116243868652,0.0003506915160028205,0.006285303489174607,0.0008200246198089344,0.6269580858209799,56.905765467409346,365.692857142858
2025-06-07 03:00:00+00:00,104686.4,True,winner,2025-06-07 09:00:00+00:00,104831.9,max_holding,24,100.0,0.0013898653502269636,0.08005559461400907,0.13898653502269637,0.05893094040868729,7,0.6493386650261073,0.7886804060288821,1.7971751568589864,1.0698519864970304,0.0003052271025166983,0.003500009834327669,0.0010163688884133391,2.6955155695170054,66.1796066661401,192.75714285714432
2025-06-07 09:15:00+00:00,104877.2,True,winner,2025-06-07 15:15:00+00:00,105403.1,max_holding,24,100.0,0.005014435930783895,0.08020057743723136,0.5014435930783895,0.4212430156411581,4,0.43461538461535665,0.8163461538460979,0.6553038656627034,1.1449500755065698,8.555659310717931e-05,0.0057204089293484035,4.76748044379522e-06,0.5562859775138158,51.70400456939763,181.4214285714292
2025-06-07 10:00:00+00:00,104899.8,False,not_opened,,,,,,,,,,5,0.9339464882943582,0.9991638795987351,0.7406031333208973,1.1008485361823022,0.00010292550683226998,0.005596109827718273,3.336517324151237e-05,0.49989552082130173,51.61617366412205,180.0999999999996
2025-06-07 12:30:00+00:00,105585.5,False,not_opened,,,,,,,,,,7,0.6732460426030916,0.7762360758256779,3.2111703796673656,1.036194165355288,0.0005276294899384051,0.0071435063865264775,0.0032599173181923377,5.757540025547281,77.11571675302255,171.20000000000124
2025-06-08 01:30:00+00:00,105603.3,True,loser,2025-06-08 07:30:00+00:00,105382.2,max_holding,24,100.0,-0.0020936845723571688,0.07991625261710572,-0.2093684572357169,-0.2892847098528226,6,0.8525411596278333,0.8525411596278333,1.1862104101214013,1.051408877309161,3.327299668183532e-05,0.007121532047797532,0.0005198701176952683,0.8206218947512954,46.16387999525691,127.69285714285694
2025-06-08 01:45:00+00:00,105644.5,False,not_opened,,,,,,,,,,4,0.2237343494828877,0.3685356559607957,1.4934959349593346,1.0949977298827533,6.72340352420853e-05,0.007108130944924924,0.00019499358698281332,1.4745604530942515,43.65148318232573,131.78571428571428
2025-06-08 10:30:00+00:00,105383.6,True,winner,2025-06-08 16:30:00+00:00,106130.0,max_holding,24,100.0,0.007082695979260474,0.08028330783917043,0.7082695979260474,0.6279862900868769,7,0.8980392156862745,0.8983006535947865,3.1733521383829886,1.3705116206808596,9.497223497101202e-05,0.002856144005901495,0.002004106900884119,2.4806785850229858,46.20790629575422,132.3214285714296
2025-06-08 11:15:00+00:00,105537.0,False,not_opened,,,,,,,,,,4,0.5123780945236416,0.5138784696173931,1.951255214813748,1.5308136262216079,0.00021384886688250837,0.00305579813827695,0.00021130030226368867,1.7364337296100392,56.17800220924739,161.22857142857433
2025-06-08 12:00:00+00:00,105702.7,False,not_opened,,,,,,,,,,5,0.4410987849973519,0.8816693079767122,1.3028665817819016,1.519593252461692,0.0002988323158703839,0.0036328697423405622,0.0003415239156614852,1.3237604336263802,61.513867202022276,178.68571428571678
2025-06-08 13:30:00+00:00,105805.9,False,not_opened,,,,,,,,,,6,0.7666882696045764,0.8165910563836528,0.9080209498028678,1.2290876422439572,0.00028554938114902316,0.004381665476087041,0.0010481457083205586,1.44644792429589,79.1583304587785,175.90000000000146
2025-06-08 15:00:00+00:00,105973.4,False,not_opened,,,,,,,,,,7,0.7142363510711861,0.7408431237042105,1.3971227189340203,1.1636440906527554,0.00034955058978185753,0.004973328332969005,0.001042714492504723,1.4522480531541007,65.35200884629594,203.4000000000004
2025-06-08 16:00:00+00:00,106102.6,False,not_opened,,,,,,,,,,5,0.5940912010276284,0.6875401412973983,1.579187585577337,1.0959369479548724,0.00035875295466928535,0.005766812182224004,0.0009292891974372523,1.4158541068952153,72.7755229472375,207.38571428571282
2025-06-09 08:45:00+00:00,105889.8,True,winner,2025-06-09 10:00:00+00:00,107160.4776,take_profit,5,100.0,0.011999999999999957,0.08048,1.1999999999999957,1.1195199999999956,7,0.7826249067859792,0.9373601789709091,2.1186507623036013,1.0269848868221454,0.0003235347197622013,0.0012996645774551435,0.001634718358142199,3.097554988393482,73.56289919466803,134.0857142857151
2025-06-09 09:15:00+00:00,106100.7,False,not_opened,,,,,,,,,,7,0.7040723981900276,0.9070889894419218,2.3532334776744444,1.1852605053162266,0.00045554012575855216,0.0019205313872903498,0.0017115815447022618,2.3491230766772144,80.05607039950056,153.20000000000124
2025-06-09 09:30:00+00:00,106571.5,False,not_opened,,,,,,,,,,7,0.9633797054009644,0.9754500818330607,3.0611222444889905,1.3415442606604355,0.0008310670918676922,0.0026372609150242454,0.004128683559863565,4.723872095801419,85.25873481839558,174.90000000000146
2025-06-09 10:00:00+00:00,107140.4,False,not_opened,,,,,,,,,,7,0.7525370804059196,0.8183710642726975,3.7753272588844995,1.7308318931022941,0.0011831990296338507,0.00428652644940746,0.0024556563163847744,4.280738226225091,87.61944716356611,237.135714285717
2025-06-09 11:30:00+00:00,107682.0,True,loser,2025-06-09 13:45:00+00:00,106820.544,stop_loss,9,100.0,-0.008000000000000052,0.07968,-0.8000000000000052,-0.8796800000000051,7,0.6476459101757308,0.7986548058147078,1.7893817334757052,1.7783317144339563,0.0010885490513171355,0.009147972799003654,0.0018201742166750246,1.9417716044822249,91.35533980582554,325.62142857143147
2025-06-09 12:30:00+00:00,107873.4,False,not_opened,,,,,,,,,,7,0.9675913210655939,0.9678659708870875,1.2757980307649248,1.50800191723311,0.0009219058855371569,0.011718190468196828,0.0010790426555572939,1.0555603737974388,87.07948243992647,340.46428571428885
2025-06-09 14:30:00+00:00,107787.2,True,winner,2025-06-09 20:30:00+00:00,108605.1,max_holding,24,100.0,0.007588099514599218,0.08030352398058396,0.7588099514599218,0.6785064274793379,6,0.841426858513166,0.84172661870503,0.95789126096508,1.1197933974535457,0.0005468277954342794,0.013210765258662726,0.0014222467973934096,1.019348872526269,57.64687835557618,336.9714285714311
2025-06-09 17:00:00+00:00,108218.5,False,not_opened,,,,,,,,,,7,0.8768049155145974,0.9500768049155146,1.799311783972024,1.1208422199028873,0.0005984917201352238,0.01488148059141614,0.00109500686111894,1.1277230693148868,63.06567071272974,388.1428571428582
2025-06-09 21:15:00+00:00,110530.1,True,loser,2025-06-10 01:45:00+00:00,109645.8592,stop_loss,18,100.0,-0.007999999999999997,0.07968,-0.7999999999999996,-0.8796799999999996,7,0.9443011502265638,0.9443011502265638,4.28317632832211,1.142654044210299,0.0018609937361490686,0.019657700272446045,0.010568161975787643,4.0328366187922935,86.15275722282976,343.30714285714413
2025-06-10 09:45:00+00:00,109475.5,True,loser,2025-06-10 14:30:00+00:00,108599.696,stop_loss,19,100.0,-0.008000000000000035,0.07968,-0.8000000000000035,-0.8796800000000035,5,0.8494444444444121,0.9194444444444444,0.8195974865677089,1.0404790685010474,0.00015954847099860521,0.015258756661083435,0.00035807098391874974,0.7517777973666582,53.81820628406105,214.27142857142877
2025-06-10 20:45:00+00:00,109910.6,True,loser,2025-06-11 02:45:00+00:00,109642.1,max_holding,24,100.0,-0.0024428944978919227,0.07990228422008433,-0.2442894497891923,-0.3241917340092766,6,0.7072181670721807,0.8580697485807008,1.0800473013416907,1.0314331758646293,0.0005511205940345084,0.010322241825984377,0.002058036258559335,0.6407307619454191,70.01975929585033,373.0428571428565
2025-06-10 22:00:00+00:00,109969.8,False,not_opened,,,,,,,,,,4,0.4508503891611554,0.521475929662739,1.0173766405161924,1.0702422145328743,0.0004282759188640918,0.011309994014996159,0.0007438405816869987,1.0579511546209863,67.1700734998353,375.5785714285718
2025-06-11 12:30:00+00:00,109769.0,True,loser,2025-06-11 18:00:00+00:00,108890.848,stop_loss,22,100.0,-0.008000000000000018,0.07968,-0.8000000000000017,-0.8796800000000017,7,0.7435390481570339,0.7435390481570339,3.8262232188690746,1.31920562049486,0.0003827779534226124,0.004949197952678168,0.003064617514963188,7.315275101174346,63.14561544650098,201.25
2025-06-11 14:00:00+00:00,109948.2,False,not_opened,,,,,,,,,,7,0.807290339026242,0.9227631914351193,1.5676636895842209,1.6637911694107936,0.0004049260847447241,0.005890876730856844,0.0009186144020547858,1.253231586756303,69.38649963648615,299.2928571428565
2025-06-11 14:15:00+00:00,110191.0,False,not_opened,,,,,,,,,,6,0.6143724696356394,0.6591599190283449,1.4922217187735916,1.6734044554935243,0.0005754065079482088,0.006334699375501133,0.0019284696572315343,2.523052713870876,72.11979219720946,314.44285714285587
2025-06-15 13:00:00+00:00,105371.8,True,winner,2025-06-15 19:00:00+00:00,105493.9,max_holding,24,100.0,0.0011587540499449689,0.08004635016199779,0.11587540499449688,0.03582905483249908,4,0.38265786993404766,0.5975494816211249,2.0088989870301206,0.975534743654094,0.000248095287657983,-0.0022186574082936356,0.0010771382855754574,3.279226212019231,68.39408215554994,163.12857142857163
2025-06-15 14:45:00+00:00,105620.0,False,not_opened,,,,,,,,,,4,0.4167686658506606,0.4167686658506606,1.6909424882933026,1.3057930744222632,0.00032612839773955946,-0.0006717942409372428,0.0005680742283658398,2.2857473586110846,77.28013029315962,217.17857142857142
2025-06-15 23:15:00+00:00,105379.6,True,winner,2025-06-16 05:15:00+00:00,106644.15520000001,take_profit,24,100.0,0.012000000000000025,0.08048,1.2000000000000024,1.1195200000000023,4,0.8170515097691047,0.8432504440497832,0.9538735228090853,1.2941499549346507,0.0002654756774429656,-0.002025492484636439,0.00024103336888741967,0.6144233968338592,53.15810315810329,262.55714285714305
2025-06-15 23:30:00+00:00,105555.4,False,not_opened,,,,,,,,,,5,0.8928934010151989,0.9187817258883249,0.8128571723298457,1.2447830986978505,0.00039840902018540246,-0.0016452142902401976,0.0013310545931330847,0.9922750591158075,63.362571616893746,259.16428571428594
2025-06-16 01:45:00+00:00,105756.5,False,not_opened,,,,,,,,,,5,0.48856290402785035,0.7593237195425072,1.3796888667821445,1.1262215270585354,0.0004412724350996241,-0.00022564538169052466,0.0015062903934982995,2.4079451289303795,67.13245211761549,285.44285714285587
2025-06-16 02:00:00+00:00,105873.3,False,not_opened,,,,,,,,,,5,0.6175382989963388,0.7416798732171505,0.6697684292462115,1.1009029229512186,0.0005038732223055074,0.00022807605357039597,0.00018890504026983197,1.5429346117397849,68.3433797547288,283.4357142857137
2025-06-16 03:15:00+00:00,105880.9,False,not_opened,,,,,,,,,,4,0.2878151260503678,0.7584033613445305,0.7403950847721062,1.0549707261581425,0.0003435174526641482,0.0016173085590849479,0.0002446144677651416,0.5683355680727553,59.20569939922335,284.50714285714326
2025-06-16 04:15:00+00:00,106180.0,False,not_opened,,,,,,,,,,5,0.40764196748997483,0.5533037787629288,1.824730354391416,0.9831753806836334,0.0004930792768733366,0.002776414936996513,0.0018186099077039538,3.1958619321171646,70.6403585595798,263.7999999999998
2025-06-16 07:30:00+00:00,107145.7,True,loser,2025-06-16 13:30:00+00:00,106712.4,max_holding,24,100.0,-0.004044026031842649,0.0798382389587263,-0.4044026031842649,-0.48424084214299123,7,0.7481811781271968,0.7552217789251314,2.0885719187315077,0.9899392457707238,0.0007451304537105589,0.007963920616083559,0.002844724519976097,4.390797733185929,82.27136014258706,232.24999999999895
2025-06-16 13:45:00+00:00,107109.0,True,winner,2025-06-16 19:00:00+00:00,108394.308,take_profit,21,100.0,0.012000000000000042,0.08048,1.2000000000000042,1.119520000000004,7,0.6438490442738302,0.9470674726351991,3.039527261892891,1.137528684220756,0.00033988661485247565,0.00875138488705067,0.003306911650748276,2.973262568993054,52.56726734139708,208.90714285714265
2025-06-16 14:15:00+00:00,107290.5,False,not_opened,,,,,,,,,,7,0.6278183023872661,0.8587533156498716,2.545684743616792,1.3800731054753594,0.00045554103631050463,0.009088517477382867,0.0009609424879183694,2.6798523911729135,62.35431235431254,261.5928571428553
2025-06-16 14:30:00+00:00,107575.9,False,not_opened,,,,,,,,,,6,0.6036379018612361,0.6110406091370397,1.8646106521010548,1.471808671852743,0.0006637303945484709,0.009568597882390355,0.0018610116206324754,3.943083184253815,69.84748652260066,286.16428571428384
2025-06-16 22:00:00+00:00,108733.7,True,loser,2025-06-16 22:30:00+00:00,107863.83039999999,stop_loss,2,100.0,-0.00800000000000005,0.07968,-0.800000000000005,-0.879680000000005,6,0.612444651596363,0.612444651596363,1.5050067516616374,1.0063050842504424,0.00038555395268892413,0.017298046009790045,0.0006281401258303812,1.3193688325660826,67.54930145760807,295.14999999999833
2025-06-17 02:45:00+00:00,107436.3,True,loser,2025-06-17 07:15:00+00:00,106576.80960000001,stop_loss,18,100.0,-0.007999999999999955,0.07968,-0.7999999999999955,-0.8796799999999955,7,0.6157303370786517,0.8666292134831494,1.7665740373163927,1.1258295075856593,0.0001824778868274034,0.006301928132483869,0.002334406527402776,1.0542984421252388,48.995215311004856,487.57142857142856
2025-06-20 07:15:00+00:00,105123.0,True,winner,2025-06-20 08:15:00+00:00,106384.476,take_profit,4,100.0,0.011999999999999953,0.08048,1.1999999999999953,1.1195199999999952,6,0.8664327002477336,0.8664327002477336,3.3826815642458206,1.069290874615662,0.000519814513673514,-0.0009594094052044546,0.003765113248290126,5.004195779814455,70.79762689518739,151.65714285714057
2025-06-20 07:30:00+00:00,105417.2,False,not_opened,,,,,,,,,,6,0.8240896358543336,0.8523809523809606,2.34382693759646,1.222261980959476,0.0007347878178084662,-0.0002891932087404421,0.0021770640844188615,4.036934618977221,77.99566965666511,173.22857142856915
2025-06-20 07:45:00+00:00,105763.5,False,not_opened,,,,,,,,,,7,0.8194937307783217,0.9945587887390515,2.5281856514848022,1.3556043561602111,0.0009744680629995122,0.0005872797820042852,0.0027760049544503142,3.704467172375715,84.45086705202279,194.22857142856915
2025-06-20 08:00:00+00:00,106196.3,False,not_opened,,,,,,,,,,7,0.9147991543340319,0.9911205073995834,2.5624356682377445,1.461183413117198,0.0012662085423027724,0.0017129846729651208,0.004053813550942923,4.580041438197904,92.99749259174813,213.1214285714263
2025-06-20 08:15:00+00:00,106358.6,False,not_opened,,,,,,,,,,6,0.6117602713908825,0.6856388993592414,1.393309174938318,1.4967738834753141,0.001289199522136758,0.00284785913098947,0.0014864806419039533,2.6531852130933102,97.22737306843256,222.44999999999814
2025-06-23 13:30:00+00:00,101948.7,True,loser,2025-06-23 16:00:00+00:00,101133.11039999999,stop_loss,10,100.0,-0.008000000000000064,0.07968,-0.8000000000000065,-0.8796800000000065,5,0.5192674082723857,0.7368324012045975,5.357677933452909,1.543430655193089,0.0005559958668782221,-0.00278686863957384,0.002929904942387663,5.964012937141668,58.81366589813444,346.6142857142872
2025-06-23 17:15:00+00:00,102014.9,True,winner,2025-06-23 18:30:00+00:00,103239.07879999999,take_profit,5,100.0,0.011999999999999945,0.08048,1.1999999999999944,1.1195199999999943,6,0.7040462427745638,0.7363272565584704,1.7812732658524604,1.4352006492331377,0.0007098100871989548,-0.003229960679867809,0.004119986394144271,1.4624368125722391,46.916952526150745,642.971428571428
2025-06-23 17:30:00+00:00,102326.0,False,not_opened,,,,,,,,,,2,0.4544086668672846,0.48420102317183283,1.0256964271934652,1.3850228310502255,0.0009298073925386857,-0.002355436147816997,0.00014268123448591582,1.5284256071267524,51.30350036546733,649.971428571428
2025-06-23 18:00:00+00:00,102800.1,False,not_opened,,,,,,,,,,4,0.5665009322560636,0.7282473586078424,0.9574175313325238,1.2952799887309971,0.0011871794022748126,-0.000402550730626969,0.0012772361116380518,1.2206683063265529,60.689222804214594,663.3785714285726
2025-06-24 09:15:00+00:00,105348.0,True,winner,2025-06-24 15:15:00+00:00,105594.1,max_holding,24,100.0,0.002336067129893361,0.08009344268519573,0.2336067129893361,0.15351327030414036,5,0.5599381283836184,0.6577726218097428,1.6758201701093507,1.2733560715193626,0.000229096952718517,0.019199079100797517,0.0008362759615750258,0.9004199803222723,50.10057471264361,343.471428571429
2025-06-24 14:15:00+00:00,105330.0,False,not_opened,,,,,,,,,,5,0.40055457524576593,0.5810436097806949,1.4393004861766148,1.075438664455584,0.00018739734962186912,0.015890647774096777,0.0007595177062565271,2.360412624187599,53.88478581979314,307.34999999999854
2025-06-24 14:30:00+00:00,105550.1,False,not_opened,,,,,,,,,,6,0.5833554200901474,0.9276437847866705,1.3401054893533564,1.1093289154963086,0.00036779315671296654,0.01602909237323495,0.0005106579719015779,1.8333544239594723,64.39517222674291,315.6714285714261
2025-06-24 16:30:00+00:00,105756.8,True,winner,2025-06-24 22:30:00+00:00,105865.0,max_holding,24,100.0,0.0010231020605766918,0.08004092408242307,0.10231020605766919,0.022269281975246122,7,0.7709084012895843,0.8211644225298647,1.6561449794277618,1.2637744040018495,0.0004466828063841933,0.015801438405534537,0.003016354503918424,1.1784796551370558,65.36271615352155,368.6714285714282
2025-06-24 16:45:00+00:00,106160.1,False,not_opened,,,,,,,,,,7,0.7399119589141799,0.886463683052101,1.608947780023901,1.270719691783704,0.0007644137935896298,0.01626932780132046,0.002910698087134432,2.477689141424373,75.3300935264987,377.88571428571385
2025-06-25 02:00:00+00:00,106691.5,True,loser,2025-06-25 08:00:00+00:00,106578.2,max_holding,24,100.0,-0.001061940267031609,0.07995752238931875,-0.1061940267031609,-0.18615154909247966,7,0.7120797498045527,0.8907349491790556,1.7758955845598168,1.2569003075525549,0.0005771324663658719,0.016383531547291576,0.0008866685724730257,3.537713732398608,65.02017228219378,320.22857142857123
2025-06-25 09:00:00+00:00,106781.6,True,winner,2025-06-25 13:45:00+00:00,108062.9792,take_profit,19,100.0,0.01199999999999996,0.08048,1.199999999999996,1.119519999999996,5,0.5045846068352563,0.6710197277021503,1.8459723540122344,0.9524820474171087,0.00036140181725109375,0.01469098803644553,0.001513369344531322,3.495753573098751,68.6353173298261,192.27857142856996
2025-06-25 10:15:00+00:00,107066.8,False,not_opened,,,,,,,,,,7,0.7675319643548999,0.8072452537776045,2.2552810363282827,1.2501100610472,0.0005169226704851268,0.014975214169028464,0.001090907732368978,3.3347114949827676,67.13202840145854,243.39285714285714
2025-06-25 11:30:00+00:00,107147.3,False,not_opened,,,,,,,,,,6,0.9117879746835863,0.938291139240538,1.1243050922836966,1.235018829544518,0.0004176601038958573,0.015717525622420465,0.0006281072878178256,1.2522119660027873,62.28467815049883,256.73571428571347
2025-06-25 12:45:00+00:00,107177.9,False,not_opened,,,,,,,,,,4,0.6054033485539936,0.6967275494672346,1.1160894400441832,1.0998588448940383,0.00031847393146706217,0.01602270017329869,0.00026498000054110205,0.8725822154629456,59.13719317231544,245.72142857142794
2025-06-25 13:15:00+00:00,107820.1,False,not_opened,,,,,,,,,,7,0.9230619778511658,0.9232562657858965,2.0083894254219556,1.0937417250521038,0.0008123581657420537,0.0167241021021726,0.0040558300354015895,4.6548137474209526,77.92201897326476,250.778571428571
2025-06-26 01:30:00+00:00,107568.0,True,winner,2025-06-26 07:30:00+00:00,107932.4,max_holding,24,100.0,0.003387624572363474,0.08013550498289454,0.3387624572363474,0.2586269522534529,5,0.2892874773737103,0.5033733750205622,2.7003488191250544,1.0043720918073984,0.00020443486560977947,0.012255373952396254,0.001406552134463808,4.235494913334628,56.82174185463646,219.54999999999978
2025-06-26 14:30:00+00:00,107592.9,True,loser,2025-06-26 15:30:00+00:00,106732.1568,stop_loss,4,100.0,-0.007999999999999974,0.07968,-0.7999999999999974,-0.8796799999999974,7,0.7920188716335689,0.8228818557106224,2.1794734474411483,1.291545515166082,0.000343646592958686,0.005743626322137841,0.0030383045721417883,2.827822800176462,57.4083226252838,272.5428571428555
2025-06-27 09:45:00+00:00,107042.6,True,winner,2025-06-27 15:45:00+00:00,107261.3,max_holding,24,100.0,0.002043111807822279,0.08008172447231289,0.2043111807822279,0.12422945630991501,3,0.3468354430380238,0.563713080168801,0.6107932580794878,1.3155601682180333,2.240022268602381e-05,0.0010757865156015773,5.324982763882455e-05,0.8750371809140424,45.32868315366766,217.2999999999977
2025-06-27 15:30:00+00:00,107130.0,False,not_opened,,,,,,,,,,6,0.7563057819169718,0.8463329452852193,1.9373754839679656,1.5098690613257626,0.0003511534974409895,-0.0010218943102254035,0.0035937645850835434,2.032337405355484,54.98395409899827,326.9071428571416
2025-06-27 15:45:00+00:00,107261.3,False,not_opened,,,,,,,,,,3,0.34949387320190206,0.6875332978156629,1.3437857961054194,1.488817155452912,0.00043390362708643434,-0.0006219173276613999,0.00048572970866478236,1.6278732050814113,53.42824085718598,332.4071428571427
2025-06-27 16:30:00+00:00,107396.1,True,loser,2025-06-27 17:45:00+00:00,106536.9312,stop_loss,5,100.0,-0.007999999999999993,0.07968,-0.7999999999999994,-0.8796799999999994,4,0.35283107159570654,0.3827795975667011,1.3944307596939522,1.3593181316061917,0.0004521368514830762,0.0003535260632090427,0.0001629481889938275,1.951141965916367,68.38583774742095,334.0
2025-06-28 02:15:00+00:00,107135.0,True,winner,2025-06-28 08:15:00+00:00,107374.0,max_holding,24,100.0,0.0022308302608857983,0.08008923321043543,0.22308302608857983,0.1429937928781444,5,0.8889728096676908,0.9667673716012509,1.055863471430218,0.97917940699112,0.00015327495695567397,0.0006091553995140091,0.00045923367713629617,1.1270650302257572,53.31259011914712,135.5285714285731
2025-06-28 15:30:00+00:00,107246.9,True,loser,2025-06-28 21:30:00+00:00,107221.6,max_holding,24,100.0,-0.00023590425457508196,0.07999056382981701,-0.023590425457508196,-0.1035809892873252,7,0.999039385206616,1.0,1.8013497144834552,1.1170147192977713,4.678323502858539e-05,0.0014188173554080012,0.0005053759129634246,1.3258033350766976,46.82675814751204,64.72142857142379
2025-06-28 15:45:00+00:00,107407.6,False,not_opened,,,,,,,,,,5,0.5367156208277697,0.5647530040053683,4.2668945382044265,1.3971343015239508,0.00018475671476240544,0.0015680518749194314,0.001496169731006108,5.527594941838731,61.746584516474954,82.14999999999625
2025-06-28 17:30:00+00:00,107361.2,False,not_opened,,,,,,,,,,5,0.704225352112693,0.777961888980915,1.2264390590865262,1.4400348640019964,9.851540953809895e-05,0.001798951586538271,0.000380956993774233,0.6540362558468584,65.03674014695972,108.57142857142546
2025-06-28 17:45:00+00:00,107424.5,False,not_opened,,,,,,,,,,4,0.4192052980132643,0.5397350993377483,1.46495270434153,1.4352155235183082,0.00014519961600651933,0.0019100315911054393,0.000339773515352643,1.6096711742610905,65.85779517286345,112.63571428571179
2025-06-29 00:15:00+00:00,107379.6,True,loser,2025-06-29 06:15:00+00:00,107282.0,max_holding,24,100.0,-0.0009089249727136794,0.07996364300109146,-0.09089249727136794,-0.1708561402724594,7,0.7204707860445668,0.7301387137452933,3.524444444444498,1.021320250683092,0.00012528505314741644,0.0013304333203257278,0.0011240496332637824,4.671346295422552,71.58765510658606,71.8214285714296
2025-06-29 08:30:00+00:00,107649.9,True,winner,2025-06-29 14:30:00+00:00,107814.3,max_holding,24,100.0,0.001527172807406312,0.08006108691229626,0.1527172807406312,0.07265619382833495,7,0.8390328151985982,0.8393782383419689,5.418304323413562,1.273088864407051,0.0003149562220031007,0.0015819076910195534,0.0018281484701796135,8.359065463059899,87.1896722939412,63.55714285714618
2025-06-29 09:00:00+00:00,107700.0,False,not_opened,,,,,,,,,,4,0.24041213508872752,0.6491127647395311,2.8434244791665453,1.5209499428703661,0.0003013221637936088,0.002078585278891731,3.342618384406519e-05,2.7451930409941463,91.94574681848545,75.11428571428821
2025-06-29 09:30:00+00:00,107870.4,False,not_opened,,,,,,,,,,7,0.6993939393939042,0.7,2.2903942254302425,1.6768907563025044,0.0003920997153341734,0.0026696471629122404,0.000921476141740405,3.8097726180757103,92.97297297297212,85.52142857143086
2025-06-29 10:00:00+00:00,108113.6,False,not_opened,,,,,,,,,,7,0.9409859661749027,0.9409859661749027,3.13179692342354,2.027027899558963,0.0005360205286590038,0.0033904474919880002,0.0016427165499993137,3.646311251665457,93.06412804686789,112.12142857143044
2025-06-29 11:45:00+00:00,108448.3,False,not_opened,,,,,,,,,,7,0.9603361344537718,0.9606722689075728,2.0483337923436946,1.9229728917472713,0.0005678275901937439,0.005560697732330462,0.0023034017130743674,2.1305836997128895,84.76330373238983,182.8142857142853
2025-06-29 22:15:00+00:00,107971.8,True,winner,2025-06-30 04:15:00+00:00,108394.0,max_holding,24,100.0,0.003910280276887086,0.08015641121107549,0.3910280276887086,0.3108716164776331,7,0.8919678714859671,0.9385542168674582,1.7409543786051478,0.9913003827831572,0.00040252685971627175,0.0015126377507057801,0.0020310858946502967,3.0904971664105,63.91759728098813,147.52142857142775
2025-06-29 22:30:00+00:00,108081.0,False,not_opened,,,,,,,,,,6,0.25621773815108895,0.7205537306428846,2.704228926747329,1.1559999806397625,0.00046004713495138974,0.0019080560460583047,0.0008687928498070352,3.9255535440215503,70.27340287720767,170.5999999999996
2025-06-29 23:15:00+00:00,108339.8,False,not_opened,,,,,,,,,,7,0.7538677918424788,0.8588842006563613,2.3833733728141544,1.4123564947411575,0.0005756646517554184,0.0029838534099816943,0.0010522448813824652,2.307915211294663,80.42266462480893,209.57857142857185
2025-06-30 00:15:00+00:00,108611.7,False,not_opened,,,,,,,,,,7,0.6479621972829014,0.8868871825162367,1.6734623273284646,1.5405979487726476,0.0006265514166250208,0.004632201615381417,0.0019611146865392954,2.928924186453676,85.19373188794691,247.6357142857149
2025-06-30 00:30:00+00:00,108719.3,False,not_opened,,,,,,,,,,5,0.42080563159955825,0.7473601877200157,1.2439493079710866,1.5111921752021737,0.0006605763980505462,0.005173132115911758,0.0006374213226170782,1.9672229278522588,85.59344159573936,249.74285714285776
2025-06-30 13:15:00+00:00,107783.5,True,loser,2025-06-30 14:45:00+00:00,106921.232,stop_loss,6,100.0,-0.007999999999999965,0.07968,-0.7999999999999966,-0.8796799999999966,7,0.8138957816377171,0.8138957816377171,1.377919102813972,0.9870016478811402,0.00012207809203973433,0.0001078184948680658,0.0006930559872336405,1.346341443605468,66.24920010969933,146.95714285714243
2025-06-30 17:15:00+00:00,107687.1,True,loser,2025-06-30 23:15:00+00:00,107105.3,max_holding,24,100.0,-0.005402689830072523,0.0797838924067971,-0.5402689830072523,-0.6200528754140494,3,0.5895806861500076,0.9288437102922957,0.7910607786637767,1.37059014285632,0.00022258002904179054,-0.0013487863155355823,0.0003918760928654559,0.439155570006532,53.941000230468084,344.1571428571416
2025-07-02 07:30:00+00:00,107030.9,True,winner,2025-07-02 13:30:00+00:00,107713.4,max_holding,24,100.0,0.006376663187920498,0.08025506652751682,0.6376663187920498,0.557411252264533,6,0.7355371900826293,0.7413911845729775,1.7725691265335475,0.9458097558960856,0.0005324117267972505,-0.0010268468837122124,0.0006157100426138077,1.7628416915804328,81.90580503833563,163.56428571428737
2025-07-02 08:00:00+00:00,107335.3,False,not_opened,,,,,,,,,,7,0.8496839791151471,0.8496839791151471,2.2029178521701813,1.0697208147377548,0.0007050998275549998,4.979342375459199e-05,0.001778538840437477,2.873277161473924,84.55850901313859,182.1642857142859
2025-07-02 08:15:00+00:00,107596.4,False,not_opened,,,,,,,,,,7,0.8231399747792991,0.8783102143757687,1.8442396581295752,1.123865287811446,0.0008675099631102465,0.0008260529311727176,0.0019182797937476923,2.4920150759462145,85.62407554898235,190.57142857142858
2025-07-02 10:15:00+00:00,107698.7,False,not_opened,,,,,,,,,,3,0.49923547400612733,0.6077981651376012,0.7046654455339032,1.0852139498779254,0.00047968129791181585,0.004745330994575875,0.0003686209768548468,0.485022277180173,75.31196139262359,192.72857142857123
2025-07-02 10:30:00+00:00,107755.3,False,not_opened,,,,,,,,,,5,0.675417661097898,0.9642004773269702,0.4643688351989525,1.0669399751549749,0.0004837945621275475,0.005128894881447812,4.918551570087885e-05,0.4462353659657446,82.03627016992769,191.0999999999996
2025-07-02 10:45:00+00:00,107784.8,False,not_opened,,,,,,,,,,4,0.2727272727273832,0.859925788497283,0.595415631041087,1.0535560625557412,0.00046366513708797475,0.005491693834740868,0.0002458602697226325,0.5357049646113305,84.81468154012235,190.64999999999833
2025-07-02 13:30:00+00:00,107713.4,False,not_opened,,,,,,,,,,6,0.49025069637883656,0.8769730733519001,2.3435332517339416,1.0675267083249287,0.00028064629835278774,0.0058328062750082595,0.0007779904821497451,1.2992020757776919,52.63817438332672,189.14285714285506
2025-07-02 14:45:00+00:00,108096.5,True,winner,2025-07-02 16:00:00+00:00,109393.658,take_profit,5,100.0,0.011999999999999962,0.08048,1.1999999999999962,1.119519999999996,7,0.9145577549486211,0.9233274868453887,1.7374458544655442,1.5388345159215198,0.00048461931668910787,0.00693232485666577,0.0007844842339946521,1.7767340118496784,59.86189457304044,287.89999999999935
2025-07-02 15:00:00+00:00,108311.7,False,not_opened,,,,,,,,,,5,0.5159434188443877,0.5988971469671528,1.6972533062055222,1.560910243299482,0.0006268185279211182,0.007411040027936242,0.0017043403436562373,3.1332139485119437,70.12558793579959,300.3642857142851
2025-07-02 15:45:00+00:00,108695.3,False,not_opened,,,,,,,,,,7,0.7566702241195401,0.841782283884732,1.3427435245226365,1.5696827452250024,0.0007970042362306905,0.008846317236489945,0.0019899664474913167,1.5787741308171552,79.54206072672986,332.4857142857145
2025-07-02 16:00:00+00:00,109381.8,False,not_opened,,,,,,,,,,7,0.6755240625922693,0.7655742545025138,3.1151033922467506,1.7659613703968116,0.0013143048680810416,0.00988031497198236,0.005734043506323694,5.207697388569977,86.59838382494765,393.3142857142863
2025-07-03 05:00:00+00:00,109036.5,True,winner,2025-07-03 11:00:00+00:00,109607.5,max_holding,24,100.0,0.005236778509948503,0.08020947114039795,0.5236778509948503,0.44346837985445237,6,0.6070482786718344,0.6070482786718344,2.4937136471006616,1.0132852178045444,0.00020171249894073508,0.00957754332121674,0.0008116548128379029,2.7418491419821778,52.62341998569046,187.32857142856872
2025-07-03 05:45:00+00:00,109290.4,False,not_opened,,,,,,,,,,4,0.5417901600473963,0.8488441019561326,0.9226393940222596,1.0157761917294967,0.00035493092517125145,0.010039523957964527,2.1959842767472526e-05,1.1589305862660302,73.51228978007806,187.45714285714035
2025-07-03 06:15:00+00:00,109410.0,False,not_opened,,,,,,,,,,5,0.9994884910485636,0.9994884910485636,1.0659178888828484,1.0412298547872003,0.00040061890285460606,0.010414636900064686,0.0002924778356640161,1.0854677262119043,72.8132387706859,191.19285714285485
2025-07-03 06:45:00+00:00,109419.9,False,not_opened,,,,,,,,,,3,0.17589348283105663,0.32445690259277715,0.7681128216169585,1.0306262971080586,0.0003377914658830257,0.01081959433387416,8.956323301326687e-05,1.1684265936622875,73.94628504214904,189.7714285714267
2025-07-03 08:15:00+00:00,109497.7,False,not_opened,,,,,,,,,,5,0.916035353535332,0.985479797979779,0.8530116589030099,1.0430414334480294,0.00031201503316724707,0.011021203043552101,0.00022557551437150816,0.7937191363862637,75.40489894257841,194.1357142857149
2025-07-03 09:30:00+00:00,110217.1,False,not_opened,,,,,,,,,,6,0.5528260435390383,0.904134212103058,2.2985814626085066,1.1335121800685102,0.0007795502630033314,0.012242553147650694,0.0022854892752577297,3.7888635865158897,75.95939717230314,213.82857142857287
2025-07-03 13:30:00+00:00,110035.0,True,loser,2025-07-03 15:30:00+00:00,109154.72,stop_loss,8,100.0,-0.00799999999999999,0.07968,-0.7999999999999989,-0.8796799999999989,7,0.9485510805501051,0.955304518664054,2.5853968253967894,1.2866935466011604,0.0005229393174819982,0.011028756390058753,0.0063770618439587135,2.8506258504345623,52.63805141225009,311.2571428571464
2025-07-03 13:45:00+00:00,110220.3,False,not_opened,,,,,,,,,,5,0.28728682170543085,0.591162790697679,1.899265322948706,1.3306769494430182,0.0006324523868857709,0.011467035974710932,0.0013509308176443788,3.113593585984876,60.45172896262266,332.76428571428863
2025-07-04 09:15:00+00:00,108987.0,True,loser,2025-07-04 13:45:00+00:00,108115.10399999999,stop_loss,18,100.0,-0.008000000000000073,0.07968,-0.8000000000000073,-0.8796800000000072,7,0.6051371353939998,0.8946451893774602,1.2589405606861885,1.121606152474569,8.744014655471115e-05,0.0005799917370799577,0.0011918852707203077,1.661586980484113,50.80006737409463,185.11428571428613
2025-07-06 12:45:00+00:00,108193.1,True,winner,2025-07-06 18:45:00+00:00,108424.0,max_holding,24,100.0,0.002134147186835336,0.08008536588747342,0.2134147186835336,0.13332935279606017,4,0.9129886506936453,0.9129886506936453,1.0548719654140521,1.177077490183518,0.00017943777850135904,-0.0011007275685931573,0.0003780278039912779,1.5523477844128095,65.9676535087718,83.93571428571575
2025-07-06 13:15:00+00:00,108418.4,False,not_opened,,,,,,,,,,6,0.9107891727029795,0.9264201296225593,3.0732278851786576,1.2270446732086056,0.00034562977416352215,-0.0006341213518999298,0.002014418216833989,3.3015977310809173,89.15843441290355,91.01428571428758
2025-07-06 13:30:00+00:00,108641.0,False,not_opened,,,,,,,,,,6,0.9134181370537894,0.9302421009437825,2.5706751054851615,1.301730624529721,0.0005072100356026321,-0.00017230738948753957,0.001871300890087563,5.9603245456730845,90.88902900378207,98.8571428571439
2025-07-06 13:45:00+00:00,108713.2,False,not_opened,,,,,,,,,,5,0.16438979963569028,0.1668943533697654,3.8161438873924993,1.5968047657730848,0.0005218502857060396,0.00029684902229492547,0.0005077580275440065,5.809067239140998,91.18006103763882,126.36428571428716
2025-07-06 21:00:00+00:00,108866.2,True,winner,2025-07-07 03:00:00+00:00,109353.9,max_holding,24,100.0,0.004479810997352686,0.0801791924398941,0.4479810997352687,0.36780190729537454,7,0.8971704623878447,0.9185645272601601,1.6336884830035665,1.0588532514837807,0.00024221170242473235,0.003111369493581583,0.0006237013875747861,0.8719598424229178,49.14397979230986,200.57857142857185
2025-07-06 21:15:00+00:00,109251.5,False,not_opened,,,,,,,,,,7,0.8770771682221724,0.8895970862736179,2.273397676404395,1.182702727193788,0.0005542496355097833,0.0035658897891685396,0.0033107096927730705,3.907181660506525,59.04833270887954,223.74285714285776
2025-07-06 21:30:00+00:00,109392.9,False,not_opened,,,,,,,,,,5,0.26749905410517694,0.44797578509268304,2.4724041159962256,1.3051638601255564,0.0006239194321454697,0.0040845787535395105,0.0008492324456157044,5.42693193209451,65.43163789080714,247.85714285714286
2025-07-08 09:30:00+00:00,108448.0,True,loser,2025-07-08 15:30:00+00:00,108272.1,max_holding,24,100.0,-0.0016219755089996513,0.07993512097964,-0.16219755089996513,-0.24213267187960513,5,0.9980372914621037,0.9990186457310519,0.8879400487975564,0.9293321481739971,0.00020751838162913304,-0.0006513436164796525,0.0009377766302743904,0.7532193683372381,62.66068759342331,121.72857142857227
2025-07-08 10:30:00+00:00,108830.1,False,not_opened,,,,,,,,,,7,0.8749092668763997,0.90128236148079,3.0855948337002856,1.1510083620265492,0.0004732044630700532,0.00024527020088312986,0.0017596234865170572,3.0218975389305123,77.203017491503,137.89285714285714
2025-07-08 11:00:00+00:00,108897.7,False,not_opened,,,,,,,,,,5,0.6393264530146299,0.6393264530146299,1.3449245717208242,1.1352401287012668,0.0004504237553214095,0.0009840597245931678,0.0002461025347643055,1.9359249641387748,72.62165347701576,136.721428571429
2025-07-08 12:45:00+00:00,108903.2,False,not_opened,,,,,,,,,,7,0.9982248520709887,0.9988165680473545,1.262465917155335,1.1114564658737138,0.0002871375398462565,0.002303853309620631,0.0011533178088430026,0.9628056280715751,70.83333333333306,143.03571428571635
2025-07-08 13:30:00+00:00,108984.4,False,not_opened,,,,,,,,,,6,0.3679999999999927,0.9984999999999854,2.6946914578280627,1.2575864953721652,0.00029772766522205514,0.002804938538947638,0.0007432256359625782,2.3729053336457646,68.04570799201468,168.57857142857185
2025-07-08 17:00:00+00:00,108713.4,True,winner,2025-07-08 23:00:00+00:00,108872.2,max_holding,24,100.0,0.0014607214933945853,0.08005842885973578,0.14607214933945853,0.06601372047972275,7,0.6994998912806936,0.7077625570776122,1.6093080220453377,1.4524466126513873,0.00023042946766368703,0.0008934447067481025,0.001972157986043985,1.7355532501619753,44.233060946544036,333.8785714285737
2025-07-08 18:00:00+00:00,109067.0,False,not_opened,,,,,,,,,,4,0.563839701770721,1.0,0.6773669176017699,1.1451904107777564,0.00043403463263019543,0.0020055515832190117,0.00012652773066099655,0.7350110618894439,58.489867678356646,303.10000000000167
2025-07-09 05:30:00+00:00,108825.5,True,winner,2025-07-09 11:30:00+00:00,109007.9,max_holding,24,100.0,0.001676077757510824,0.08006704311030044,0.1676077757510824,0.08754073264078197,7,0.8148469719991243,0.8382895593661809,3.2066541379550055,1.0681266290908549,0.0002492588872359142,0.0005337866131109245,0.0022393648547444954,2.4474387363443904,51.66812227074221,136.98571428571657
2025-07-09 06:45:00+00:00,108789.0,False,not_opened,,,,,,,,,,5,0.8222357971900318,0.8509468540012547,1.1955013510552535,1.0846758783285535,0.00016177570726760894,0.0009438004444405841,0.0001397200084567106,0.5137243693787248,67.52351681102746,143.9357142857147
2025-07-09 08:15:00+00:00,108765.7,False,not_opened,,,,,,,,,,3,0.5149948293692287,0.6556359875904456,0.7503394762366365,1.0403787039802466,0.00010145043756193975,0.0012030947631210816,0.00023352950424623,0.6504303993040904,62.20711200955635,140.57857142857185
2025-07-09 12:00:00+00:00,109350.0,True,loser,2025-07-09 14:30:00+00:00,108475.2,stop_loss,10,100.0,-0.008000000000000026,0.07968,-0.8000000000000026,-0.8796800000000026,7,0.7429876060013078,0.9151989562948456,3.8920154021917246,1.1068746179591042,0.00048458443231435975,0.0025203213568509735,0.00252400548696845,5.449901353072048,78.44184547380017,130.635714285717
2025-07-09 12:15:00+00:00,109453.1,False,not_opened,,,,,,,,,,6,0.7781132075472137,0.9222641509434841,1.092828570250296,1.1153229689128346,0.0005277306404459784,0.0029654877262695356,0.0005856389631724074,3.3202819825327166,89.33483019927037,130.72142857143106
2025-07-09 13:00:00+00:00,109664.0,False,not_opened,,,,,,,,,,7,0.816176470588233,0.8388840830449806,3.1705979155237873,1.3929732333981595,0.0005891778985675213,0.004052553277773466,0.0017508024511234317,4.209638524508195,87.03528555838429,163.1500000000004
2025-07-09 16:30:00+00:00,109248.8,True,winner,2025-07-09 19:30:00+00:00,110559.7856,take_profit,12,100.0,0.012,0.08048,1.2,1.11952,4,0.6628686327077816,0.6628686327077816,0.5133940092562735,1.315654353801082,0.000202262700499837,0.0034382484419757235,0.00011350239087302314,0.44610877293616236,40.36837709937842,311.14285714285717
2025-07-09 16:45:00+00:00,109350.0,False,not_opened,,,,,,,,,,3,0.5270833333333181,0.5833333333333334,0.6496912274765264,1.2641418546822736,0.0002709700999294483,0.003643546476036099,0.00046547782350246165,0.48910777600622857,45.60307995680543,312.10714285714283
2025-07-09 19:30:00+00:00,111354.7,False,not_opened,,,,,,,,,,7,0.8570721649484512,0.9518350515463846,3.9644912372482133,1.0884526698418213,0.0017192853334788215,0.006895123448423138,0.009291929303388156,8.270604807245022,86.33558248856727,308.8500000000027
2025-07-09 19:45:00+00:00,111718.8,True,loser,2025-07-09 20:30:00+00:00,110825.0496,stop_loss,3,100.0,-0.00800000000000004,0.07968,-0.8000000000000039,-0.8796800000000039,5,0.4268292682926815,0.6271106941838662,2.6135057691423618,1.2454902704652258,0.0018608623777499978,0.008470711046904516,0.0027363344396824623,4.23307272714575,87.51825670386128,356.4428571428601
2025-07-09 21:15:00+00:00,111187.1,True,loser,2025-07-10 03:15:00+00:00,111008.7,max_holding,24,100.0,-0.0016045026806168047,0.07993581989277533,-0.16045026806168047,-0.24038608795445582,5,0.6826889585510136,0.8192267502612569,0.7325568044091285,1.5105095598202198,0.0008243821205635923,0.012498453159724093,0.0004209121381887189,0.4923648297036202,73.23244741489154,483.95000000000334
2025-07-10 08:30:00+00:00,111359.5,True,loser,2025-07-10 13:30:00+00:00,110468.624,stop_loss,20,100.0,-0.008000000000000035,0.07968,-0.8000000000000035,-0.8796800000000035,6,0.9271746459878443,0.9271746459878443,1.079762641523195,1.0186794092093883,0.00019260871973327982,0.012853524105262656,0.0010003636869777089,1.0874421239715062,66.06991932385665,144.04999999999978
2025-07-10 13:15:00+00:00,110986.9,False,not_opened,,,,,,,,,,6,0.9387626262626424,0.9993686868686501,1.0833361830181336,1.0599301448974512,2.042055314347752e-05,0.009241460154066182,0.0005424063560654194,1.1485242077838245,49.498758392347625,153.24999999999687
2025-07-10 14:00:00+00:00,111050.7,True,winner,2025-07-10 16:15:00+00:00,112383.3084,take_profit,9,100.0,0.011999999999999976,0.08048,1.1999999999999975,1.1195199999999974,6,0.5911146058580673,0.9266758403774266,2.5975285947712634,1.5208815190628973,0.00010598467233018596,0.008754261181957362,0.0005646069768132671,2.3089295366222835,55.02344273275284,232.96428571428365
2025-07-10 15:15:00+00:00,111277.4,False,not_opened,,,,,,,,,,6,0.886812600106759,0.886812600106759,1.3813703075448318,1.6780925572807976,0.0002726317431818152,0.008713030161937335,0.0002462314899520853,1.0909423930270887,56.53533190578157,316.81428571428427
2025-07-10 16:00:00+00:00,111409.5,False,not_opened,,,,,,,,,,4,0.3355893965030966,0.7997743936830264,0.6337801608579209,1.529444250859636,0.0003190076759302104,0.009105149075766886,0.00041289118073413846,1.3566724335219116,63.35207907293805,332.3285714285708
2025-07-10 16:15:00+00:00,112345.3,False,not_opened,,,,,,,,,,7,0.8502634926403762,0.8503543521715462,3.353289764331331,1.7478409233549255,0.0010795243506951694,0.009906200512325143,0.008013686375843074,6.211393021049495,73.58675960327946,402.8142857142863
2025-07-10 16:30:00+00:00,112585.9,True,winner,2025-07-10 21:15:00+00:00,113936.9308,take_profit,19,100.0,0.012000000000000068,0.08048,1.2000000000000068,1.1195200000000067,6,0.7502338634237401,0.7502338634237401,0.9496313404992387,1.6971846233973091,0.0011781523744418382,0.010841733930155611,0.0006741519142272183,2.9417140295786774,75.1967936334016,414.3142857142863
2025-07-10 17:00:00+00:00,113396.2,False,not_opened,,,,,,,,,,7,0.8693478260869597,0.9625,2.421243782403876,1.6399341446441733,0.0016372520246450482,0.012963381495982454,0.006439369220485317,3.272895841371167,83.78392230223196,448.5928571428584
2025-07-10 17:30:00+00:00,113579.4,False,not_opened,,,,,,,,,,4,0.48240509836516227,0.5990579107785865,0.9098931020573011,1.425069251423974,0.0014909804064860768,0.015339329167055316,0.0013092162839387874,1.4862114477254615,83.49005377056122,431.40714285714574
2025-07-10 21:15:00+00:00,115690.1,False,not_opened,,,,,,,,,,5,0.5242152238957369,0.5410771337288928,7.50849603518357,1.3751598988033518,0.0021762043761817235,0.022546784015811755,0.017374866129426854,7.1921202964638375,73.30594052510632,569.3785714285716
2025-07-11 05:15:00+00:00,117440.4,True,winner,2025-07-11 09:30:00+00:00,118849.68479999999,take_profit,17,100.0,0.011999999999999948,0.08048,1.1999999999999948,1.1195199999999947,7,0.7352864242741018,0.987967564739718,1.3361993638810323,0.9411551097064869,0.0009211750726422196,0.035806889196518976,0.0009255758665671872,1.85898857161779,79.7910648569507,296.20000000000124
2025-07-11 05:30:00+00:00,117926.7,False,not_opened,,,,,,,,,,7,0.6682236570957389,0.7587580711636163,2.4167067846411987,1.1025756565310676,0.0012227451099956301,0.036399408012664586,0.004084740775413855,3.779662988242778,83.02250590073473,327.7071428571445
2025-07-11 08:30:00+00:00,117978.8,False,not_opened,,,,,,,,,,3,0.10460885385081775,0.5779260157671442,0.8689466195921435,1.1802298973240208,0.0004784579470929286,0.03856034377894545,6.950401258528727e-05,0.5709889077768351,62.981150007920164,410.77142857142877
2025-07-12 08:45:00+00:00,117871.2,True,loser,2025-07-12 14:45:00+00:00,117350.0,max_holding,24,100.0,-0.004421775633063863,0.07982312897467744,-0.44217756330638625,-0.5220006922810637,5,0.416151809355695,0.8729037952338827,1.4575159194700207,1.0230795243194457,0.00010672151209798112,0.01597826351787784,0.0002748763056624025,0.851720133292501,63.94266567386434,155.59285714285735
2025-07-12 09:15:00+00:00,117929.6,False,not_opened,,,,,,,,,,3,0.5869947275923454,0.5875805506737236,1.1202992715101174,1.0145755662551155,0.00013768852562716705,0.01583312621954761,0.00025099720511225187,1.6827417990052356,62.602405438383,154.72857142857018
2025-07-12 09:30:00+00:00,118011.8,False,not_opened,,,,,,,,,,4,0.5173064820641445,1.0,1.0501272180551022,1.02373441665017,0.00019082575289046418,0.015835552730569913,9.999000099992467e-05,1.029272468087654,64.06498618206228,157.04999999999978
2025-07-12 17:15:00+00:00,117419.9,True,loser,2025-07-12 23:15:00+00:00,117254.1,max_holding,24,100.0,-0.0014120264111959588,0.07994351894355217,-0.14120264111959588,-0.22114616006314805,5,0.9755264655662892,0.9755264655662892,0.7373832756268827,1.0170746335794874,4.844094908064825e-05,0.008652487430978826,0.00040197615566013166,0.7677389078921756,48.191530441497875,232.56428571428737
2025-07-12 21:30:00+00:00,117527.8,False,not_opened,,,,,,,,,,7,0.9280809541019357,1.0,1.7128884486814524,0.9629100846197359,0.0001517417742284948,0.007205715361259702,0.0016625853627823266,1.1182645152520285,52.68351109336698,168.1285714285685
2025-07-12 23:45:00+00:00,117389.3,True,winner,2025-07-13 05:45:00+00:00,117714.9,max_holding,24,100.0,0.002773676987595899,0.08011094707950384,0.2773676987595899,0.19725675168008605,6,0.783959202596236,0.784422809457577,1.2921196873034477,1.1526614026100748,4.1089999293665135e-05,0.006475377170578939,9.114970444492888e-05,1.3711184778852237,49.676567656765585,182.42142857142713
2025-07-13 11:15:00+00:00,118024.1,True,winner,2025-07-13 14:15:00+00:00,119440.3892,take_profit,12,100.0,0.011999999999999993,0.08048,1.1999999999999993,1.1195199999999992,7,0.7104686815593937,0.8707840560665807,2.1566219535235667,1.0408900797049232,0.00019555610689473012,0.006816502514872251,0.0013742955887823896,2.5267576647827026,53.875117665516434,104.61428571428509
2025-07-13 12:15:00+00:00,118150.8,False,not_opened,,,,,,,,,,6,0.937643020595,0.9382151029748128,1.5133544002424255,1.1349436795126833,0.0002390884605233099,0.007122927881503605,0.0003749445623728566,1.8205768547013648,64.69885515181676,116.84285714285839
2025-07-13 12:45:00+00:00,118382.1,False,not_opened,,,,,,,,,,5,0.4504389465283506,0.5588188347964977,4.420844653000714,1.5105072837415874,0.00038531415781264646,0.007468408919177262,0.001862612675396027,7.032336470421164,71.69999999999996,162.16428571428696
2025-07-13 14:15:00+00:00,119120.1,False,not_opened,,,,,,,,,,5,0.5046763589221251,0.5046763589221251,4.441108734989286,2.142985969220734,0.0007842972607793918,0.009087078926475796,0.0033403262757503455,6.978197237789226,81.12973308503989,309.77857142857204
2025-07-13 23:45:00+00:00,119038.3,True,winner,2025-07-14 03:30:00+00:00,120466.7596,take_profit,15,100.0,0.012000000000000016,0.08048,1.2000000000000015,1.1195200000000014,7,0.7382079939382485,0.758098124644822,1.7976877628509342,1.0900099070020066,0.0002842948720428992,0.00887121629288527,0.0024303102446859783,1.8091965856349495,45.59104559104547,292.35000000000065
2025-07-14 02:15:00+00:00,119795.1,False,not_opened,,,,,,,,,,7,0.7939160755080019,0.8788024528075162,2.5050827547777894,1.090132624849825,0.000687091938368924,0.010100382649740796,0.0049300847864395606,4.529419559179091,77.86001003512264,324.7357142857124
2025-07-14 03:30:00+00:00,121149.9,False,not_opened,,,,,,,,,,6,0.6267904771312834,0.6788995357107557,4.903722721437758,1.4774847370747806,0.0014821511149530327,0.012639970806134049,0.009491547248491284,6.8775688330050615,79.72352907010468,471.47857142857225
2025-07-14 04:45:00+00:00,121370.0,True,winner,2025-07-14 07:30:00+00:00,122826.44,take_profit,11,100.0,0.01200000000000002,0.08048,1.200000000000002,1.1195200000000018,5,0.588417786970018,0.8338503964150343,0.6643765029199388,1.346998421760225,0.0011261336101464022,0.016543604566918974,0.0009887122023564308,0.8035431948138876,82.50896808148494,493.7999999999998
2025-07-14 05:00:00+00:00,121446.7,False,not_opened,,,,,,,,,,4,0.23005398920215486,1.0,0.7547255234861215,1.3083674730072354,0.001078387194902133,0.01733436726465133,0.0002346708473758447,0.693832884673846,81.6880945201346,493.19285714285695
2025-07-14 05:15:00+00:00,122307.9,False,not_opened,,,,,,,,,,5,0.581213307240699,0.6578716512585181,3.0172045200040603,1.500705414513266,0.0016394084720842657,0.01850917192875808,0.007041245904802528,4.352754937935669,86.77510448435544,586.557142857143
2025-07-16 09:15:00+00:00,119142.3,True,loser,2025-07-16 13:45:00+00:00,118189.1616,stop_loss,18,100.0,-0.007999999999999969,0.07968,-0.7999999999999968,-0.8796799999999968,5,0.5143442622950968,0.789275956284165,1.2324788483394506,1.003723012720298,0.0007663430261879796,0.0018002519571430715,0.000533815445899616,1.7394796501414895,78.212904360056,235.70714285714348
2025-07-16 12:30:00+00:00,118932.3,False,not_opened,,,,,,,,,,5,0.12590361445782547,0.7536144578313312,1.9166746848840621,1.049594422319745,0.00018575274943829077,0.004695853964772226,0.0003380074210285775,1.8438433273812067,48.32184427618955,265.8142857142853
2025-07-16 14:45:00+00:00,119019.8,True,winner,2025-07-16 20:45:00+00:00,119886.2,max_holding,24,100.0,0.007279461064461494,0.08029117844257846,0.7279461064461494,0.6476549280035709,6,0.6314333999078255,0.6770625288062698,1.9997542167193978,1.2961923908202733,0.00032476910764566206,0.0037957894219965514,0.0021080526097339157,2.4951202907033463,52.42223716338175,367.97142857142796
2025-07-16 17:15:00+00:00,119598.9,False,not_opened,,,,,,,,,,6,0.839751069622697,0.8496693893426617,0.977148558126274,1.3342267370546816,0.0005402345817115944,0.005798086753917382,0.001825267623698783,0.84880302129754,63.12974560771492,562.5214285714267
2025-07-17 07:30:00+00:00,118531.0,True,loser,2025-07-17 12:15:00+00:00,117582.752,stop_loss,19,100.0,-0.008000000000000057,0.07968,-0.8000000000000058,-0.8796800000000058,6,0.9733104417043993,0.9734665209926642,2.1779552987167348,0.9695085831973692,0.0001447532169611865,-0.0008644452595311899,0.0006858965165231282,2.010968845989332,56.172212344424786,290.5142857142876
2025-07-17 09:00:00+00:00,118540.0,False,not_opened,,,,,,,,,,5,0.5771093550853748,0.8111139434106417,1.3959115412671095,1.0933606625764078,0.00016796631330434349,-0.000932534886937339,0.00111186097519827,1.2567517839984568,50.14984257046384,313.5785714285708
2025-07-17 09:15:00+00:00,119133.5,False,not_opened,,,,,,,,,,6,0.8271777003484321,0.9308710801393647,2.312241182062807,1.2310729925373642,0.0006256701650641812,-0.0003583548104213139,0.004359814829581891,2.756678720849125,59.0839742192608,353.6142857142851
2025-07-17 14:00:00+00:00,118461.5,True,winner,2025-07-17 20:00:00+00:00,118761.2,max_holding,24,100.0,0.0025299358863427957,0.08010119743545371,0.25299358863427956,0.17289239119882585,3,0.5142490372272218,0.9011553273427471,1.0996612083568649,1.1495338402122468,0.0003013889420998125,-0.002460484151943524,0.0001561688818730136,1.2443694429468934,53.398489560195635,359.94285714285695
2025-07-17 14:15:00+00:00,118714.8,False,not_opened,,,,,,,,,,5,0.5927485380117163,1.0,1.2584633500147242,1.187514924100297,0.0004753115137433129,-0.0020051519601303604,0.0018093784431259027,1.3675568328067993,56.611057493451185,372.9857142857145
2025-07-17 15:30:00+00:00,119087.5,False,not_opened,,,,,,,,,,6,0.9788565629228686,0.9788565629228686,1.5801360435125322,1.327256011498573,0.0006280488544253712,-0.0004364820155129609,0.0017424162905426682,0.9782720664270842,67.18507414743848,439.2857142857143
2025-07-17 17:00:00+00:00,118903.9,False,not_opened,,,,,,,,,,6,0.8215613382899537,0.8815055762081768,1.0544755184790355,1.1131844512342026,0.0003518521924968942,0.0005367939509390989,0.0012009698588523032,0.6386910466108272,67.91390915775769,412.4785714285702
2025-07-17 18:15:00+00:00,119687.4,False,not_opened,,,,,,,,,,7,0.8572701354240801,0.8574483250178182,1.3407073832077074,1.0097441854951488,0.0008154942441763028,0.002383119960372629,0.002448879330656287,1.9491477840727232,63.47979113175437,395.4785714285702
2025-07-17 20:45:00+00:00,119428.8,True,winner,2025-07-17 21:15:00+00:00,120861.9456,take_profit,2,100.0,0.012000000000000028,0.08048,1.2000000000000028,1.1195200000000027,4,0.5696619950535805,0.9670239076669422,0.9576567804416095,1.0467231762943563,0.0002872986616934941,0.0045604732732664,0.0003248797609956971,0.8039915639405335,61.49992171598559,400.2714285714319
2025-07-17 21:00:00+00:00,120094.9,False,not_opened,,,,,,,,,,7,0.9057655697579502,0.9306499864019576,1.8688453768058624,1.1289095997066376,0.0007867282075796581,0.005194585415373961,0.005446526038990759,4.007207464589329,68.82195938873764,432.0857142857172
2025-07-17 21:15:00+00:00,120900.1,False,not_opened,,,,,,,,,,7,0.9398785897735237,0.939995330375912,2.0237195237195293,1.1454112714888016,0.0013413509969181616,0.006309855918723345,0.006238208239695514,4.018756942727221,70.41809424499729,439.4857142857176
2025-07-18 00:30:00+00:00,119731.5,True,winner,2025-07-18 06:30:00+00:00,120265.6,max_holding,24,100.0,0.004460814405565836,0.08017843257622263,0.44608144055658355,0.3659030079803609,6,0.9183222958057511,0.9326710816776942,0.5193564413192213,1.0461978349140366,0.0001300840738638634,0.007031101462814516,0.0011642717246505238,0.5721104728570658,45.32375952233894,507.02857142857414
2025-07-18 10:45:00+00:00,119240.1,True,loser,2025-07-18 14:15:00+00:00,118286.1792,stop_loss,14,100.0,-0.00800000000000006,0.07968,-0.8000000000000059,-0.8796800000000059,6,0.8227814569536578,0.9313907284768366,1.0793732486990353,1.0106975028136367,9.9778508881034e-06,0.0013149223611364771,0.002525157224792715,0.9209554516349191,43.232521976452745,349.2714285714267
2025-07-20 13:45:00+00:00,118378.7,True,loser,2025-07-20 19:45:00+00:00,118131.2,max_holding,24,100.0,-0.0020907477443154895,0.0799163700902274,-0.20907477443154893,-0.2889911445217763,6,0.9411566913248139,0.9855413584398016,1.7820654942025458,1.0794127269940232,0.00032928311588714454,-0.0008084532194208889,0.0016717534488889824,1.4410870172029626,75.10922051046226,168.4928571428588
2025-07-20 14:00:00+00:00,118530.4,False,not_opened,,,,,,,,,,4,0.3041299117882843,0.5597433841218834,2.8042164441321087,1.2586007305423013,0.0004194310917474074,-0.00042377458017697734,0.0012435628328259602,4.981196731426077,78.59191140116657,199.97142857143106
2025-07-21 02:45:00+00:00,118156.0,True,winner,2025-07-21 07:15:00+00:00,119573.872,take_profit,18,100.0,0.012000000000000025,0.08048,1.2000000000000024,1.1195200000000023,5,0.7520698142761473,0.9565898411277816,0.9662284874167514,1.045297304353506,0.0005425943642836707,-0.003930179380705297,0.0007870950269135719,0.5591786846898485,66.60974693487228,411.8142857142853
2025-07-21 03:00:00+00:00,118400.0,False,not_opened,,,,,,,,,,5,0.6178779437832453,0.768295771081283,0.9385174798583449,1.0203194833445943,0.0006861747162241266,-0.00326856953216385,0.0018969594594595086,1.421980881065402,69.04347275432966,408.39999999999935
2025-07-21 13:30:00+00:00,118590.1,True,loser,2025-07-21 16:15:00+00:00,117641.37920000001,stop_loss,11,100.0,-0.007999999999999962,0.07968,-0.7999999999999962,-0.8796799999999961,7,0.7210899424014271,0.836508639787352,1.5549699443669185,1.1236088959660886,0.00014051152571702128,0.0017929235673423915,0.002467322314425958,1.5862774576638157,46.33016337478685,316.52142857142877
2025-07-21 13:45:00+00:00,118805.9,False,not_opened,,,,,,,,,,5,0.4450402144771931,0.4450402144771931,1.6138318938977756,1.1636250785312598,0.0002998898049887955,0.0020404172900456504,0.0011952268363776546,2.8280593755201133,56.369532679194926,329.4214285714282
2025-07-22 09:30:00+00:00,118495.6,True,loser,2025-07-22 14:00:00+00:00,117547.6352,stop_loss,18,100.0,-0.008000000000000012,0.07968,-0.8000000000000013,-0.8796800000000012,5,0.8668950975224401,0.8671586715867292,0.953925451002566,1.009211002303202,0.0005800844784505549,-3.092478225977318e-05,0.0013924567663271884,0.9584968659609222,63.662742034484815,396.54999999999774
2025-07-22 14:45:00+00:00,119043.8,True,winner,2025-07-22 20:45:00+00:00,119723.2,max_holding,24,100.0,0.005707143085150123,0.08022828572340601,0.5707143085150123,0.49048602279160625,6,0.554195494057141,0.8759978712080991,1.4220663731883512,1.4124699876378313,0.0002475649432203102,0.006029237679816629,0.002241191897436094,1.0627888635670584,49.91144845034802,466.00714285714326
2025-07-22 15:00:00+00:00,119169.7,False,not_opened,,,,,,,,,,4,0.5671776375112771,0.9761045987375886,0.5609934997597255,1.4006569428275542,0.0003243675116708632,0.006253417265784257,0.0004699181083782203,0.9292026152769284,51.79571463355249,467.0785714285718
2025-07-22 16:00:00+00:00,119210.0,False,not_opened,,,,,,,,,,4,0.590519703026833,0.9257567104511711,1.232679017705249,1.4355450629883013,0.00030905490570294863,0.006435309679032924,0.00031876520426138747,0.6668911643815193,47.903212160523445,519.4642857142857
2025-07-23 11:15:00+00:00,118554.5,True,loser,2025-07-23 13:30:00+00:00,117606.064,stop_loss,9,100.0,-0.008000000000000012,0.07968,-0.8000000000000013,-0.8796800000000012,6,0.9318620098564322,0.9318620098564322,1.91266572406304,1.2301021375518317,0.00019627071402585164,-0.0018127551893678492,0.0011598041407116558,1.3590911244712875,54.509415262636274,266.4642857142836
2025-07-23 12:00:00+00:00,118614.7,False,not_opened,,,,,,,,,,3,0.552486187845297,0.9974500637483816,0.9974988342024034,1.0973798433962587,0.0002010111962870183,-0.0013486402258054183,0.00023943069450914751,0.7415955732910688,57.594322990126734,244.6071428571418
2025-07-23 15:45:00+00:00,118531.0,True,loser,2025-07-23 16:30:00+00:00,117582.752,stop_loss,3,100.0,-0.008000000000000057,0.07968,-0.8000000000000058,-0.8796800000000058,5,0.49076948211075205,0.7449763110602772,1.6776757571604928,1.3554440343043084,0.00038123390461946156,-0.00311345251974869,0.0025335144392606397,1.360089634191543,50.33000554631174,420.1857142857147
2025-07-23 22:15:00+00:00,118566.1,True,loser,2025-07-24 04:15:00+00:00,118251.0,max_holding,24,100.0,-0.0026575893109413717,0.07989369642756235,-0.2657589310941372,-0.3456526275216995,5,0.7410155344307991,0.9214004173429308,1.244212378658291,0.9925486174392212,0.000433145518848394,-0.0024394169829214623,0.002445049638977825,2.203085660094998,54.46266640941543,353.60714285714283
2025-07-23 23:00:00+00:00,118654.3,False,not_opened,,,,,,,,,,4,0.7756324900133306,0.8541944074567603,0.4935350846928468,0.9986118837309618,0.0003947578156309952,-0.0013856999333381238,0.00045763196108360935,0.8443869506382533,58.28405752870709,342.999999999999
2025-07-24 08:00:00+00:00,118689.1,True,loser,2025-07-24 14:00:00+00:00,117934.1,max_holding,24,100.0,-0.0063611570059929675,0.07974555371976029,-0.6361157005992968,-0.7158612543190571,5,0.5342876165113156,0.84870173102531,1.5376346837970016,1.2526410865266455,0.000492393188877318,-0.0020470071705508655,0.00201450680812312,1.3880983333702797,64.76083837782981,389.80714285714305
2025-07-24 14:45:00+00:00,119021.5,True,loser,2025-07-24 20:45:00+00:00,118677.9,max_holding,24,100.0,-0.002886873380019625,0.07988452506479922,-0.2886873380019625,-0.3685718630667617,7,0.8086021505376292,0.8146953405018026,1.757258928009065,1.1883238615585328,0.0005125097615528319,0.00036027780715692495,0.0030129010304861376,2.4014363314170946,59.07299449872736,330.750000000001
2025-07-24 15:00:00+00:00,119239.8,False,not_opened,,,,,,,,,,5,0.4645669291338702,0.5103213449670267,1.452280875262682,1.2852138355284448,0.000637208913350491,0.0009266747803130111,0.0009636044340900331,2.9173659130963565,62.14687120291625,358.75
2025-07-24 17:15:00+00:00,118969.4,False,not_opened,,,,,,,,,,3,0.33537886872999195,0.5891141942369136,0.9568669500503947,1.29162374833251,0.0002688524511360147,0.0019008228354867286,0.00025300623521671347,0.613501668988474,61.19683537201214,437.0928571428553
2025-07-26 10:00:00+00:00,117603.1,True,winner,2025-07-26 16:00:00+00:00,118052.7,max_holding,24,100.0,0.003823028474589456,0.08015292113898359,0.3823028474589456,0.302149926319962,5,0.517657992565206,0.9228624535317005,1.3562740278564378,0.9098136931059054,0.00014227690030141143,0.0016953457400126384,0.0004727766529964416,1.1201779233720806,66.9323308270678,79.28571428571533
2025-07-26 10:15:00+00:00,117744.2,False,not_opened,,,,,,,,,,7,0.8672403196065999,0.9047326367547617,1.9995084183359497,1.017626918036939,0.00024270203103848937,0.0018938103104798347,0.0011278687187989125,2.207390187967086,79.5170916983167,85.97857142857227
2025-07-26 10:30:00+00:00,118178.3,False,not_opened,,,,,,,,,,7,0.8859183673469506,0.8951020408163384,4.774665042630904,1.4149555427620848,0.0005686155391500569,0.002377287127130934,0.0035421054457544726,8.82878915490995,87.08739524542418,118.5
2025-07-26 13:00:00+00:00,118100.0,False,not_opened,,,,,,,,,,7,0.6862432173635749,0.8917969996808317,2.0668953687820806,1.4493072153996776,0.0002877053406891095,0.003864406423799988,0.0010160880609652837,1.1463459972657692,68.20878528195595,169.5642857142853
2025-07-26 21:45:00+00:00,118013.2,True,winner,2025-07-27 03:45:00+00:00,118162.0,max_holding,24,100.0,0.001260875902017765,0.08005043503608071,0.1260875902017765,0.0460371551656958,5,0.6800000000000238,0.6808163265305647,1.2604825847610437,0.9902293558156765,1.9620944089356895e-05,0.003922970220373027,0.0003516555775116682,0.6488322504015798,49.018663455749355,106.37857142856956
2025-07-26 22:00:00+00:00,118064.1,False,not_opened,,,,,,,,,,4,0.3464942137509241,0.6249149081007934,1.4659947108427418,1.0596921164796718,5.8803842505560996e-05,0.0039349213991789105,9.994570745893892e-05,1.2203739316239317,52.95409873973906,112.05714285714099
2025-07-27 01:00:00+00:00,118065.7,False,not_opened,,,,,,,,,,6,0.5871131835523672,0.7532852903772848,1.8576997283143242,1.1055142832420817,0.00010393126404815357,0.003135956314524099,0.001030782013743171,0.9336544494335025,59.92985532661088,127.76428571428654
2025-07-27 02:45:00+00:00,118302.8,False,not_opened,,,,,,,,,,5,0.48256880733944957,0.8047706422018456,2.121861008370644,1.0073207651837244,0.0002196024745236652,0.003705867382011968,0.00047927859695626044,2.46030558138736,77.2,121.92142857142815
2025-07-27 05:15:00+00:00,118243.6,True,loser,2025-07-27 11:15:00+00:00,118168.0,max_holding,24,100.0,-0.0006393580709654122,0.07997442567716138,-0.06393580709654122,-0.1439102327737026,4,0.515084621044908,0.7689477557027555,1.1397660083029046,0.9977182854794808,8.987220854565931e-05,0.003982382868126049,2.706277549069583e-05,1.46376012839215,59.84682713347921,122.27857142856894
2025-07-27 10:00:00+00:00,118076.7,False,not_opened,,,,,,,,,,7,0.9860943168077207,0.9860943168077207,1.475599964314327,1.1290462148795526,3.0507179836278452e-05,0.0025405929075028354,0.0012788297775937166,1.1329573947457963,35.94443811909325,121.15714285714368
2025-07-27 10:15:00+00:00,118121.2,False,not_opened,,,,,,,,,,3,0.4071363220493945,0.4071363220493945,0.9868183459732901,1.0599457226507645,6.34705448247202e-05,0.0025712050716837423,0.00035726017006258904,1.146059649093424,42.916716311211225,113.26428571428654
2025-07-27 13:00:00+00:00,118158.6,True,winner,2025-07-27 19:00:00+00:00,118952.3,max_holding,24,100.0,0.006717242756769267,0.08026868971027078,0.6717242756769267,0.5914555859666559,6,0.7603911980440515,0.8753056234719746,1.021733699725193,1.0857892107891896,8.175613782174305e-05,0.0024103538115060573,0.0005975020015471224,1.1069295877857759,63.85688863913091,124.21428571428363
2025-07-27 14:00:00+00:00,118283.9,False,not_opened,,,,,,,,,,6,0.5009861932938353,0.8259368836291795,1.6593028964163559,1.0693893262700473,0.0001574710861410422,0.00261401552834105,0.0007346731042854876,1.7046109100455749,55.30964467005024,125.01428571428343
2025-07-27 14:15:00+00:00,118402.5,False,not_opened,,,,,,,,,,6,0.8110882956878527,0.8117727583846756,1.1637261539687591,1.075196285762894,0.00023772808445523226,0.0027983039231636937,0.0007035324423048746,2.8799864795137746,61.41455286058152,126.37857142856956
2025-07-27 15:45:00+00:00,118580.8,False,not_opened,,,,,,,,,,5,0.6907927129493301,0.9881831610044595,1.2117415428673353,1.4555178683452283,0.00027592141895933233,0.0036283085649388832,0.00011890626475791883,1.1457539944534358,73.7157145021975,195.55714285714097
2025-07-27 16:00:00+00:00,119156.5,False,not_opened,,,,,,,,,,7,0.9886636894538109,0.988835451734799,3.027088857692534,1.622427539654382,0.0007085762039436234,0.004209396242752986,0.0048113195671239326,5.500948249316684,85.67634854771805,226.96428571428365
2025-07-27 16:15:00+00:00,119365.9,False,not_opened,,,,,,,,,,7,0.6728791773778796,0.9177377892030654,1.5257893704648002,1.6001723880396044,0.0008070414257095346,0.004882924427690569,0.001699815441428366,3.517932060976842,85.75985919366386,233.3857142857118
2025-07-28 00:15:00+00:00,119639.5,True,loser,2025-07-28 06:15:00+00:00,119480.0,max_holding,24,100.0,-0.0013331717367591808,0.07994667313052964,-0.13331717367591808,-0.21326384680644772,7,0.6545584045584082,0.8119658119658035,1.2712785222745497,1.0788240784563385,0.0002998074338581566,0.008893955845393792,0.0014109052612222795,1.4517551200368517,70.70139911634782,233.6428571428582
2025-07-28 02:15:00+00:00,119469.9,False,not_opened,,,,,,,,,,7,0.8048120300751617,0.8051127819548785,1.2966754411621293,1.112355151775503,0.00018223743834492413,0.007968034019949433,0.0007935053097055272,0.8247142495809898,49.61358693137092,260.7928571428586
2025-07-28 02:30:00+00:00,119600.0,False,not_opened,,,,,,,,,,5,0.36363636363636365,0.406993006993007,1.3415137528612662,1.0833483402365098,0.00026830143421365356,0.008120438716125934,0.000545986622073603,2.665645146965968,59.18086049030229,257.82142857142964
2025-07-29 03:00:00+00:00,118371.3,True,winner,2025-07-29 09:00:00+00:00,118793.1,max_holding,24,100.0,0.003563363754558773,0.08014253455018236,0.3563363754558773,0.276193840905695,5,0.8749284487693251,0.8749284487693251,1.1746117124991464,1.0396338325958214,0.0003170933510697202,-0.0026482402394241047,0.0025563629021562308,1.8872497246936426,57.71127918447873,317.5071428571412
2025-07-29 03:45:00+00:00,118745.6,False,not_opened,,,,,,,,,,5,0.8382262996942074,0.9039755351682135,1.1233060235997365,1.0188281949566524,0.0005318751193758893,-0.001581902203730752,0.0023074539182925515,2.5761468874701783,60.209721380981314,305.1714285714271
2025-07-29 12:15:00+00:00,118908.1,True,loser,2025-07-29 14:00:00+00:00,117956.8352,stop_loss,7,100.0,-0.008000000000000037,0.07968,-0.8000000000000037,-0.8796800000000037,7,0.7885335148009683,0.7885335148009683,2.3685854169604417,1.1144063536744597,0.00026001703615938763,0.0014867187041725533,0.0020562097956320887,3.239142370855072,50.52740971680965,237.5357142857122
2025-07-30 08:30:00+00:00,118319.9,True,loser,2025-07-30 11:45:00+00:00,117373.34079999999,stop_loss,13,100.0,-0.008000000000000028,0.07968,-0.8000000000000028,-0.8796800000000028,6,0.6996860830135797,0.9710498779211615,1.5123701007543373,1.0143979303680077,0.00020984449536329194,-0.00035692785815100023,0.0007538883991619085,0.8845397771171185,70.76981707317081,192.69285714285485
2025-07-30 10:00:00+00:00,118288.2,False,not_opened,,,,,,,,,,4,0.8588110403397448,0.8593418259023311,1.0091325423819342,1.02343712121947,0.0001445567492706936,-3.0502023367843302e-05,0.00018091407257861882,0.8716920376997154,51.53759671979368,188.47142857142794
2025-07-30 14:45:00+00:00,118678.5,True,loser,2025-07-30 16:00:00+00:00,117729.072,stop_loss,5,100.0,-0.007999999999999998,0.07968,-0.7999999999999998,-0.8796799999999998,6,0.9068477149948867,0.9798510731493609,1.9566614767095019,1.428730691251885,0.0007121672480010681,-0.0016742306416608647,0.004399280408835685,3.115588244121411,67.39282114892603,393.6214285714273
2025-07-31 02:30:00+00:00,118395.7,True,winner,2025-07-31 08:30:00+00:00,118727.9,max_holding,24,100.0,0.002805845144713846,0.08011223380578855,0.2805845144713846,0.20047228066559605,6,1.0,1.0,1.2439072913557716,0.9224511445506034,0.00041319134410572426,0.0002735867055894079,0.0013995440712795911,0.9372639299862771,75.86937840160408,209.93571428571263
2025-07-31 09:45:00+00:00,118562.4,True,loser,2025-07-31 15:45:00+00:00,118259.3,max_holding,24,100.0,-0.0025564597207883046,0.07989774161116847,-0.25564597207883044,-0.3355437136899989,5,0.7144444444443151,0.8044444444443798,0.6855314773203229,1.0070408179266515,5.3167293799295454e-05,0.0038399581016250414,9.783877519341098e-05,0.42707734110985607,57.94927733842347,137.6142857142882
2025-07-31 12:45:00+00:00,118580.0,False,not_opened,,,,,,,,,,7,0.7226227257123169,0.9086852042567609,2.046508360264164,1.1208599604891492,0.00010677882091791642,0.00310145560069941,0.0006746500252993759,1.9589807564580304,54.04940271309999,150.14999999999938
2025-07-31 15:30:00+00:00,118244.7,False,not_opened,,,,,,,,,,6,0.8293010752688513,0.8296370967741983,1.043734436923477,1.6864681060264692,1.8810767031404345e-05,0.00108279453371378,0.0007772018534445449,0.9912789629614784,47.05500831002465,352.8428571428584
2025-07-31 16:15:00+00:00,118494.6,True,loser,2025-07-31 18:00:00+00:00,117546.6432,stop_loss,7,100.0,-0.008,0.07968,-0.7999999999999999,-0.8796799999999999,6,1.0,1.0,0.6493245954260097,1.4197348092860775,0.0002094807707055877,0.0013137043046725456,0.000872613604333098,0.6012746314481793,48.12406642650042,345.9214285714302
2025-07-31 16:30:00+00:00,118567.5,False,not_opened,,,,,,,,,,4,0.20506329113922414,0.20534458509142053,1.1487938472475767,1.357720362440166,0.00024796984740118103,0.0015218954894576564,0.0006148396483015513,2.3175267397568673,58.4208420842086,345.8142857142874
2025-08-03 11:00:00+00:00,114175.9,True,loser,2025-08-03 17:00:00+00:00,114080.0,max_holding,24,100.0,-0.0008399320697274486,0.07996640271721091,-0.08399320697274486,-0.16395960968995577,6,0.9319209039547858,0.9319209039547858,3.288587486645928,0.9876802397152213,0.00046155371461700144,-0.002176439970799649,0.0028718845220400643,5.135776057219561,75.85416874190516,110.89285714285506
2025-08-03 20:45:00+00:00,114370.2,True,winner,2025-08-04 02:45:00+00:00,114754.9,max_holding,24,100.0,0.0033636384302903827,0.08013454553721162,0.33636384302903827,0.25622929749182666,3,0.2352941176469991,0.5144566301096436,0.5520847667537612,1.1022989899070166,0.00018529712081020105,0.0018972088238454216,0.00010667114335724769,0.6113188721950298,68.11401172083093,198.1071428571408
2025-08-03 21:00:00+00:00,114469.3,False,not_opened,,,,,,,,,,5,0.6766712141882878,0.9993178717599503,0.8136533925349968,1.0894307007309691,0.0002499555220996312,0.0021005457544727773,0.00044029272477431707,0.49395229283297276,73.80708929788656,196.09285714285528
2025-08-04 00:30:00+00:00,114544.9,False,not_opened,,,,,,,,,,7,0.7574508560557976,0.9679771718452568,1.735493988499722,1.027147399080678,0.0002695368705100888,0.0022204554468460446,0.0016264364454461819,1.6143226220183506,52.51296370163514,192.57142857142753
2025-08-04 00:45:00+00:00,114856.6,False,not_opened,,,,,,,,,,7,0.9029266879165476,0.9032164589974105,1.838817104036271,1.1175007121830864,0.0005016638153674437,0.002641646586350553,0.0026258830576562932,4.49367333201079,62.16353478923324,210.14999999999938
2025-08-04 13:30:00+00:00,114746.5,True,loser,2025-08-04 19:30:00+00:00,114749.4,max_holding,24,100.0,2.527310201177534e-05,0.08000101092408046,0.002527310201177534,-0.07747370072290292,7,0.8283010992069088,0.9412828718519587,3.7289542636262385,1.101439544717008,0.0003201998551871687,0.0019039937966237584,0.002568270056167265,5.282616051767133,61.68274383708475,196.8571428571408
2025-08-04 13:45:00+00:00,114870.1,False,not_opened,,,,,,,,,,6,0.32594936708862543,0.9760021097046642,1.8528290823805338,1.1775785608697784,0.00039186891104928345,0.00223394765920404,0.0007086265268334295,4.054659251890185,69.01473600740083,211.67142857142713
2025-08-04 14:00:00+00:00,115194.1,False,not_opened,,,,,,,,,,5,0.5752573659921917,0.5784522541711106,2.469969311705446,1.3331950215590322,0.0006214217068174115,0.002761995595969312,0.002733646948932356,6.284549657370038,74.58440071946367,243.27142857142775
2025-08-04 16:45:00+00:00,115253.3,False,not_opened,,,,,,,,,,5,0.6409625375991285,0.6409625375991285,1.115959719255452,1.4874143718455517,0.0004177686856600416,0.004545683777013962,0.000913639782982378,1.2471261728337633,66.79161333577134,395.9571428571435
2025-08-04 17:00:00+00:00,115663.7,False,not_opened,,,,,,,,,,7,0.8715226162666948,0.9966022510086945,1.3613957993032804,1.364833049186422,0.0007145655376505857,0.005124393941563126,0.002413030190111429,1.600014932353512,64.80979138409869,378.2571428571443
2025-08-05 09:15:00+00:00,114545.6,True,loser,2025-08-05 12:30:00+00:00,113629.23520000001,stop_loss,13,100.0,-0.007999999999999962,0.07968,-0.7999999999999962,-0.8796799999999961,3,0.57739938080499,0.9576883384933077,0.9126442194490303,1.2120404210962916,0.00021821634818695366,-0.0011885734730562362,0.00046793591373222383,0.8604925749981884,55.42846309403444,233.80000000000186
2025-08-05 09:30:00+00:00,114686.5,False,not_opened,,,,,,,,,,4,0.45091141669332047,0.6888391429485008,1.412535290796138,1.2627993807485693,0.00031419761827930156,-0.0008939301580220727,0.0011570673095786957,1.2164201669738224,58.614012439854584,247.62142857143044
2025-08-05 10:15:00+00:00,114917.8,False,not_opened,,,,,,,,,,6,0.7033824804857128,0.7035993061578535,1.8810286110487837,1.3175180110716345,0.00043390267792621897,-9.318980129726993e-05,0.0011660508641829204,1.7588909711285723,71.92225831746384,275.22857142857225
2025-08-06 05:30:00+00:00,114203.1,True,loser,2025-08-06 11:30:00+00:00,114269.4,max_holding,24,100.0,0.0005805446612218788,0.08002322178644888,0.058054466122187884,-0.021968755664261,5,0.6314752806775806,0.6314752806775806,2.1710962389616957,1.1407477927511278,0.00048397436218270513,-0.0032453741098370016,0.0008362294893921443,3.114014285256556,69.83374464216213,223.38571428571282
2025-08-06 07:00:00+00:00,114200.0,False,not_opened,,,,,,,,,,4,0.5415521978021661,0.8056318681318559,1.2984349221920544,1.1647621075146948,0.00032488805092286056,-0.0017602796739658402,0.00035639229422064,1.1903226295598024,70.74928826700649,248.15714285714265
2025-08-06 13:30:00+00:00,114132.6,True,winner,2025-08-06 18:00:00+00:00,115502.1912,take_profit,18,100.0,0.01199999999999996,0.08048,1.199999999999996,1.119519999999996,5,0.40158802870667637,0.9354099862574611,2.665988194585777,1.1485664441870789,0.00011961512481717481,-0.00036728050074065244,0.0007298528203160438,3.7843782174111498,51.74619419214548,252.53571428571428
2025-08-06 13:45:00+00:00,114218.6,False,not_opened,,,,,,,,,,4,0.16505977632087787,0.7182799845738648,2.0050648572367273,1.195625892600963,0.00017985049999748846,-0.0002022920298195628,0.00038259968166315855,3.4211939312740807,59.60309003729372,264.9071428571427
2025-08-06 14:45:00+00:00,115142.7,False,not_opened,,,,,,,,,,7,0.8268769599704874,0.9663346246080058,3.351520116230546,1.5741572352076834,0.0008951189079279252,0.0008915223554545454,0.005934375344681017,4.410342118537849,69.84680851063824,379.95714285714035
2025-08-06 15:45:00+00:00,115366.3,False,not_opened,,,,,,,,,,5,0.4797021378813252,0.7076627432140373,1.1674308389068946,1.4655794994241622,0.0008091073091984823,0.0032737001613257306,0.0005833592652273923,1.6822872228581878,76.67732891047658,409.4928571428557
2025-08-07 08:00:00+00:00,114900.9,True,winner,2025-08-07 10:30:00+00:00,116279.7108,take_profit,10,100.0,0.012000000000000057,0.08048,1.2000000000000057,1.1195200000000058,6,0.6297854438367645,0.6348338241480691,1.7972176016936334,0.9466391488282879,0.00022879549883385468,0.0016869806154778241,0.0005787596093677248,2.202666759932705,73.07762724276851,141.37142857142524
2025-08-07 08:15:00+00:00,115117.1,False,not_opened,,,,,,,,,,7,0.8286699885014046,0.8750479110770717,1.874416265536303,0.9899215693831385,0.0003854821642720587,0.0020122658749536773,0.001124072791965822,1.876034391902921,83.12848246476605,146.77142857142462
2025-08-07 09:45:00+00:00,115020.4,False,not_opened,,,,,,,,,,4,0.5527896995707655,0.8257510729613484,0.7873749662070954,1.0726250284169707,0.00018783753575556743,0.002803842756356239,0.00023126332372336793,0.8027384826260253,70.63409145704432,153.34285714285528
2025-08-07 10:00:00+00:00,115452.4,False,not_opened,,,,,,,,,,7,0.7995186967789643,0.858200666419833,3.1762457739232928,1.288880075355714,0.0005256744117075003,0.003236309996331146,0.0035659717771133136,4.481089936179474,77.84245952337642,185.69999999999814
2025-08-07 10:15:00+00:00,115824.9,False,not_opened,,,,,,,,,,7,0.9004109257916428,0.966642494561269,2.2905074329374733,1.3616596702561397,0.0007803721605196749,0.0038926440395434673,0.002554718372301588,5.392725695199767,81.28744814871729,199.83571428571304
2025-08-07 10:30:00+00:00,116347.0,False,not_opened,,,,,,,,,,7,0.9250664304694368,0.9911426040744021,2.760391198044039,1.5152916745327645,0.0011302577313448989,0.004848788176187255,0.004368827730839669,5.963866312865766,84.34983724516036,229.32857142856977
2025-08-07 11:00:00+00:00,116432.3,True,loser,2025-08-07 17:00:00+00:00,116333.5,max_holding,24,100.0,-0.0008485617822546056,0.07996605752870982,-0.08485617822546056,-0.16482223575417038,5,0.822429906542087,0.822429906542087,0.8245833734707568,1.4771267880076357,0.0009986486449521353,0.006509280338786394,0.0003925027677027516,1.5590333198740083,86.25542933511508,238.25
2025-08-07 11:15:00+00:00,116759.6,False,not_opened,,,,,,,,,,7,0.8647291941875902,1.0,1.7204545454545568,1.5548401911922496,0.0011679774649097992,0.007472396122655572,0.0025428315958602866,1.8388193921948477,87.65890426369654,261.16428571428594
2025-08-07 13:30:00+00:00,116563.2,False,not_opened,,,,,,,,,,5,0.43220701454231986,0.6212574850299324,1.6348792895477662,1.3338184671269517,0.0005112326659400873,0.010749329319157563,0.0014000988305056577,1.2464122386492418,69.83146468613839,318.1428571428582
2025-08-07 15:30:00+00:00,116697.3,False,not_opened,,,,,,,,,,6,0.8521494576135427,0.9931699477702004,0.8365542970456556,1.0385211606400888,0.0004145561093086238,0.011695287585282458,0.0012810921932212655,0.6088370484363207,61.86560519562129,305.2999999999998
2025-08-07 18:45:00+00:00,116504.6,True,winner,2025-08-08 00:45:00+00:00,117216.5,max_holding,24,100.0,0.006110488341232828,0.08024441953364932,0.6110488341232828,0.5308044145896335,5,0.8393367638650754,0.9050886220697633,1.0929371514270991,1.000542141413785,0.00016867195350990695,0.010842761829173582,9.44168728101723e-05,1.362623254004543,50.46559381118381,319.01428571428863
2025-08-07 19:30:00+00:00,117099.0,False,not_opened,,,,,,,,,,7,0.9481854415775178,1.0,1.5520609494041593,1.0398508033366431,0.0005973733383400451,0.011355348002318591,0.00361147405187059,2.585172909012819,60.37594298337008,333.15000000000356
2025-08-07 19:45:00+00:00,117407.6,False,not_opened,,,,,,,,,,6,0.7950038629925555,0.7950038629925555,1.2391696318871563,1.0736518034220615,0.0007893885795255732,0.011919724631685662,0.002628449947022218,3.620794239836935,64.56050100648643,345.5000000000031
2025-08-08 07:15:00+00:00,116917.0,True,loser,2025-08-08 13:15:00+00:00,116692.9,max_holding,24,100.0,-0.0019167443571080835,0.07992333022571568,-0.19167443571080836,-0.27159776593652407,6,0.99966755319147,0.99966755319147,2.038285617482656,0.8128014402228432,0.00017856057218771138,0.007914047499270889,0.0017371297587177727,1.76129638988064,62.127751402675614,143.18571428571366
2025-08-08 11:00:00+00:00,116720.0,False,not_opened,,,,,,,,,,7,0.8389639639639823,0.8453453453453529,1.5175163771005078,1.0892905696417907,0.000103940957239294,0.005996853795323142,0.001151473612063007,1.032058605953528,47.944676247875194,170.26428571428445
2025-08-08 13:30:00+00:00,116777.6,True,loser,2025-08-08 19:30:00+00:00,116383.8,max_holding,24,100.0,-0.0033722220699860493,0.07986511111720057,-0.33722220699860495,-0.4170873181158055,6,0.19063695701105354,0.7006527121314446,2.6113788644645735,1.1003656041029979,0.00013795642849453188,0.005564311189291086,0.0006645110021100435,2.26304463072876,57.83258594917792,183.59285714285943
2025-08-08 17:00:00+00:00,116374.0,False,not_opened,,,,,,,,,,6,0.6409812409812577,0.7806637806637806,1.2467167991940438,1.31493455806809,2.770966369274444e-05,0.0027869550930437,0.0011179473078179476,1.0814725783746502,38.671831144043814,315.8571428571408
2025-08-08 17:30:00+00:00,116514.5,False,not_opened,,,,,,,,,,6,0.9534132841328151,0.9534132841328151,0.7573931422383032,1.1088917408031607,0.00014264496269930418,0.0028305146624664885,0.0005209652017559796,0.5399243655183295,44.53176522312598,281.74285714285674
2025-08-08 17:45:00+00:00,116665.9,False,not_opened,,,,,,,,,,6,0.7735173824130054,0.9994887525562075,0.6731017395344243,1.080905403292826,0.0002524848933178845,0.0030248195381152214,0.0012111508161338348,0.6146813216553676,49.38886606409196,281.50714285714326
2025-08-09 04:00:00+00:00,116510.2,True,winner,2025-08-09 10:00:00+00:00,117714.8,max_holding,24,100.0,0.010339008945139618,0.08041356035780559,1.0339008945139618,0.9534873341561563,7,0.8432483474975865,0.9499527856468098,2.064931266452184,1.0361663462113129,1.4371611527771169e-05,0.0023643254777297217,0.0006085304119295493,1.882986387492498,45.088586235988984,105.27857142857309
2025-08-09 05:15:00+00:00,116930.4,False,not_opened,,,,,,,,,,7,0.9506776271939317,0.9562319484558733,3.1405246999720893,1.5580182750197402,0.00037430078423262,0.0024022044677538042,0.001885737156462306,3.375842995921384,66.99555994079881,164.23571428571657
2025-08-09 07:15:00+00:00,116844.9,False,not_opened,,,,,,,,,,6,0.9987063389391226,0.9993531694695613,0.887409235714516,1.443780912977647,0.00022106205978679195,0.0028466855545901107,0.0012383938023824497,1.013708383917402,65.77362664372635,209.12857142857268
2025-08-09 08:30:00+00:00,117132.1,False,not_opened,,,,,,,,,,7,0.8747531734837964,0.998307475317373,1.903304609272224,1.098778875155742,0.0003930866108692042,0.003420287690860567,0.002646584497332499,1.8151507731311125,68.01969428064368,184.87857142857268
2025-08-09 09:00:00+00:00,117373.5,False,not_opened,,,,,,,,,,7,0.8139721627409022,0.9997323340470936,1.773894876786494,1.0765829665644135,0.0005218286434217227,0.0040826149089567354,0.0019041776891717465,2.154061103951554,65.93767424570963,190.27142857142982
2025-08-09 09:45:00+00:00,117473.3,False,not_opened,,,,,,,,,,7,0.823707186030895,0.9734721289456209,1.3621809532522244,1.0231517335733418,0.00048675213150928476,0.0050045636366965645,0.0005388458483757833,1.3024064026611848,77.97454344216956,192.03571428571533
2025-08-09 10:00:00+00:00,117714.8,False,not_opened,,,,,,,,,,7,0.7371794871794741,0.8925518925519034,1.5058261129369732,1.0778660256494152,0.0006348787813703182,0.005513150101123466,0.0019844573494582313,2.2858195309124363,81.18747983220386,205.94285714285903
2025-08-09 22:15:00+00:00,116636.6,True,winner,2025-08-10 03:15:00+00:00,118036.23920000001,take_profit,20,100.0,0.012000000000000044,0.08048,1.2000000000000044,1.1195200000000045,5,0.670971709717109,0.6715867158672062,1.1317602839841905,1.2308184740134083,2.8453875291035852e-05,0.0007315321156416264,0.0006293050380413071,1.2189932504374745,52.17859064012952,164.7999999999977
2025-08-10 02:45:00+00:00,117273.7,False,not_opened,,,,,,,,,,7,0.9702233250620044,0.970577809287477,2.217157228749974,1.0024393264658917,0.0005321050160197133,0.0012373862600552495,0.0015510724058334835,2.5130680417586344,86.23792069310248,132.971428571429
2025-08-10 03:00:00+00:00,117875.2,False,not_opened,,,,,,,,,,7,0.8035261119273321,0.9000934953920086,4.713103144376899,1.350126348722478,0.0009649578360868439,0.0020829639304906717,0.005032441090237786,7.2440395669230275,90.75597336466913,180.32142857142858
2025-08-10 03:15:00+00:00,118339.4,False,not_opened,,,,,,,,,,6,0.4641999999999971,0.8393999999999942,4.981940465811415,1.8056290120192104,0.0012432148792394927,0.0031674753117102443,0.003290535527474317,6.07802511956425,92.65026471504211,248.7357142857145
2025-08-10 04:00:00+00:00,118679.1,True,loser,2025-08-10 06:30:00+00:00,117729.66720000001,stop_loss,10,100.0,-0.007999999999999957,0.07968,-0.7999999999999957,-0.8796799999999957,6,0.7717054263566117,0.7717054263566117,1.099650498678709,1.925489952836803,0.0011905742163300264,0.006018056179032955,0.001509111545335327,1.9506265075066063,88.34468116260358,299.3428571428584
2025-08-10 14:15:00+00:00,118783.9,True,loser,2025-08-10 20:15:00+00:00,118250.6,max_holding,24,100.0,-0.0044896656870164085,0.07982041337251936,-0.44896656870164087,-0.5287869820741602,6,0.7842178770949575,0.9500698324022234,1.1991291240997908,1.0704754584854457,0.0003468747892475909,0.010327344828997588,0.001131466469782472,1.864771122401999,75.96558193698594,250.69999999999916
2025-08-10 15:00:00+00:00,118853.2,False,not_opened,,,,,,,,,,4,0.2637055837563304,0.38883248730963726,1.5668807540116594,1.1190228721819973,0.00031849795869268703,0.010770983783291527,9.67580174534636e-05,2.9313701372057768,68.68754660700938,263.0071428571412
2025-08-10 21:45:00+00:00,118678.0,True,winner,2025-08-11 02:00:00+00:00,120102.136,take_profit,17,100.0,0.011999999999999988,0.08048,1.1999999999999988,1.1195199999999987,7,0.9974248927038689,1.0,2.0993355107557363,1.3940395187560042,0.00020701051275592782,0.007787972031737458,0.0020989568412006086,0.6210131410715481,56.337830241709,266.70714285713933
2025-08-10 22:00:00+00:00,118825.1,False,not_opened,,,,,,,,,,6,0.41777904004545124,0.7140017040613592,1.5098304067237351,1.4587536654187354,0.0003049637376294828,0.00797403640854122,0.0012379539339752782,2.440558228051527,56.87716863289394,282.49285714285463
2025-08-10 22:45:00+00:00,119046.6,False,not_opened,,,,,,,,,,6,0.647459402828707,1.0,0.800117356133997,1.401834142788617,0.0003964015432814888,0.008599895961827793,0.000812286953176417,0.9330127063550158,61.622035884951984,285.9571428571414
2025-08-10 23:30:00+00:00,119223.3,False,not_opened,,,,,,,,,,6,0.7425802543912757,0.792247122955809,1.2567318122133637,1.3041607649581146,0.00044843733921187966,0.009205913328278336,1.1742671105469577e-05,1.4393188413066154,71.89804278561684,289.04999999999774
2025-08-11 01:30:00+00:00,119736.2,False,not_opened,,,,,,,,,,7,0.8969924812030076,0.9040601503759355,2.382445141065837,0.9868605129611899,0.0006279056416487178,0.010674273749495315,0.003580370848582109,3.3388451114760436,73.081015351877,256.97142857142796
2025-08-11 01:45:00+00:00,120050.1,False,not_opened,,,,,,,,,,7,0.6338852988691651,0.9089256865912934,1.762810814659232,1.0636264447326362,0.0008156426732720245,0.011270855592609293,0.0020832968902150502,2.3735585396004555,77.37004405286356,280.6142857142851
2025-08-11 02:00:00+00:00,121264.9,False,not_opened,,,,,,,,,,7,0.8605936105404808,0.975136360416515,4.172245127159351,1.3699361954374996,0.0016846399927216637,0.01255555559385942,0.009645824966663866,7.152528276866192,84.75350963108068,371.8285714285708
2025-08-11 02:15:00+00:00,121462.4,True,winner,2025-08-11 08:15:00+00:00,121715.0,max_holding,24,100.0,0.0020796559264431285,0.08008318623705774,0.20796559264431283,0.1278824064072551,5,0.24141303019190635,0.665444322209987,2.244567603160686,1.4857703256045038,0.0016765785346758069,0.013911825891055668,0.0013370392812919404,3.7729229955405534,85.08073884758365,416.6285714285706
2025-08-11 02:45:00+00:00,121837.5,False,not_opened,,,,,,,,,,5,0.4846669016566846,0.8470215015862015,0.7659390650521668,1.458374269734546,0.0016437323177483918,0.016571800804825277,0.0005187237098594201,0.911992860787895,89.40985142920152,434.7142857142857
2025-08-11 03:00:00+00:00,121968.9,False,not_opened,,,,,,,,,,5,0.30845070422533843,0.9504694835680615,1.1387633991820167,1.4428338528434628,0.0015881864690058315,0.017811488252049153,0.0007214953975972564,1.5091187739203524,89.06659077973823,441.55714285714305
2025-08-11 04:45:00+00:00,122069.7,False,not_opened,,,,,,,,,,5,0.4979331078541883,0.5236126769384923,1.8177678093655123,1.38444392963951,0.0009694288354080212,0.022396374013195823,0.0014884938686668117,1.6738572078231146,88.662813712295,518.6428571428551
2025-08-11 16:00:00+00:00,120663.5,True,loser,2025-08-11 17:15:00+00:00,119698.192,stop_loss,5,100.0,-0.008000000000000037,0.07968,-0.8000000000000037,-0.8796800000000037,7,0.6486441798941815,0.7759589947089958,1.3536712288908583,1.0589305095186445,0.00031361924901905685,0.009340257119981432,0.0022890103469565947,1.122954536880638,71.08824089956141,425.46428571428675
2025-08-12 12:30:00+00:00,119064.5,True,winner,2025-08-12 18:30:00+00:00,119506.9,max_holding,24,100.0,0.003715633123223078,0.08014862532492892,0.37156331232230777,0.2914146869973788,6,0.8376125823363499,0.8377470090065896,2.7307099331913554,1.2599701794900409,0.00044055027020849626,-0.00358484576360243,0.004144812265620735,7.011137663898202,59.74257425742563,293.65000000000146
2025-08-12 12:45:00+00:00,119225.8,False,not_opened,,,,,,,,,,3,0.4804885314268821,0.9687220732797137,1.1854860068861848,1.2692401053578957,0.0005269009988561426,-0.0030725223533988474,0.0003405303214573173,2.308672178630351,61.30125252217594,300.6571428571437
2025-08-12 14:45:00+00:00,119419.0,False,not_opened,,,,,,,,,,6,0.680996384089992,0.9963840899959765,1.2841480717141827,1.394197329928263,0.0004759896622090789,-0.0010134574421996729,0.0010023530593958841,0.7267846429838338,66.1539998002597,427.3857142857149
2025-08-12 15:15:00+00:00,119738.9,False,not_opened,,,,,,,,,,5,0.9827387802071342,0.9827387802071342,0.8949651772035966,1.339964605692415,0.0006446800712476669,-4.783653638110465e-05,0.0015775992597225645,0.9332155653910236,70.07812007811987,440.50714285714224
2025-08-13 04:00:00+00:00,119680.7,True,winner,2025-08-13 10:00:00+00:00,120350.4,max_holding,24,100.0,0.00559572261860097,0.08022382890474404,0.559572261860097,0.47934843295535295,6,0.6409114719748434,0.6911995809324049,1.5244255455071825,1.1512960859237724,0.0001153839733182466,0.002301812205865266,0.0007912721098723277,1.656022880075811,45.44953116381692,278.6999999999992
2025-08-13 06:45:00+00:00,119368.1,False,not_opened,,,,,,,,,,6,0.8173545661358157,0.9463763405914872,1.1278498643794912,1.0607179952812287,1.4321638035304588e-05,0.000649982510676835,0.0006693580613246649,0.7784051339606896,49.824455813020364,275.36428571428405
2025-08-13 08:30:00+00:00,119903.4,False,not_opened,,,,,,,,,,5,0.8541806020066695,0.8795986622073578,0.5880154968632625,1.01299808513374,0.00037239734008795336,0.0015454812076812314,0.00044535851360340224,1.1573287788757054,63.18839191648256,267.3428571428573
2025-08-13 13:15:00+00:00,120609.3,True,winner,2025-08-13 13:45:00+00:00,122056.6116,take_profit,2,100.0,0.012000000000000005,0.08048,1.2000000000000006,1.1195200000000005,4,0.45383360522024735,0.51973898858076,1.2623818447661586,1.034291153779122,0.00027315403406189036,0.006763034643111413,7.710848168427236e-05,1.0175250861633294,67.04435092262868,247.96428571428675
2025-08-13 13:45:00+00:00,121777.3,False,not_opened,,,,,,,,,,7,0.8021073427724773,0.8298759740972448,5.224796421607976,1.5514576420888686,0.0011567882972343326,0.007614830881563649,0.008382514639427897,7.0023849348313085,73.50562761989643,381.4214285714282
2025-08-13 16:00:00+00:00,121507.4,True,winner,2025-08-13 20:45:00+00:00,122965.48879999999,take_profit,19,100.0,0.011999999999999981,0.08048,1.1999999999999982,1.1195199999999983,6,0.9827641752577133,0.9827641752577133,1.1682788211825876,1.7484604951213012,0.0005207198042067196,0.010230685126979649,0.0014032067182739487,0.5602108878509289,58.15657350319724,664.807142857143
2025-08-13 22:30:00+00:00,123531.7,True,loser,2025-08-14 04:30:00+00:00,123263.3,max_holding,24,100.0,-0.0021727216576797226,0.07991309113369281,-0.21727216576797226,-0.2971852569016651,7,0.7643508583690849,0.8154506437768176,1.929032508440825,0.9837186491899518,0.0008935066164684645,0.01800064658447933,0.003494649551491618,2.3305383753918494,78.01586483980635,384.33571428571406
2025-08-14 00:00:00+00:00,123887.2,False,not_opened,,,,,,,,,,7,0.897260273972624,0.9797706275884082,1.544422440620401,1.089289759988109,0.0008499556628405856,0.019762374348883647,0.0013827094324514793,1.3106817379378033,66.04616968092938,413.82857142856875
2025-08-14 00:15:00+00:00,124300.0,False,not_opened,,,,,,,,,,7,0.6600063938618771,0.9998401534526761,1.5442147485344202,1.1567612029242098,0.0010827391168354511,0.020470373172898376,0.0032188254223652923,1.925331590932716,68.82661050812693,442.99285714285463
2025-08-17 04:45:00+00:00,118023.5,True,winner,2025-08-17 10:45:00+00:00,118346.4,max_holding,24,100.0,0.002735895817358358,0.08010943583269434,0.2735895817358358,0.19348014590314147,6,0.7007548088629291,0.7007548088629291,3.2301702780290062,1.1157190956613474,0.0004004726317826819,-0.002841850835834116,0.002406300440166577,5.812363303143864,88.76028023149468,132.78571428571325
2025-08-17 10:45:00+00:00,118346.4,False,not_opened,,,,,,,,,,6,0.8063028439661892,0.9746348962336423,0.9813683337104289,1.0271220828303564,0.00021763657001771757,0.0012997331966626462,0.0005272657216442088,0.8727559890971617,70.70500927643813,137.04999999999978
2025-08-21 01:45:00+00:00,114684.0,True,loser,2025-08-21 04:30:00+00:00,113766.528,stop_loss,11,100.0,-0.00799999999999995,0.07968,-0.799999999999995,-0.879679999999995,6,0.7866931479642618,0.9612711022840119,2.0983975494384284,0.9444757219453053,0.00042088186503709833,-0.0005426850057803023,0.0025993163824073614,2.4192502087067944,57.95195837011575,228.8714285714263
2025-08-21 03:00:00+00:00,114313.9,False,not_opened,,,,,,,,,,5,0.6088043060361378,0.6614763552479684,2.0181172773650466,1.2287660299209937,0.00013052494751110611,-0.0009240256300468088,0.0008940295099720778,1.563054771213963,50.45332119418828,287.557142857141
2025-08-22 14:00:00+00:00,115127.9,True,winner,2025-08-22 15:00:00+00:00,116509.43479999999,take_profit,4,100.0,0.011999999999999948,0.08048,1.1999999999999948,1.1195199999999947,6,0.9845406037570342,0.9920327461442866,6.480431049795718,2.0737279514457647,0.0022228258732532678,-0.004533618732826832,0.02168284143113866,8.885815589037884,81.4146648585819,515.442857142858
2025-08-22 14:30:00+00:00,115715.0,False,not_opened,,,,,,,,,,4,0.6006224066390041,0.6007261410788443,1.8925896476916901,2.2002552448335284,0.0022929321173511047,-0.0005879739640539894,0.0002333318930130061,2.4036913247599165,88.77399631344703,631.7357142857145
2025-08-22 15:00:00+00:00,116571.4,False,not_opened,,,,,,,,,,7,0.8905761981690836,0.8905761981690836,1.696355165798849,2.1147236110261534,0.0025605693527948003,0.0035681328998680537,0.004044731383512594,1.380142274510375,91.76596394744887,703.7928571428575
2025-08-22 15:15:00+00:00,116673.3,True,winner,2025-08-22 21:15:00+00:00,116927.4,max_holding,24,100.0,0.002177876172183278,0.08008711504688733,0.2177876172183278,0.13770050217144048,3,0.26173979984603735,0.3425712086220195,0.6962036623492579,2.0104806783045546,0.0023978611872375625,0.005676882142793043,2.5712823756841574e-06,0.9167073722427317,91.80679853312817,720.5857142857141
2025-08-22 17:00:00+00:00,116704.2,False,not_opened,,,,,,,,,,6,1.0,1.0,0.9259545763970535,1.3237062203393264,0.0013119168765766385,0.014440597136661947,0.0014232564037968752,0.5213897711193823,83.40803660982965,722.3214285714286
2025-08-22 17:15:00+00:00,116890.1,False,not_opened,,,,,,,,,,5,0.6477351916376611,0.699651567944261,0.4413890683153391,1.2581636813419075,0.0013365496965586797,0.01547108222041486,0.001590382761243328,0.4819839263692443,83.96341463414649,718.5714285714286
2025-08-23 16:45:00+00:00,114967.8,True,winner,2025-08-23 22:45:00+00:00,115270.0,max_holding,24,100.0,0.002628562084340112,0.08010514248337361,0.2628562084340112,0.1827510659506376,5,0.6805646749835815,0.6805646749835815,1.4850567987909378,1.1979531097063951,1.0255459043228746e-05,0.00041112553390941676,0.0002539841590427675,0.846228524703918,49.521263367321744,214.62142857142732
2025-08-23 23:45:00+00:00,115377.1,True,loser,2025-08-24 05:45:00+00:00,114970.9,max_holding,24,100.0,-0.0035206293103225133,0.0798591748275871,-0.35206293103225134,-0.4319221058598384,6,0.9769408147578796,0.977709454265995,1.2388116549229136,0.9966190490694845,0.00019034752280309254,0.0017752123873711672,0.0008485219337286925,2.1016118076267336,58.32827538368152,116.85714285714494
2025-08-24 01:30:00+00:00,115454.2,False,not_opened,,,,,,,,,,6,0.8342031312726222,0.9879566439181048,1.8817752596788453,1.0386863802224766,0.00017341633798348538,0.0023707333051948285,0.00016976428748361922,0.7096468834880469,63.082970360139534,117.52142857143086
2025-08-24 02:00:00+00:00,115579.2,False,not_opened,,,,,,,,,,5,0.5653507090839528,0.7669605212725018,1.9803408098978252,1.20916981586827,0.00024657069559226954,0.002664607075885046,0.0002699447651480291,1.8792520701692812,68.03451581974983,139.75714285714534
2025-08-24 04:00:00+00:00,115184.9,False,not_opened,,,,,,,,,,6,0.6917409848778526,0.6917409848778526,1.4592468950688506,1.4318597067251202,4.706774713635275e-06,0.0014972107507279005,0.0005556283853178672,1.2873105091351729,42.236294778667535,206.83571428571304
2025-08-27 11:45:00+00:00,111270.8,True,winner,2025-08-27 17:45:00+00:00,112286.2,max_holding,24,100.0,0.009125484853168973,0.08036501939412677,0.9125484853168973,0.8321834659227705,2,0.5701624815361921,0.5709010339734581,0.6435973001235595,1.0169782640433545,0.00023404244720858273,-0.001709573716365425,0.0001312114229429987,0.6999615120200056,72.51546912488936,211.46428571428572
2025-08-27 13:30:00+00:00,111509.4,False,not_opened,,,,,,,,,,4,0.29158993247391035,0.6766114180478714,3.1508094620993847,1.2381688874788481,0.00035909809789744414,-0.0007607620764760399,0.0016509818903158952,4.116950981066516,62.47605873590121,267.6142857142851
2025-08-27 14:15:00+00:00,112141.2,False,not_opened,,,,,,,,,,7,0.79384301138021,0.983221476510067,2.2644750970512844,1.4566152522583387,0.0007994322169700983,0.0005399682899646691,0.002639529450371496,2.6001516638572375,74.00150417606795,338.6214285714273
2025-08-27 17:15:00+00:00,112255.3,False,not_opened,,,,,,,,,,6,0.6499613003096107,0.8090170278637838,1.2221828071420193,1.1996491690379925,0.000490156683911184,0.003816741074641502,0.0005033169926052489,0.7769248590660084,65.36532415032187,435.7357142857145
2025-08-27 20:45:00+00:00,112363.1,True,loser,2025-08-27 21:45:00+00:00,111464.1952,stop_loss,4,100.0,-0.008000000000000033,0.07968,-0.8000000000000034,-0.8796800000000033,4,0.26637279596978675,0.9826826196473555,0.8044987081412545,1.0450508374733916,0.00032548006797072004,0.005389691185638264,0.00022427291521871185,0.6769489810516292,52.61371350984389,401.7000000000002
2025-08-28 06:15:00+00:00,112953.2,True,loser,2025-08-28 12:15:00+00:00,112806.3,max_holding,24,100.0,-0.0013005386301582795,0.07994797845479368,-0.13005386301582794,-0.21000184147062162,5,0.9301138594424692,1.0,1.0764776737600539,1.001209452984081,0.0005821017405753933,0.006882197879174842,0.0004550557221928567,0.9163422645764279,86.79135008766868,256.3285714285708
2025-08-28 12:45:00+00:00,113187.6,True,loser,2025-08-28 16:45:00+00:00,112282.09920000001,stop_loss,16,100.0,-0.00799999999999995,0.07968,-0.7999999999999949,-0.8796799999999949,4,0.3837902264600991,0.6098529996027087,1.4419110907424046,0.9674104671377562,0.0002483724177153094,0.009175717405369984,0.00021822178401177902,1.701476464266348,59.05977359578902,169.12857142857476
2025-08-28 16:15:00+00:00,112958.6,False,not_opened,,,,,,,,,,3,0.2066961815163526,0.46181516325402516,1.0455814491747575,1.5526370056169179,0.00010344048394375745,0.007437706678136568,0.00033109475506963376,1.2813748596681962,45.38715655466921,406.0428571428565
2025-08-31 00:45:00+00:00,109339.9,True,loser,2025-08-31 06:30:00+00:00,108465.18079999999,stop_loss,23,100.0,-0.008000000000000063,0.07968,-0.8000000000000063,-0.8796800000000062,6,0.7062805566001973,0.9432117337344635,2.2229653471553923,1.0577961391413717,0.0005588698431572484,-0.004265255420260925,0.0014816183296308119,5.391151572647272,86.5057751901599,116.50000000000104
2025-09-01 07:30:00+00:00,108769.2,True,winner,2025-09-01 13:30:00+00:00,109119.7,max_holding,24,100.0,0.003222419582014026,0.08012889678328056,0.3222419582014026,0.24211306141812206,6,0.701349103677686,0.7129920532249099,1.8474197237918244,1.0144059934534109,0.0007718883062175415,-0.006201748749851061,0.0033943432515822227,3.6627799110155514,72.43811829527861,310.45714285714246
2025-09-01 07:45:00+00:00,109390.3,False,not_opened,,,,,,,,,,6,0.9998390212492092,1.0,2.0150839347984704,1.0696609916981143,0.0012351560019384603,-0.004999067825820041,0.0042581472031798335,3.4942318040547335,85.35878581519151,325.6571428571427
2025-09-01 08:00:00+00:00,109473.6,False,not_opened,,,,,,,,,,4,0.20612951062779913,0.24518042511124621,1.2915994956186059,1.1199945453284397,0.001189139763193331,-0.0038806585653649254,0.0007609140468569856,3.563484270272457,91.15636091911044,340.25714285714326
2025-09-01 09:00:00+00:00,109763.7,False,not_opened,,,,,,,,,,5,0.6745298055466791,1.0,0.9849602813275047,1.010713821656803,0.0010396739060292634,-0.00016047709340503158,0.0006003806358567922,0.7474821127267994,88.9882195672146,305.58571428571406
2025-09-01 09:30:00+00:00,109775.1,False,not_opened,,,,,,,,,,4,0.337299226650832,0.7034503271862048,1.0738469400792028,1.0110249254570745,0.0008693007665644816,0.0013766478495080077,3.552718239390108e-05,1.1729432906638695,88.5579873184697,306.25714285714326
2025-09-01 13:15:00+00:00,109401.0,False,not_opened,,,,,,,,,,6,0.5922852657546743,0.8246243552366044,1.4549310710498253,1.0020783783431215,0.0004814024845512342,0.0014896614131232437,0.0013482509300646245,1.4748147684468664,48.394958303187195,329.23571428571347
2025-09-01 23:15:00+00:00,108751.6,True,winner,2025-09-02 02:45:00+00:00,110056.6192,take_profit,14,100.0,0.011999999999999955,0.08048,1.1999999999999955,1.1195199999999956,3,0.23356573705183292,1.0,0.61960009874106,1.3883172135428632,0.00025732644302588187,-0.002244784947222177,0.00024367457582233273,0.5036546813065006,44.24346982235771,397.7642857142855
2025-09-01 23:30:00+00:00,109061.7,False,not_opened,,,,,,,,,,6,0.6808604038630227,0.9422739244951656,1.3567397745715681,1.4259819172755506,0.0005029519051300585,-0.0017657248996122029,0.0028433446388603082,1.1551123308271936,50.09241195194574,418.0642857142853
2025-09-01 23:45:00+00:00,109187.9,False,not_opened,,,,,,,,,,3,0.34767025089603604,0.3862696443341395,1.044342067376899,1.4449278978921047,0.0005646025080848252,-0.0012405207831478074,0.0009149365451665815,1.5697678294001962,51.88811188811186,436.33571428571406
2025-09-02 13:30:00+00:00,110432.6,True,winner,2025-09-02 19:30:00+00:00,110613.1,max_holding,24,100.0,0.0016344811224221834,0.0800653792448969,0.16344811224221834,0.08338273299732143,7,0.7300896624472617,0.9506197257384006,3.925059517648297,1.4983302236367633,0.0006706694186981656,0.004499741238196983,0.008071891814554838,4.605091619726533,50.51393330287803,429.91428571428486
2025-09-02 13:45:00+00:00,111113.4,False,not_opened,,,,,,,,,,7,0.7709206205412695,0.852225116068394,2.151514782375645,1.5975513262651841,0.0011866090924095485,0.005490306785910236,0.005452987668453977,3.347889843119949,61.51760156681564,476.6357142857128
2025-09-03 09:45:00+00:00,111261.2,True,winner,2025-09-03 15:45:00+00:00,112168.6,max_holding,24,100.0,0.008155583437892175,0.08032622333751568,0.8155583437892174,0.7352321204517017,4,0.5784518828451074,0.8828451882844803,0.9864568554108688,1.0229501997211088,0.00026153028274762994,0.00700731934307082,0.0002085183334351696,0.6668054960846613,69.22956467272151,200.94285714285797
2025-09-03 10:00:00+00:00,111293.6,False,not_opened,,,,,,,,,,4,0.15275813295618973,0.8519566242338834,1.0940885174868729,1.0490678860358864,0.00026427964231623115,0.007172243423391276,8.985242637492183e-05,0.978627969472907,73.80626459457278,204.51428571428656
2025-09-03 10:15:00+00:00,111420.0,False,not_opened,,,,,,,,,,6,0.7637462235649195,0.9232628398791717,0.8683105981112244,1.0622466902705188,0.000346881393954072,0.007403462307339022,0.000852629689463292,1.0862245583223862,77.68508863399342,205.8357142857151
2025-09-03 11:00:00+00:00,111594.4,False,not_opened,,,,,,,,,,7,0.6360330578512204,0.7500826446280799,1.5362348280940543,1.0053293493288138,0.00040858384546252374,0.008035809502148668,0.001401504018122721,2.202329858337058,75.99555061179026,193.22142857142794
2025-09-03 13:30:00+00:00,111607.7,False,not_opened,,,,,,,,,,6,0.5169329073482288,0.9068690095846599,2.5327722932513517,1.2887914667402949,0.00030122220832793235,0.008232160632079578,0.0016342958415951066,2.9396967129940763,58.86236668359553,266.6785714285673
2025-09-03 14:30:00+00:00,112442.2,False,not_opened,,,,,,,,,,7,0.9737914428597862,0.9737914428597862,3.0965114778544347,1.7441827483612264,0.0009709446084881124,0.008778913280963297,0.0050906154450908484,4.125373776803626,63.384906851910436,417.27142857142564
2025-09-03 17:00:00+00:00,112327.6,True,loser,2025-09-03 23:00:00+00:00,111810.5,max_holding,24,100.0,-0.004603499050990192,0.0798158600379604,-0.46034990509901913,-0.5401657651369796,7,0.9282768513538001,0.9460283306437306,1.3328075709779152,1.2116390669865935,0.0004918698041316843,0.010950249979528806,0.001759140229115603,0.6767762832840812,59.297429936717116,440.0499999999998
2025-09-05 01:30:00+00:00,110985.7,True,winner,2025-09-05 07:00:00+00:00,112317.5284,take_profit,22,100.0,0.011999999999999988,0.08048,1.1999999999999988,1.1195199999999987,5,0.9315012305167701,0.9995898277276217,0.8733968617897928,1.2624368781560953,0.0003420455670032854,-0.00025486108284598127,0.001265928853897394,0.5592438198715343,58.47621730098937,342.67857142857144
2025-09-05 01:45:00+00:00,111079.9,False,not_opened,,,,,,,,,,5,0.4335020708697461,0.9153244362631915,0.7676275257877727,1.2067967996664186,0.00038997290068600986,9.711829299847634e-05,0.0008471379610531813,0.7277219492718998,55.679981962346226,330.75714285714326
2025-09-05 02:00:00+00:00,111247.1,False,not_opened,,,,,,,,,,5,0.3897435897436169,0.5927738927738996,1.4445660409125347,1.2444384990282282,0.0004954414286957617,0.0005396863206205351,0.0013375629566973243,1.5901580089407468,59.74924810667843,345.52857142857204
2025-09-05 07:15:00+00:00,112659.5,True,winner,2025-09-05 13:15:00+00:00,112899.7,max_holding,24,100.0,0.0021320882837221637,0.08008528353134889,0.21320882837221636,0.13312354484086747,6,0.6332100721958258,0.6568057756647364,2.6819362455725817,1.068415840105896,0.0010209874870490605,0.006605949473615577,0.001121077228285257,4.803521339095635,84.93377483443703,230.01428571428445
2025-09-05 07:45:00+00:00,112900.1,False,not_opened,,,,,,,,,,5,0.6434944237918432,0.8182156133829213,1.2367531780878624,1.1413821113342846,0.0010315310596592992,0.008252848591078872,0.0004047826352679195,2.1238178358628885,92.16499999999954,239.8785714285706
2025-09-07 08:15:00+00:00,111199.9,True,loser,2025-09-07 14:15:00+00:00,111085.8,max_holding,24,100.0,-0.0010260800594244354,0.07995895679762302,-0.10260800594244354,-0.18256696274006656,6,0.8316613162118878,0.8449036918137965,4.048411989277815,1.436593029933904,0.0005391824011634549,-0.00036325627711875747,0.002869606897128426,6.5706015343218,80.03505696757205,140.25714285714326
2025-09-07 11:00:00+00:00,111206.9,False,not_opened,,,,,,,,,,3,0.3672032193159169,0.5674044265593308,0.5754312840106176,1.3690446729952641,0.0002442931095661183,0.002099016890011121,0.0001834418547769444,0.6079995176187781,64.2808026504972,197.57857142857287
2025-09-07 19:30:00+00:00,111199.8,True,loser,2025-09-08 01:30:00+00:00,110820.0,max_holding,24,100.0,-0.0034154737688377396,0.07986338104924649,-0.34154737688377396,-0.42141075793302046,4,0.5617663499161268,0.6266070430408068,1.3145229435321373,1.0744041405824296,0.00012776269899616253,0.002135005663178817,0.00010611529876854914,0.9406943310984456,49.631377174874665,141.5285714285731
2025-09-07 23:15:00+00:00,111416.6,False,not_opened,,,,,,,,,,5,0.5286080273270997,0.5932251636777882,2.3483405194024103,1.121362153703446,0.0002299975352670928,0.0026521896108096226,0.0009011224539252564,3.812821555608538,58.07835518860278,154.5785714285708
2025-09-08 02:30:00+00:00,111141.9,True,winner,2025-09-08 08:30:00+00:00,111767.7,max_holding,24,100.0,0.005630639749725378,0.08022522558998901,0.5630639749725378,0.4828387493825488,5,0.5846153846153638,0.6366726296958751,2.348640813411224,1.4551567693309075,0.00012978833577544796,0.0010447286077048586,0.0021764968927109776,2.449047092785762,47.31986735001483,269.87857142856956
2025-09-08 08:30:00+00:00,111767.7,False,not_opened,,,,,,,,,,7,0.7152709359606007,0.8791461412150972,1.6375369723043893,1.1043820531663973,0.0005158540784077109,0.002478585445916214,0.0015809576469766945,3.5586717726277444,75.40015356446698,205.02142857142775
2025-09-08 09:00:00+00:00,111922.7,True,winner,2025-09-08 15:00:00+00:00,112644.3,max_holding,24,100.0,0.00644730693594781,0.08025789227743792,0.644730693594781,0.564472801317343,6,0.638293068412715,0.8699480695416467,2.1153938004490103,1.3317566040032758,0.0005639329547311255,0.0032480443783410706,0.0004127848952893121,3.141818677431369,75.7125515901914,246.1500000000004
2025-09-08 09:45:00+00:00,112059.9,False,not_opened,,,,,,,,,,5,0.9702329594477626,0.9706643658326022,1.0523209624333318,1.3292680875087222,0.0005500428854930527,0.004346231898832038,0.00015973599833655198,1.627603598160285,73.58668653750583,253.95714285714348
2025-09-08 10:15:00+00:00,112109.4,False,not_opened,,,,,,,,,,5,0.8300757877941511,0.9696848823294539,1.0846709643923194,1.3958319033874422,0.0005049535619539389,0.005031990117033601,0.00017482922930629608,1.7040042098773573,72.41022991475066,275.99285714285776
2025-09-08 14:30:00+00:00,112539.5,False,not_opened,,,,,,,,,,6,0.6317249029395466,0.645590682196341,2.1478348918934738,1.1700874291187555,0.0004972058367596186,0.0074368743561072466,0.0023947147446007847,3.0069114673586452,67.68338795059239,273.11428571428615
2025-09-08 15:15:00+00:00,112773.7,True,loser,2025-09-08 20:30:00+00:00,111871.5104,stop_loss,21,100.0,-0.007999999999999981,0.07968,-0.799999999999998,-0.879679999999998,3,0.42631058358061874,0.6904055390702016,1.215314647486634,1.1868952237482253,0.0005534382487149412,0.008561631985094735,0.00037686091704005454,1.8509835093052187,69.40471888068546,279.1357142857149
2025-09-09 03:45:00+00:00,111657.6,True,winner,2025-09-09 06:45:00+00:00,112997.4912,take_profit,12,100.0,0.011999999999999985,0.08048,1.1999999999999984,1.1195199999999983,4,0.4734133790737494,0.7284162378502137,0.8625749019801672,1.1132374693118332,5.8332467050617314e-05,0.0008817194907920096,0.0003206230476026971,0.962699247659148,51.74202539485913,208.5857142857151
2025-09-09 04:15:00+00:00,111902.3,False,not_opened,,,,,,,,,,5,0.5417782538832514,0.5417782538832514,1.7256279316957943,1.0890034244117701,0.000252461238879402,0.0011672149382702765,0.0014959478044687976,2.2403173068627464,60.52995710530002,211.3642857142851
2025-09-09 06:00:00+00:00,112650.1,False,not_opened,,,,,,,,,,7,0.7868204804045614,0.8443426042983573,2.760305343511472,1.1057221738455452,0.0007334254723886159,0.002881468705839602,0.0038375465268118084,3.340639943801794,86.84804696319776,234.00714285714326
2025-09-09 06:45:00+00:00,112989.5,False,not_opened,,,,,,,,,,5,0.5746556473829362,0.6085399449035652,1.4719000892060676,1.1969815164101276,0.0008227530339145439,0.004682252017346264,0.0011903760968939592,2.9068652215014392,87.58027812895105,263.5928571428573
2025-09-09 07:15:00+00:00,113186.3,True,loser,2025-09-09 13:15:00+00:00,112760.7,max_holding,24,100.0,-0.0037601723883544723,0.07984959310446582,-0.37601723883544724,-0.45586683193991306,5,0.9051654560129148,0.9051654560129148,1.0010098969905188,1.200581175462038,0.0008401184589072458,0.0059723027726478915,0.0003207101919578863,1.0187964361994695,86.8414710560568,272.0928571428563
2025-09-09 13:30:00+00:00,112824.0,True,loser,2025-09-09 14:30:00+00:00,111921.408,stop_loss,4,100.0,-0.008000000000000037,0.07968,-0.8000000000000037,-0.8796800000000037,5,0.22409553916404482,0.7330523357920591,1.4628506833829846,1.1493196092728928,0.00012136303393485602,0.007321866668426284,0.00029958164929450216,2.0798455948778005,46.14355231143547,233.04999999999978
2025-09-10 07:15:00+00:00,112183.5,True,winner,2025-09-10 12:30:00+00:00,113529.702,take_profit,21,100.0,0.012000000000000044,0.08048,1.2000000000000044,1.1195200000000045,6,0.6569497253907981,0.8595268272074339,2.2694151486097756,1.1279571112497768,0.0005364531728548415,-6.13822017791342e-05,0.0022641475796351513,2.307999999473165,74.57286432160825,227.2285714285681
2025-09-10 07:45:00+00:00,112500.1,False,not_opened,,,,,,,,,,7,0.7614335383792887,0.8531692966033831,1.73374756561253,1.219995037666213,0.0007033505709823324,0.0010229288975370766,0.002223109135014154,3.7573474656121917,78.90169902912639,247.6071428571387
2025-09-10 08:00:00+00:00,112768.0,False,not_opened,,,,,,,,,,6,0.5931828242585176,0.8583444001770704,1.9518728128915528,1.3019844904013844,0.0008611076689439859,0.0017814857316338119,0.0018888337116912599,3.851357316584103,87.79040474724331,267.07142857142543
2025-09-10 13:00:00+00:00,113690.1,True,loser,2025-09-10 19:00:00+00:00,113306.0,max_holding,24,100.0,-0.0033784823832506594,0.07986486070466997,-0.33784823832506594,-0.4177130990297359,7,0.6922548120990143,0.7609990834097393,1.667908807735652,1.1067339382706562,0.0010522015934770613,0.006620716437812228,0.0014082140837241397,2.8085912450225243,86.4729311107831,270.2000000000002
2025-09-10 13:30:00+00:00,113965.7,False,not_opened,,,,,,,,,,6,0.523606505605542,0.9821569556292391,2.169244206956802,1.2937748390293775,0.0010940036342697562,0.008254216231442622,0.0015030838225887518,1.6806501592785692,85.84017796030066,319.8428571428584
2025-09-10 20:00:00+00:00,113621.3,True,winner,2025-09-11 02:00:00+00:00,113904.6,max_holding,24,100.0,0.0024933705211963152,0.08009973482084785,0.24933705211963153,0.16923731729878366,4,0.25283118251250214,0.29338951804057234,1.3903332112779627,0.9736146039823724,0.00010567879722054258,0.010974697075697938,0.0004770232341998999,1.7933971585876363,48.898660477993744,293.8142857142874
2025-09-11 03:15:00+00:00,114076.3,True,loser,2025-09-11 09:15:00+00:00,113926.6,max_holding,24,100.0,-0.001312279588310605,0.07994750881646759,-0.1312279588310605,-0.2111754676475281,7,0.7480916030534629,0.7480916030534629,1.3619036617765956,1.0356016961789785,0.00022757610183658583,0.010347291771027306,0.001508639393107997,1.2305738598238798,56.29162285313705,176.1000000000027
2025-09-11 03:30:00+00:00,114150.1,False,not_opened,,,,,,,,,,4,0.3009391588403798,0.6766026949775653,1.4145439842892926,1.0964636334846427,0.00026734213221298703,0.010477121370989433,0.00012614969237879537,1.5802842972509057,60.93120222376671,185.47857142857433
2025-09-11 03:45:00+00:00,114354.4,False,not_opened,,,,,,,,,,7,0.7093749999999596,0.7263888888888788,1.6016016016015784,1.164742407046952,0.00041159658520245905,0.01072293369727933,0.001093967525517088,2.535081421326155,68.54117796234065,196.82857142857392
2025-09-11 05:30:00+00:00,114228.5,False,not_opened,,,,,,,,,,5,0.7048192771084639,0.7353700516351053,1.2199475065616399,1.0604724453536287,0.00019074586195009065,0.010874418423582841,0.00042458755914679785,1.1506079679438306,60.53059366668819,189.40000000000146
2025-09-11 06:30:00+00:00,114347.9,False,not_opened,,,,,,,,,,6,0.8634879163944615,0.9242325277595991,0.883974710586361,0.9981844062851646,0.00023722613317163498,0.010968463190390677,0.0010065772961286676,1.2472025559521511,66.6840497653281,181.8214285714296
2025-09-11 13:45:00+00:00,114577.5,True,loser,2025-09-11 19:45:00+00:00,114370.5,max_holding,24,100.0,-0.001806637428814558,0.07992773450284743,-0.18066374288145579,-0.2605914773843032,7,0.7557153590211527,0.8774283567672024,3.041391917477287,1.9552670889876382,0.0005476659095536996,0.007465133957026466,0.0038157578931290793,2.7369891621621596,60.79959684192844,376.77857142857204
2025-09-11 23:00:00+00:00,115323.7,True,loser,2025-09-12 05:00:00+00:00,115374.9,max_holding,24,100.0,0.000443967718690929,0.08001775870874764,0.0443967718690929,-0.035620986839654735,7,0.9325952458482213,0.9501790947573995,1.6880582657688996,1.0389746716110901,0.0006588538494512653,0.009290651511900689,0.0009087464241955722,1.5922140395947966,83.8490099009896,183.8142857142853
2025-09-12 00:00:00+00:00,115450.0,False,not_opened,,,,,,,,,,4,0.09105304829770178,0.25969912905781595,1.4892111779271617,1.070126518884463,0.0005385077135996026,0.010884102899633125,9.527934170636639e-05,3.258826447378384,91.07952204367561,180.0999999999996
2025-09-12 00:15:00+00:00,115741.8,False,not_opened,,,,,,,,,,6,0.5926076360682502,0.7802599512591423,2.661549687846239,1.2112468082495775,0.0007261004338830169,0.01139887537323605,0.000905463713196122,2.5194775681971895,92.16762134458877,204.48571428571344
2025-09-12 00:30:00+00:00,115962.0,False,not_opened,,,,,,,,,,6,0.9244649601342855,0.9244649601342855,1.2465671017184252,1.269749348507548,0.0008365479548594529,0.012013171225441854,0.0009658336351563443,1.4557184607014129,92.94366885762429,216.1285714285706
2025-09-12 11:15:00+00:00,115080.1,True,winner,2025-09-12 17:15:00+00:00,115787.4,max_holding,24,100.0,0.0061461538528380525,0.08024584615411354,0.6146153852838052,0.5343695391296917,7,0.8545170121235435,0.8924520922956639,1.807067137809279,1.0613502379004196,3.510023221780193e-05,0.007379394036981584,0.0006960369342745255,1.3485496016988474,51.55858474491357,157.97857142857018
2025-09-12 13:45:00+00:00,115114.6,False,not_opened,,,,,,,,,,5,0.5893195988072746,0.792084575765803,1.9875006734551348,1.2550416900287789,0.00011070419842298888,0.0063265210397976225,8.426385532340503e-05,1.514133211286339,55.80344123651251,198.25714285714534
2025-09-12 16:00:00+00:00,115197.2,False,not_opened,,,,,,,,,,5,0.6386878919440054,1.0,0.7878235092919907,1.2981772995054635,0.0001480153067882899,0.006091727286420579,8.680766546409115e-06,0.8608252212638026,55.6339183204851,276.47142857143
2025-09-12 16:15:00+00:00,115318.1,False,not_opened,,,,,,,,,,5,0.5402144772118282,0.9521894548704336,0.8557172080218777,1.268908193523343,0.00023362624530134783,0.006234007572356476,0.0010484043701726679,0.8611556599007618,57.41498740554147,277.8428571428584
2025-09-12 16:45:00+00:00,115435.0,False,not_opened,,,,,,,,,,5,0.6291420789832228,0.8424875170222577,0.818320270420868,1.259086805720529,0.0002892032441871984,0.00653471029246474,0.0003032009355914584,0.8646021432790482,64.09963080442985,293.3928571428582
2025-09-12 17:00:00+00:00,115538.4,False,not_opened,,,,,,,,,,5,0.5096106456382313,1.0,0.757329750107286,1.1843174854617808,0.00034665834181633843,0.006774338619161578,0.0005946075071144926,1.1698952113551924,65.85558852621104,284.10000000000065
2025-09-12 17:15:00+00:00,115787.4,False,not_opened,,,,,,,,,,7,0.7309272300469165,0.7309272300469165,1.284341435839465,1.1486767516062464,0.000517777636731834,0.0071561905191906364,0.0021504930588302357,2.267071235824803,66.38098948188468,282.0928571428573
2025-09-12 22:15:00+00:00,116081.5,True,loser,2025-09-13 04:15:00+00:00,115704.1,max_holding,24,100.0,-0.0032511640528421343,0.07986995343788632,-0.32511640528421343,-0.40498635872209976,4,0.33384146341463417,0.3399390243902439,1.4013800175172484,0.9862533636496383,0.00011925826144757036,0.010766107062085976,0.00024896301305543244,0.7899157335270259,41.17343782223143,236.4000000000004
2025-09-13 10:00:00+00:00,116074.0,True,loser,2025-09-13 16:00:00+00:00,115598.0,max_holding,24,100.0,-0.004100832227716802,0.07983596671089133,-0.41008322277168013,-0.48991918948257146,6,0.45745614035088994,0.7719298245614035,2.341703897704493,0.9948392712802119,0.00021122743205973554,0.006130367655190973,0.0007391836242397343,1.7768302185131837,75.66675133350314,97.14285714285714
2025-09-13 12:30:00+00:00,115976.1,False,not_opened,,,,,,,,,,6,0.8032443746729828,0.8032443746729828,1.9525901706344462,1.0661536833512166,9.117198971732029e-05,0.005801929834574743,0.00036904155252679566,1.3061269182153072,56.678364987614174,100.75
2025-09-14 01:30:00+00:00,115899.9,True,loser,2025-09-14 07:30:00+00:00,115755.8,max_holding,24,100.0,-0.001243314273782732,0.0799502674290487,-0.12433142737827321,-0.20428169480732192,6,0.7567733990147696,0.9993842364531661,1.7135320495910888,1.0016841289476277,7.101099867866426e-05,0.003470186316959004,6.643664058378903e-05,1.4292439537730395,51.91798019249557,96.01428571428447
2025-09-14 01:45:00+00:00,115907.4,False,not_opened,,,,,,,,,,3,0.0729571984435777,0.585603112840422,1.0691071707139865,1.0259153634894298,7.040644402321554e-05,0.0034984853362940126,6.384406862714701e-05,1.742299217036595,59.37451133698198,97.25714285714223
2025-09-14 02:00:00+00:00,116069.1,False,not_opened,,,,,,,,,,7,0.8615548455804068,0.9643237486688127,1.8742514970060171,1.1175714501738914,0.00019629190900670316,0.003634632967593099,0.0010261128930956285,2.874839402721154,65.49800796812838,105.57857142857081
2025-09-14 17:15:00+00:00,115585.4,True,loser,2025-09-14 23:15:00+00:00,115324.6,max_holding,24,100.0,-0.002256340333640653,0.07990974638665438,-0.22563403336406532,-0.30554377975071967,5,0.8604395604395124,0.9197802197801878,0.8824456350456993,1.1207293120133723,0.0001217042854499501,-0.0006570295941124061,0.0007474992516355368,0.5714338837158032,62.00455223294819,209.6928571428559
2025-09-14 21:30:00+00:00,116021.2,False,not_opened,,,,,,,,,,6,0.8183092013077643,0.9738439981316876,1.8569755843706064,0.89032694557277,0.0003490860167716593,0.0008294828385269658,0.0013807821329205102,3.7501856048934745,74.51493547513795,123.13571428571284
2025-09-15 05:45:00+00:00,116474.2,True,loser,2025-09-15 08:00:00+00:00,115542.40639999999,stop_loss,9,100.0,-0.008000000000000038,0.07968,-0.8000000000000038,-0.8796800000000038,5,0.5875883739198602,0.7105263157894752,1.2318560092896793,0.9850453298985524,0.0006280813665198014,0.002006185364703775,0.0008954772816641189,1.7265738478773713,90.48865002475067,205.3928571428582
2025-09-15 06:00:00+00:00,116557.2,False,not_opened,,,,,,,,,,4,0.23519410597903476,0.42561632190422094,1.6631712892051485,1.0595796660487442,0.0006356781699113437,0.0025540729709148074,7.978915073459992e-05,2.051995761514784,90.74392677723482,220.2642857142855
2025-09-16 03:30:00+00:00,115362.3,True,winner,2025-09-16 09:30:00+00:00,115470.7,max_holding,24,100.0,0.0009396483946661447,0.08003758593578665,0.09396483946661446,0.013927253530827813,6,0.9266994266993944,0.9271089271089187,1.3228602383532488,1.1388030970946394,0.0001930030043333804,-0.0012002903951511517,0.0019434425284516439,1.6779365133057942,55.62774263406837,208.32857142857392
2025-09-16 04:45:00+00:00,115458.3,False,not_opened,,,,,,,,,,4,0.5175337186897992,0.7930635838150402,1.1954944371501537,1.1206530371027168,0.00023335150247872946,-0.0007440790642855988,0.0007578493707251882,2.41370525131848,52.6074562629255,216.71428571428882
2025-09-16 05:00:00+00:00,115774.4,False,not_opened,,,,,,,,,,6,0.6910124644653576,0.8239667614257554,1.9649801267589941,1.1309861838106647,0.000470580628316412,-0.0003132484525523532,0.002266476872261866,3.1812540215024905,67.58950650467636,222.6285714285737
2025-09-16 05:45:00+00:00,115893.3,False,not_opened,,,,,,,,,,5,0.6331689272503017,0.8834771886560141,0.690477204035574,1.1021429791256636,0.0004511757781502996,0.0007662514047868973,0.0003313392577483662,1.7649871612427392,71.05869740016057,228.18571428571573
2025-09-16 06:00:00+00:00,115952.4,False,not_opened,,,,,,,,,,4,0.2955566650024774,0.9221168247628277,0.8546680320873945,1.0961599567721176,0.00045654068327395116,0.0011670827495817455,0.0003466939882227284,1.6477366052519458,74.31040034345827,230.3928571428592
2025-09-16 15:45:00+00:00,115877.9,True,winner,2025-09-16 21:45:00+00:00,116757.1,max_holding,24,100.0,0.007587296628606592,0.08030349186514427,0.7587296628606591,0.6784261709955148,6,0.9994673295454494,0.9994673295454494,2.1478967239998314,1.5644765669437737,0.0005435961702091221,-0.0005265005486922643,0.004847343626351506,2.595592917167394,62.65882152298078,311.3928571428592
2025-09-16 16:45:00+00:00,116021.0,False,not_opened,,,,,,,,,,5,0.8176426982950461,0.8925129725722769,0.9550611515248145,1.413914325577429,0.0005017307810226416,0.0009298420057629586,0.00026719300816231543,0.6013534534382133,61.72985781990523,331.5285714285731
2025-09-16 17:00:00+00:00,116492.1,False,not_opened,,,,,,,,,,7,0.8549909255898472,0.8749546279491939,1.8136633695956226,1.3816345938933918,0.0008372588322892237,0.0016666509630766182,0.003795107136020432,2.7622329778671397,76.75496688741724,337.7785714285731
2025-09-16 17:15:00+00:00,116704.0,False,not_opened,,,,,,,,,,6,0.8216362931368707,0.8216362931368707,0.8364279112004577,1.249452050353575,0.0009290687195288202,0.002479073174725136,0.0012253221826158487,2.015336459860102,77.53999289015276,316.58571428571514
2025-09-17 05:00:00+00:00,116510.0,True,loser,2025-09-17 11:00:00+00:00,116292.9,max_holding,24,100.0,-0.001863359368294617,0.07992546562526821,-0.1863359368294617,-0.2662614024547299,7,0.8311864406779562,0.8315254237288234,1.7136716140463082,1.1099342713182443,2.5590189846333692e-05,0.005570892754929599,0.0010900351901124367,1.8603518915010422,46.86569332461659,181.89285714285714
2025-09-17 05:45:00+00:00,117070.5,False,not_opened,,,,,,,,,,7,0.6670667666916816,0.805701425356339,3.283412976008668,1.349140976807015,0.0004662471007745718,0.0059165961069813635,0.003552560209446395,5.67648038292982,59.931695494106336,230.47857142857225
2025-09-17 20:00:00+00:00,115986.3,True,winner,2025-09-18 02:00:00+00:00,116591.1,max_holding,24,100.0,0.005214408943125205,0.08020857635772502,0.5214408943125205,0.44123231795479545,4,0.7480772838116649,0.8165447383230129,1.1092615326994022,1.5756459644836907,0.00029803735098640776,-0.002519012574443319,0.0003129679970824391,0.5246168023069792,56.98499419050215,598.9142857142849
2025-09-18 13:00:00+00:00,117328.5,True,winner,2025-09-18 19:00:00+00:00,117664.3,max_holding,24,100.0,0.0028620497151161306,0.08011448198860466,0.28620497151161306,0.2060904895230084,7,0.7773365913256094,0.9969456322541234,1.9085371185403184,0.9973392442438447,0.0001613178418580475,0.006150891086289746,0.0007559970510148607,1.0890143597505484,58.09189586223811,168.40714285714162
2025-09-18 13:15:00+00:00,117378.9,False,not_opened,,,,,,,,,,4,0.3750932140192854,0.7158836689037721,0.80678639111998,0.9996969192481971,0.00018678477816811228,0.006254343358082071,0.0004208592856126117,1.7821843672231807,55.52187093980093,167.278571428571
2025-09-18 14:15:00+00:00,117638.9,False,not_opened,,,,,,,,,,4,0.4421082141855856,0.5766750770955951,1.679418065397014,1.4324297000245632,0.00034347294231118193,0.006634341334939214,0.00033067293216779636,2.3746712525954785,65.18355089783705,247.94999999999916
2025-09-19 00:15:00+00:00,117173.5,True,loser,2025-09-19 06:15:00+00:00,116734.9,max_holding,24,100.0,-0.003743167183706263,0.07985027331265175,-0.3743167183706263,-0.45416699168327807,4,0.5919497784342732,0.6059822747415217,1.379310344827604,1.0143638563690731,5.13495288588794e-06,0.00341432109280411,0.00041391611584530634,1.301761342284542,41.18458163585098,189.81428571428634
2025-09-19 00:30:00+00:00,117333.0,False,not_opened,,,,,,,,,,5,0.9124713958809917,1.0,0.9196369854005152,1.017710563284457,0.00013410424771397592,0.003495845931483562,0.00045000127841274756,0.5266780213278324,51.752329044933184,189.6500000000004
2025-09-19 00:45:00+00:00,117359.9,False,not_opened,,,,,,,,,,4,0.2586206896551508,0.8544061302680999,0.5800483373614934,1.0178999872501726,0.00014313407700570468,0.0035884478572708193,0.00022920946592485322,0.8368625334533488,49.17211910802502,188.1857142857147
2025-09-24 14:30:00+00:00,113322.8,True,winner,2025-09-24 20:30:00+00:00,113481.0,max_holding,24,100.0,0.0013960120999480872,0.08005584048399793,0.1396012099948087,0.05954536951081078,7,0.7505930193154715,0.9345984412063622,1.6147301031435757,1.173197587561566,0.00036014701190754353,0.0010921808347386607,0.0016660371963982791,1.975541226413256,62.619808306709615,189.31428571428842
2025-09-24 14:45:00+00:00,113662.7,False,not_opened,,,,,,,,,,5,0.571837146702553,0.684892328398377,2.852275726384946,1.3495899777138314,0.0006096754395403177,0.001624057780692547,0.00282062629165057,4.375385163525487,74.00722021660665,222.76428571428758
2025-09-24 17:00:00+00:00,113802.8,False,not_opened,,,,,,,,,,6,0.40860543179740594,0.7696063472688414,1.2555074518217624,1.4034524469696097,0.0004334082859460955,0.00397646991265524,0.0009033169658391789,0.7257726915506177,64.4878757744973,309.1214285714263
2025-09-25 00:00:00+00:00,113418.7,True,loser,2025-09-25 01:45:00+00:00,112511.3504,stop_loss,7,100.0,-0.008000000000000012,0.07968,-0.8000000000000013,-0.8796800000000012,6,0.6669364629704534,0.8243626062322634,1.4809265529951476,0.9951891174518982,4.5095291083658426e-05,0.0030918460597772215,0.0003941149034506399,1.4642608128092618,47.68521958831823,171.40000000000146
2025-09-28 00:15:00+00:00,109728.1,True,loser,2025-09-28 06:15:00+00:00,109227.2,max_holding,24,100.0,-0.004564920015930366,0.07981740319936279,-0.45649200159303654,-0.5363094047923993,6,0.8837115072934202,0.9116693679092812,3.052944087085452,1.5613737906571985,0.00022656247670595103,-0.0018986387873083886,0.0009195456769962181,2.1917353943789695,72.24475997295464,98.09999999999958
2025-09-28 13:45:00+00:00,109580.9,True,winner,2025-09-28 19:45:00+00:00,110281.6,max_holding,24,100.0,0.006394362521205901,0.08025577450084824,0.6394362521205901,0.5591804776197419,2,0.30246305418716346,0.5645320197043188,0.8665955176094025,1.1347717699647533,0.0001852146281220262,-0.0016400034761978033,4.562838961899382e-06,1.2774487010924704,60.376113493896206,117.86428571428405
2025-09-28 14:15:00+00:00,109665.9,False,not_opened,,,,,,,,,,5,0.9588477366255131,0.9588477366255131,1.6613254710934287,1.2260718984079295,0.00023369372927431345,-0.0013265438435140105,0.0003720390750450994,1.0257207410534048,65.18039180923708,130.47857142857018
2025-09-28 14:45:00+00:00,109801.2,False,not_opened,,,,,,,,,,6,0.7429234338746694,0.8064965197215912,1.74430369500994,1.3116166726507312,0.0003104764354339247,-0.0008525523500000752,0.0009216657012855697,2.934466525074065,73.67944709560642,143.5142857142855
2025-09-28 15:30:00+00:00,109883.0,False,not_opened,,,,,,,,,,3,0.1914580265095688,1.0,1.0084657656319902,1.3051567746252264,0.0003022610170328299,-9.861969638189258e-05,0.0001092070656971506,1.115408696446057,69.19547262159716,152.57142857142858
2025-09-28 15:45:00+00:00,109990.0,False,not_opened,,,,,,,,,,6,0.7844574780058986,1.0,0.9787249309367112,1.3091301264978141,0.00036585732874319134,0.00023009000702968184,0.0009728157105191381,1.507787828046341,71.47308781869712,156.93571428571366
2025-09-28 16:00:00+00:00,110143.0,False,not_opened,,,,,,,,,,5,0.42488197722854076,0.4251596778672684,2.3311215407024166,1.3401425769878204,0.0004628495095686594,0.0006419762138529319,0.001389103256675413,2.5593490039526516,84.7516954714517,165.22857142857123
2025-09-28 17:00:00+00:00,110279.8,False,not_opened,,,,,,,,,,5,0.5964424680378343,0.7515286270150164,1.0943155205449953,1.2440025014985718,0.0004317221883472182,0.0019673811634391466,0.0008333348446407115,1.0814787135894952,79.28238882645809,171.21428571428572
2025-09-28 22:00:00+00:00,111411.8,True,winner,2025-09-29 04:00:00+00:00,111747.7,max_holding,24,100.0,0.003014940966755713,0.08012059763867023,0.3014940966755713,0.22137349903690107,7,0.8924023465445733,0.8924023465445733,3.728162590350136,1.184499950344735,0.0008503368846891873,0.0067045242166626755,0.005491339337484924,6.009855928343534,78.36791024841978,200.20714285714453
2025-09-28 22:15:00+00:00,111682.6,False,not_opened,,,,,,,,,,7,0.6705474362150449,0.7661629923210432,2.054557483841393,1.296695544735262,0.0009984134867845277,0.0075158192686447306,0.0017513918909481496,3.226707494204724,79.89573420497351,221.8928571428582
2025-09-28 22:30:00+00:00,111849.9,False,not_opened,,,,,,,,,,6,0.6431041106415378,0.6930464848251716,1.3062678777538084,1.29842205939098,0.0010444281502876578,0.008365213826453131,0.0006517663404258223,2.110456283625467,87.04833022194569,224.72857142857225
2025-09-28 23:00:00+00:00,112050.3,False,not_opened,,,,,,,,,,5,0.40348781653131005,0.40348781653131005,1.9849210488880584,1.3880412619652578,0.00102120733634472,0.00995954573424872,0.0006166873270308587,3.395299098322073,87.18239946155151,246.77142857142877
2025-09-29 08:15:00+00:00,112147.0,True,winner,2025-09-29 14:00:00+00:00,113492.764,take_profit,23,100.0,0.011999999999999962,0.08048,1.1999999999999962,1.119519999999996,7,0.8853247794707104,0.9346431435444974,1.7106210775404453,0.9955434093365217,0.0003786818445449219,0.011501243609199562,0.0005225284671012672,1.3122147014335768,66.36778746367858,159.24285714285776
2025-09-29 08:30:00+00:00,112210.0,False,not_opened,,,,,,,,,,4,0.38089480048368934,1.0,1.0948929268857432,0.9983827148947712,0.00039589571576403886,0.01173494376123113,0.0004161839408252125,1.1958181837350066,75.18089094237713,156.31428571428634
2025-09-29 10:15:00+00:00,112172.8,False,not_opened,,,,,,,,,,4,0.5481203007519454,0.9052631578948025,0.8264719589871021,1.1469967921708573,0.00022690000655893746,0.012054102177110866,5.883779311923943e-05,0.6195513234421288,71.94047530909893,175.97142857143004
2025-09-29 13:30:00+00:00,113240.4,False,not_opened,,,,,,,,,,7,0.8884386174016617,0.9655939610647574,5.006564029120455,1.5505742290371207,0.0010255347941812635,0.01207611198252719,0.008604702915213954,6.787821013353502,72.62986626453436,284.29999999999666
2025-09-29 14:00:00+00:00,113750.0,False,not_opened,,,,,,,,,,7,0.9110693596367572,0.9600751526538279,2.277979884442547,1.6962001156008872,0.0012681596029168608,0.013684997202136815,0.0026936263736263223,2.746645292867474,79.83003993037813,336.4285714285673
2025-09-29 14:30:00+00:00,114012.5,True,winner,2025-09-29 20:30:00+00:00,114344.7,max_holding,24,100.0,0.0029137156013594747,0.08011654862405437,0.29137156013594745,0.21125501151189308,7,0.6448759853874071,0.73755047106326,1.6952411994785146,1.7421484609748699,0.0012607916374343666,0.015473146721594567,0.001148119723714454,2.2058139939321246,84.32292664240583,377.89999999999833
2025-09-30 00:45:00+00:00,114465.8,True,loser,2025-09-30 06:45:00+00:00,113840.2,max_holding,24,100.0,-0.005465387914993001,0.07978138448340027,-0.5465387914993001,-0.6263201759827004,5,0.24688416422286594,0.38746334310851627,2.9557397475486504,1.1051459451801915,0.0002855330274687612,0.019270521409201245,0.0006176517352781101,3.9640190399966513,66.67274384685453,189.45714285714243
2025-09-30 14:45:00+00:00,113539.5,True,winner,2025-09-30 20:45:00+00:00,114569.8,max_holding,24,100.0,0.00907437499724768,0.08036297499988992,0.907437499724768,0.8270745247248781,7,0.8045977011494203,0.907833120476793,1.6999565783760473,1.3293906168535545,0.0003188704694091406,0.004943572142985379,0.0008102906917856781,1.3905822821170908,66.07452339688051,305.0642857142853
2025-09-30 17:15:00+00:00,113203.4,False,not_opened,,,,,,,,,,4,0.5396246089676665,0.600625651720518,0.5823591923485729,1.100805142051107,0.00010777601516541093,0.0036758259578525054,0.000692558704067141,0.7128005134361685,46.70466169808549,324.4214285714302
2025-10-01 07:15:00+00:00,114504.6,True,winner,2025-10-01 08:45:00+00:00,115878.65520000001,take_profit,6,100.0,0.012000000000000021,0.08048,1.2000000000000022,1.1195200000000023,5,0.8276010318142527,0.8538263112639761,1.0073406812325656,1.1142202593382777,0.0001253228557411089,0.009150607730219003,0.00011178590205112205,0.6967421279203527,59.46403819497954,247.87142857142837
2025-10-01 08:15:00+00:00,115034.8,False,not_opened,,,,,,,,,,7,0.8742787200559405,0.9347788074838218,2.352433054995711,1.027327076248018,0.0005240637113137966,0.00947676186289822,0.004214376866826412,4.78796622573185,72.28789217852379,233.45714285714453
2025-10-01 08:30:00+00:00,115586.3,False,not_opened,,,,,,,,,,7,0.872626582278481,0.872626582278481,2.3909959330369746,1.0607187576504709,0.000926302610565025,0.010167223641559428,0.004448624101645239,5.305365473720325,75.37306106420552,242.94285714285903
2025-10-01 08:45:00+00:00,116060.5,False,not_opened,,,,,,,,,,5,0.40398705060486956,0.5405520531606733,3.7702759130183376,1.3369062208483529,0.0012237828904405204,0.011120854316230888,0.0033921963114065257,6.178206005384321,80.01354473747085,313.2428571428588
2025-10-01 11:30:00+00:00,116533.5,True,winner,2025-10-01 16:30:00+00:00,117931.902,take_profit,20,100.0,0.012000000000000016,0.08048,1.2000000000000015,1.1195200000000014,6,0.7480457005411862,0.887853277209855,1.1084080381244525,1.167546990245061,0.0006857297758222154,0.017635457068715686,0.0012485680083409493,0.8262976733467057,90.11319845857457,350.51428571428653
2025-10-01 15:15:00+00:00,117457.3,False,not_opened,,,,,,,,,,5,0.5126017836370826,0.630670802636683,1.8596769541390366,1.1174522436118426,0.0006828144075518068,0.02163536635238039,0.0007330323445201432,1.4658974842769639,68.87212530776864,312.58571428571514
2025-10-01 16:00:00+00:00,117749.9,False,not_opened,,,,,,,,,,7,0.7813327898919838,0.9997962094966256,1.6104100687550145,1.1957735767198105,0.0007498831455842634,0.02256915935241896,0.0008670920315005895,1.888202441660194,82.34894772572932,330.74285714285776
2025-10-01 16:15:00+00:00,117821.5,False,not_opened,,,,,,,,,,5,0.3396584440227933,0.8648007590132846,0.6784898129968854,1.199336329498967,0.000735929489253733,0.022990053152404762,0.0006068501928765123,1.748494434144532,84.60655894444929,331.47857142857225
2025-10-01 23:45:00+00:00,118552.4,True,loser,2025-10-02 05:45:00+00:00,118329.7,max_holding,24,100.0,-0.0018784942354604132,0.0799248602305816,-0.1878494235460413,-0.26777428377662293,7,0.7185867131126701,0.8024384175167778,1.596742153357206,1.0206503343777666,0.0007419238381081055,0.021872436883593683,0.0008021769276707285,2.0895806509866124,78.3508541392903,258.0357142857153
2025-10-02 00:00:00+00:00,119119.5,False,not_opened,,,,,,,,,,6,0.6270718232044199,0.6270718232044199,3.162013905873303,1.2528465099558903,0.0011214749257892843,0.02255601317241427,0.004094207917259534,5.758074697885353,83.76151599131137,316.15000000000146
2025-10-02 01:30:00+00:00,118675.3,False,not_opened,,,,,,,,,,5,0.899552663684434,0.899552663684434,0.774378434552562,1.301840255506555,0.0004329303226463208,0.023790423158213937,7.330927328599202e-05,0.4334821894026212,64.07069089995926,351.5642857142874
2025-10-02 12:15:00+00:00,119043.9,True,winner,2025-10-02 18:15:00+00:00,120103.2,max_holding,24,100.0,0.008898397985953106,0.08035593591943813,0.8898397985953106,0.8094838626758725,7,0.7345050878815755,0.7345050878815755,1.973468021663731,1.0288138210266333,0.0003297093830016038,0.018222358662175926,0.0016716522224154283,3.0935946852510496,64.46017699115045,171.3357142857172
2025-10-02 12:30:00+00:00,119157.2,False,not_opened,,,,,,,,,,4,0.31791421362488115,0.5738716007849699,2.0104269409609365,1.1376266894619835,0.0003885814887365558,0.01837187085326793,0.0002282698821388644,2.918294063274763,70.43687650498745,188.69285714286005
2025-10-02 12:45:00+00:00,119360.1,False,not_opened,,,,,,,,,,6,0.794440093970295,0.9949099451840705,1.3787518894406876,1.201049981250336,0.0005128711398070185,0.01861743419812557,0.000426440661494157,2.176116805307163,72.7848502121727,200.17857142857352
2025-10-02 13:30:00+00:00,119503.7,False,not_opened,,,,,,,,,,7,0.809226932668322,0.9588528678304177,2.2594731652345064,1.4003570562145828,0.0005330643170409395,0.01893836953703603,0.001190758110418363,3.140701299806489,69.7435645509922,241.2000000000023
2025-10-02 13:45:00+00:00,119559.6,False,not_opened,,,,,,,,,,4,0.19129242372301497,0.405553651011327,1.3046784148850292,1.4161928301534512,0.0005265992885410114,0.019212742986938633,0.00030194145848602553,4.0040923349980275,75.43967280163591,249.2428571428588
2025-10-02 15:30:00+00:00,119586.0,False,not_opened,,,,,,,,,,5,0.4519440803844318,0.9694189602446485,1.2878180513945743,1.8027474411444937,0.00041293516612256646,0.019039028391303323,0.0002592276687906611,1.1883152323942998,61.191118251190495,441.2642857142876
2025-10-02 15:45:00+00:00,119875.1,False,not_opened,,,,,,,,,,6,0.7434447300771507,0.964267352185105,1.0639752741992774,1.7205676241453811,0.0006023904923672592,0.019343580387007415,0.0022948885965476218,1.6851489102749577,61.75073512779925,445.88571428571595
2025-10-02 16:00:00+00:00,120083.4,False,not_opened,,,,,,,,,,5,0.32501170229363435,0.6760805117802969,1.6420491666773198,1.6991995542809917,0.0007092772069918276,0.019753060526636872,0.0016188748819569916,2.623311437499686,62.75125282229193,466.18571428571573
2025-10-02 17:45:00+00:00,119869.1,False,not_opened,,,,,,,,,,6,0.7987282954267518,0.8833455612619319,0.9401080583975339,1.2320876610966098,0.00033552074253843434,0.01998150090975221,0.0007825202658566962,0.5358705410592691,53.22005872794154,466.22857142857225
2025-10-03 08:45:00+00:00,120007.0,True,winner,2025-10-03 14:45:00+00:00,120861.4,max_holding,24,100.0,0.0071195846908929826,0.08028478338763573,0.7119584690892983,0.6316736857016625,7,0.72303325223037,0.7923763179237676,1.2890747516988763,1.1238466409359444,0.00012967793197792972,0.011690342364226194,0.0010199405034705823,1.1363783256704267,51.10379816262158,212.9785714285681
2025-10-03 09:15:00+00:00,120263.4,False,not_opened,,,,,,,,,,7,0.6028387787894879,0.7895018746652195,1.8320086350701537,1.18276357585841,0.00030660545358834044,0.011834846910731571,0.0007516833882959752,1.5268052634708236,62.7903751473543,223.40714285713952
2025-10-03 10:15:00+00:00,120422.8,False,not_opened,,,,,,,,,,5,0.6239406779661075,0.6753177966101591,0.9119891797894172,1.1584628355326705,0.00033465001312263495,0.012286953631050588,0.0007207937367342638,0.9865090288651859,67.32520846696575,221.32142857142546
2025-10-03 14:30:00+00:00,120599.9,False,not_opened,,,,,,,,,,5,0.4011220196353331,0.6940492887196757,1.9459606986899767,1.4051593827345108,0.0002798436102221143,0.011969756196200857,0.0006674964075426266,2.484963060271013,59.177903436276566,302.1142857142851
2025-10-03 14:45:00+00:00,120861.4,False,not_opened,,,,,,,,,,7,0.7691176470588236,0.7835294117646887,1.2750079687998044,1.4091592422181627,0.00045870453450549877,0.012235793830177824,0.0009002046972812524,2.2435894172776734,64.63800038306849,309.3285714285708
2025-10-03 15:15:00+00:00,121247.4,True,winner,2025-10-03 16:00:00+00:00,122702.3688,take_profit,3,100.0,0.01200000000000002,0.08048,1.200000000000002,1.1195200000000018,6,0.6678598061148223,0.6680089485458526,2.23974078466087,1.535468418002705,0.00068212551228821,0.012889863628685357,0.002576550095094775,4.228098331939756,68.67402875983188,354.8714285714273
2025-10-03 15:30:00+00:00,121670.0,False,not_opened,,,,,,,,,,7,0.7808168545555476,0.803363518758093,1.7003425195613024,1.5977160143017588,0.0009458108591677948,0.013564275814871955,0.0016437905810799704,2.4973857853059513,72.97649235830343,382.5428571428555
2025-10-03 15:45:00+00:00,122238.5,False,not_opened,,,,,,,,,,7,0.6964723174914379,0.8023027927486583,2.3087582364752066,1.704972276234711,0.0012946818592395747,0.014526268210309662,0.003780314712631502,3.452634473207046,80.94380943809468,426.2071428571414
2025-10-03 16:00:00+00:00,123100.0,False,not_opened,,,,,,,,,,7,0.8200856734888149,0.8200856734888149,2.6492989004337852,1.8375340876438737,0.0018296930101591561,0.01591961055032177,0.005687246141348545,4.81803371775298,84.57203924997602,484.19285714285587
2025-10-03 16:15:00+00:00,123630.6,True,loser,2025-10-03 16:45:00+00:00,122641.5552,stop_loss,2,100.0,-0.008000000000000028,0.07968,-0.8000000000000027,-0.8796800000000027,6,0.5738538062283844,0.8069852941176476,2.14665397739144,1.9320513328569404,0.0020570762460569536,0.017535720072313844,0.0027630699842919617,2.9039982100175137,86.13191275680663,539.77857142857
2025-10-03 18:30:00+00:00,122602.2,True,loser,2025-10-04 00:30:00+00:00,122016.9,max_holding,24,100.0,-0.00477397632342652,0.07980904094706295,-0.47739763234265203,-0.557206673289715,4,0.2724187209717742,0.7999285459092543,0.8075882713600512,1.587614447328714,0.0005234489396113854,0.021541944041666518,0.0001566040413630187,0.4224227207533104,64.19918398210433,822.1642857142849
2025-10-04 03:45:00+00:00,122197.2,True,loser,2025-10-04 09:45:00+00:00,122168.0,max_holding,24,100.0,-0.00023895801213118706,0.07999044167951476,-0.023895801213118704,-0.10388624289263346,5,0.46190781049937774,0.6648527528809249,1.818658128365553,0.9580053499298733,0.00015571706309990544,0.01467856673412853,0.0011800597722369834,1.0330145233099104,54.00468841570613,178.5571428571441
2025-10-04 04:30:00+00:00,122441.8,False,not_opened,,,,,,,,,,7,0.6063193851409128,0.8616567036720982,1.3449335285841233,1.032338156582627,0.00029522714177189176,0.014810903700721814,0.0008698009993319274,1.1831934439725151,67.30506155950707,181.164285714288
2025-10-04 05:00:00+00:00,122601.9,False,not_opened,,,,,,,,,,6,0.5996086105675033,0.8465753424657079,1.4791015398865273,1.0395435425017285,0.00036520464558049075,0.015067051724117438,0.0009388108993416193,1.2787117409080502,87.26195102992574,179.78571428571635
2025-10-04 13:00:00+00:00,122341.3,True,loser,2025-10-04 19:00:00+00:00,121756.4,max_holding,24,100.0,-0.004780887566177641,0.0798087644973529,-0.4780887566177642,-0.557897521115117,7,0.7346007604562904,0.7346007604562904,3.519925051025567,1.0984846570898634,0.00017741752998520036,0.010501693448016906,0.0022960357622487967,3.585916227257568,52.386486905315635,155.2857142857122
2025-10-05 02:15:00+00:00,122821.7,True,winner,2025-10-05 02:30:00+00:00,124295.5604,take_profit,1,100.0,0.012000000000000042,0.08048,1.2000000000000042,1.119520000000004,7,0.9007146996330028,0.9511299980683735,3.647958284888799,1.0797035482659905,0.00047390886470691235,0.007504181170111443,0.003614996372790802,6.950870078714712,67.41539912746151,149.95000000000124
2025-10-05 02:30:00+00:00,123643.1,False,not_opened,,,,,,,,,,5,0.5175173282923774,0.5394454946439861,7.3986013986013734,1.8007589614786144,0.0010586228217919506,0.008328176548672949,0.006438693303548728,11.70788779424103,78.9877793857535,259.1285714285727
2025-10-05 04:30:00+00:00,124269.5,True,winner,2025-10-05 04:45:00+00:00,125760.734,take_profit,1,100.0,0.011999999999999972,0.08048,1.1999999999999973,1.1195199999999974,5,0.5870746929736411,0.6299577209583169,1.4287357974974717,1.864320505239537,0.0008661991193047038,0.01352899632649587,0.0013639710467974846,1.2149656397244375,78.87438117020332,436.89285714285717
2025-10-05 04:45:00+00:00,125167.5,False,not_opened,,,,,,,,,,5,0.5585546364823689,0.5585546364823689,3.790607760856252,2.114094995021662,0.0014613562579182545,0.01460696024081707,0.005705954021611018,5.77751380046623,84.66914428628179,538.4071428571436
2025-10-05 16:45:00+00:00,123210.1,True,loser,2025-10-05 22:45:00+00:00,123188.5,max_holding,24,100.0,-0.00017531030329498816,0.07999298758786821,-0.017531030329498817,-0.09752401791736703,6,0.21092511013216628,0.9251982378854677,4.095255276925842,0.9566518274490443,0.00011411264971519876,0.0057872008890638045,0.0011565610286819019,6.064844121015858,49.0225654639799,282.50714285714326
2025-10-06 00:15:00+00:00,123625.4,True,winner,2025-10-06 06:15:00+00:00,123815.5,max_holding,24,100.0,0.0015377098880974768,0.0800615083955239,0.15377098880974768,0.07370948041422379,5,0.19334532374100594,0.20087679856114649,3.498987197388363,1.0070562055439227,0.0004074117746693119,0.005018186629175441,0.0013904909508886862,6.396364831500428,91.09110793303645,253.42857142857247
2025-10-06 09:00:00+00:00,123894.9,True,winner,2025-10-06 15:00:00+00:00,124662.2,max_holding,24,100.0,0.006193152421931838,0.08024772609687728,0.6193152421931838,0.5390675160963065,3,0.3728880157170695,0.5053045186640128,0.9500522622069599,1.0147516567928896,0.00017504468277647746,0.006538217760316348,0.00046168163499867303,1.0517872490477926,61.00739514919595,273.26428571428653
2025-10-06 13:15:00+00:00,124801.8,False,not_opened,,,,,,,,,,5,0.3978932248024856,0.7677759157289905,1.5035726498803077,1.1780920553607317,0.0005215435746754007,0.008829968944794663,0.00022435573845890042,1.929647348302405,71.18012422360263,306.19285714285587
2025-10-06 13:45:00+00:00,124967.8,False,not_opened,,,,,,,,,,6,0.6237717054785468,0.8719881545295571,2.3311786117735562,1.3876517881526935,0.000574481542184989,0.009374746459385885,0.00019605050260947218,2.504632033876157,67.02597307041427,372.0071428571412
2025-10-06 15:15:00+00:00,125115.8,True,loser,2025-10-06 21:15:00+00:00,124750.2,max_holding,24,100.0,-0.0029220929730697947,0.07988311628107721,-0.2922092973069795,-0.37209241358805667,6,0.6364146444101568,0.6364146444101568,1.716817782273112,1.4129449621983916,0.0005105995632041687,0.010374016525722441,0.0009223455390926544,1.5282086999652622,67.66077110930203,453.20714285714035
2025-10-06 16:45:00+00:00,125417.8,False,not_opened,,,,,,,,,,5,0.5679962677863346,0.8549101936085899,1.0454312678323205,1.1726867195256647,0.0005550959097463007,0.011475496503065785,0.0017892197120345655,0.9139434375841833,60.958514196257006,449.2499999999969
2025-10-07 04:30:00+00:00,124550.0,True,loser,2025-10-07 07:30:00+00:00,123553.6,stop_loss,12,100.0,-0.007999999999999953,0.07968,-0.7999999999999954,-0.8796799999999954,5,0.59274755927478,0.7144351464435234,1.1184556887978487,1.094056412372062,3.774253648321811e-05,0.004929280539486009,0.0013641107988759066,2.2186545141610834,42.86868878957866,276.557142857142
2025-10-07 09:00:00+00:00,124064.2,True,loser,2025-10-07 14:00:00+00:00,123071.68639999999,stop_loss,20,100.0,-0.008000000000000045,0.07968,-0.8000000000000046,-0.8796800000000046,7,0.7093220338982804,0.7477401129943421,1.3233644859813156,1.1041569254863022,7.81129762279492e-05,0.0005617776565798895,0.0009309696108950044,0.998329456619077,37.89442815249269,279.9999999999979
2025-10-07 10:00:00+00:00,124282.6,False,not_opened,,,,,,,,,,7,0.6377049180328107,0.9043715846994536,1.4150122750381846,1.0192003245125238,0.0002243667660183266,0.0008645104492937814,0.0006710512976072976,0.7575177224807227,67.76834672876134,258.4357142857126
2025-10-08 08:30:00+00:00,122795.7,True,loser,2025-10-08 13:30:00+00:00,121813.33439999999,stop_loss,20,100.0,-0.008000000000000038,0.07968,-0.8000000000000038,-0.8796800000000038,6,0.9952529938504756,0.9953608803538646,2.7281824871228673,1.1334290308952673,0.0009529572458643001,-0.008703129998534806,0.006758379975846013,4.615039050822352,68.42177903526333,351.65000000000043
2025-10-08 10:30:00+00:00,122926.1,False,not_opened,,,,,,,,,,6,0.6730528200537309,0.7337511190689399,1.70526540769125,1.0816497014325017,0.0006518529684977076,-0.004643015233818012,0.0011909594463666278,2.063776510438563,72.69654307220524,349.59999999999957
2025-10-08 14:00:00+00:00,122761.4,True,winner,2025-10-08 20:00:00+00:00,123434.3,max_holding,24,100.0,0.0054813646634855,0.08021925458653942,0.54813646634855,0.4679172117620105,4,0.2860471136422502,0.28617654672533493,2.086360076692482,1.2523082088299478,0.00022769792095924974,-0.001881506886496309,0.0007893360616610285,4.069482237734179,46.997265268915044,412.9642857142847
2025-10-08 16:45:00+00:00,122999.9,False,not_opened,,,,,,,,,,5,0.7871504506586401,0.7963947307603272,0.9287201390826524,1.2929960794276072,0.00040341511338660416,-0.0014220453721501877,0.0009975617866355754,0.8189658022137833,58.25725417223943,541.6928571428549
2025-10-08 17:00:00+00:00,123614.6,False,not_opened,,,,,,,,,,6,0.8293308148947842,0.9589854290340066,1.527365644576327,1.213009777816105,0.0008367713821043659,-0.000651547098691485,0.0042600145937454455,2.0466744119261686,75.51915089986177,522.4142857142828
2025-10-08 17:15:00+00:00,123747.5,False,not_opened,,,,,,,,,,4,0.2725594749794762,0.640073831009028,0.9963322060912082,1.100293903030626,0.0008585478048580836,0.0001244775111695985,0.0008282995616073052,2.1506116265901034,70.77839363789742,485.2142857142836
2025-10-09 11:15:00+00:00,122610.0,True,loser,2025-10-09 14:15:00+00:00,121629.12,stop_loss,12,100.0,-0.008000000000000038,0.07968,-0.8000000000000038,-0.8796800000000038,6,0.7966812545587141,0.7966812545587141,1.8096023758455553,1.2377169629667133,0.0005988952075838835,-0.005072519680734562,0.002552809721882391,1.9284876078160997,63.66995515695064,340.22142857142796
2025-10-09 11:30:00+00:00,122768.5,False,not_opened,,,,,,,,,,4,0.619718309859118,0.9667449139280133,0.8291298353742808,1.206861369723249,0.0006641149366626816,-0.004420833351604438,0.00038283435897644755,0.9896665877181537,69.71620208430973,337.9642857142857
2025-10-09 12:00:00+00:00,122967.5,False,not_opened,,,,,,,,,,6,0.6525592732107204,0.7250166186572014,1.4257507068728674,1.0713049089995235,0.0007039375336155222,-0.0032296637228414753,0.001549189826580194,2.0344121646753286,84.04636374612562,308.29285714285754
2025-10-09 12:30:00+00:00,123481.2,False,not_opened,,,,,,,,,,5,0.6084922213124245,0.6971575622879798,2.472274035194285,1.094798779601918,0.0009705238513346162,-0.00172553056407569,0.0031551361664770936,2.6658014676974418,87.26141720114333,322.9500000000002
2025-10-10 13:30:00+00:00,122187.1,True,loser,2025-10-10 14:15:00+00:00,121209.6032,stop_loss,3,100.0,-0.008000000000000066,0.07968,-0.8000000000000066,-0.8796800000000066,4,0.3561608634202886,0.6018244892714981,3.113200000000021,1.0849504724748529,0.0005465739669124395,-0.002011386655700914,0.0015394423797602677,4.846621725325471,82.64278521076098,244.72142857142794
2025-10-12 16:00:00+00:00,113822.6,True,winner,2025-10-12 20:15:00+00:00,115188.4712,take_profit,17,100.0,0.011999999999999946,0.08048,1.1999999999999946,1.1195199999999947,5,0.6255334281650107,0.6255334281650107,1.9988804279253234,1.6900458012196014,0.0014576560431574903,-0.008560589445862103,0.001186056196221137,1.9530986556154555,71.10432215205459,660.107142857146
2025-10-13 13:30:00+00:00,114902.3,True,loser,2025-10-13 14:30:00+00:00,113983.0816,stop_loss,4,100.0,-0.007999999999999981,0.07968,-0.7999999999999982,-0.8796799999999981,5,0.5024032586558022,0.5221181262729195,2.8901053622932587,1.445481107469728,0.0003168770685686413,0.0038257164454134043,0.0016997048797108753,3.980970419308178,49.60910889804406,493.83571428571406
2025-10-13 16:00:00+00:00,114842.2,True,winner,2025-10-13 22:00:00+00:00,115684.5,max_holding,24,100.0,0.007334411914783964,0.08029337647659136,0.7334411914783964,0.653147815001805,6,0.6192352753221831,0.683885397805938,1.475956172480458,1.3558942131005112,0.0003341517374573884,0.0028546223997169182,0.0013818962019187815,1.39212322874103,54.2994741985016,687.0214285714299
2025-10-15 02:15:00+00:00,113510.9,True,loser,2025-10-15 03:00:00+00:00,112602.8128,stop_loss,3,100.0,-0.007999999999999952,0.07968,-0.7999999999999952,-0.8796799999999951,6,0.8654282473057159,1.0,1.9705754963463906,0.9839156511529744,0.0005835424989655132,-0.0026245610745549365,0.005047092393770063,2.1215058208798214,56.76415448068977,364.5428571428555
2025-10-19 09:45:00+00:00,107348.8,True,winner,2025-10-19 15:45:00+00:00,108429.5,max_holding,24,100.0,0.010067182865574625,0.080402687314623,1.0067182865574624,0.9263155992428395,4,0.2853979331633363,0.4188699503422348,4.503407322343278,2.189450440503809,0.000600344375486743,-0.0042296371062748375,0.001377751777383713,7.605468297311699,62.670899470899336,416.44285714285485
2025-10-19 11:00:00+00:00,108042.7,False,not_opened,,,,,,,,,,3,0.5761904761904839,0.5838624338624262,0.9207833966676434,1.8880873029566774,0.0008794811923518306,-0.0007146010415738044,0.0020149440915489627,1.8206832738167966,73.92001139641724,519.7857142857143
2025-10-19 16:30:00+00:00,108844.4,True,winner,2025-10-19 22:30:00+00:00,109224.8,max_holding,24,100.0,0.0034948973029389546,0.08013979589211756,0.34948973029389546,0.2693499344017779,6,0.7986693665027506,0.9195834538617207,2.3702840295514034,0.8787141165649388,0.0007300317788717213,0.0065649413683894296,0.0034305853126113442,1.7377446141244304,79.18227593152052,308.7785714285689
2025-10-19 17:00:00+00:00,109069.9,False,not_opened,,,,,,,,,,7,0.8931270873615688,0.9119353137633919,1.8269107257546462,1.0059328391961042,0.0008167599919266036,0.0075187646624670255,0.0015577166569327944,1.6027741288119253,72.39604917806322,337.59285714285426
2025-10-20 02:15:00+00:00,108405.9,True,winner,2025-10-20 03:45:00+00:00,109706.7708,take_profit,6,100.0,0.01200000000000004,0.08048,1.200000000000004,1.119520000000004,7,0.8316460442444622,0.8668916385451804,1.567049076780681,1.4162584228620019,8.783141348517848e-05,0.004906345648378019,0.0019583804940504932,1.1254525829085351,37.25270623366928,390.4857142857155
2025-10-20 02:30:00+00:00,108703.2,False,not_opened,,,,,,,,,,7,0.6037774167343753,0.9000812347684857,1.379600184917958,1.4117638225666016,0.000339722519718838,0.0051484702217485835,0.002081815438735961,1.265143410666197,48.36457322081985,402.9214285714302
2025-10-20 03:30:00+00:00,109080.0,False,not_opened,,,,,,,,,,6,0.5930114787305982,0.7974341661039818,1.5501563501720312,1.2394382919219868,0.0005559347504450851,0.00615844290349804,0.0013219655298862952,1.1163226111692053,73.82681310701618,402.664285714288
2025-10-20 03:45:00+00:00,110100.4,False,not_opened,,,,,,,,,,7,0.7372832369942155,0.7804190751445024,3.149534624399783,1.3490425415995355,0.001380984511363291,0.007277359470051162,0.008177990270698328,5.0023370332781445,94.2733003312078,455.4285714285735
2025-10-20 05:00:00+00:00,110475.4,True,winner,2025-10-20 11:00:00+00:00,110654.6,max_holding,24,100.0,0.0016220805717835072,0.08006488322287134,0.1622080571783507,0.08214317395547938,4,0.328894394549393,0.7534840507896957,0.7267039508478811,1.1288532273159226,0.001120782173674323,0.012004951645766124,0.00040642532183630183,0.7131405834244454,86.05256926355646,444.57142857142856
2025-10-20 05:30:00+00:00,110733.8,False,not_opened,,,,,,,,,,6,0.8353909465020594,0.9263000374111602,0.6591211717709778,1.1006012136419907,0.0011346982712628223,0.013679575939105274,0.0005111357146598944,0.9112245256768902,88.9263441766389,448.63571428571385
2025-10-20 05:45:00+00:00,110973.6,False,not_opened,,,,,,,,,,5,0.5552466990966256,0.766967801714172,1.050697300849409,1.0695709219060179,0.001230210899227595,0.014615876441671649,0.0019833545996525825,1.416644343928607,88.25422365245352,441.37142857142834
2025-10-20 06:00:00+00:00,111088.9,False,not_opened,,,,,,,,,,3,0.46734279918862914,0.6304259634888202,0.612551718996558,1.0189832493669224,0.0012107410468568916,0.015539671565989776,0.00013232645205774017,1.1047332352718036,87.58073154594975,423.80714285714305
2025-10-20 06:30:00+00:00,111251.1,False,not_opened,,,,,,,,,,5,0.7801866907558003,0.7880156579343783,0.8210440436604718,1.0185589852524133,0.00113641436786323,0.017123700180397987,0.00011595390966928625,0.68809736855639,87.29458571181468,429.49285714285674
2025-10-20 18:30:00+00:00,110729.9,True,loser,2025-10-21 00:30:00+00:00,110440.5,max_holding,24,100.0,-0.0026135668866312913,0.07989545732453475,-0.2613566886631291,-0.34125214598766385,5,0.47075320512819413,0.8313301282051088,0.5471044671430546,1.2139893193122597,7.659941709907494e-05,0.013295996564572308,0.0007549902962071787,0.4682258524533441,46.04392696480529,473.32142857143066
2025-10-21 12:15:00+00:00,109079.9,True,loser,2025-10-21 13:00:00+00:00,108207.26079999999,stop_loss,3,100.0,-0.008000000000000047,0.07968,-0.8000000000000047,-0.8796800000000047,5,0.6462273347631042,0.6491518814583664,3.127868152642934,1.1019800316913972,0.0008383804465949123,-0.007839124994986988,0.004399527318965219,3.6938706712802554,79.9330263708666,346.7285714285671
2025-10-21 14:00:00+00:00,109696.2,True,winner,2025-10-21 14:45:00+00:00,111012.5544,take_profit,3,100.0,0.011999999999999969,0.08048,1.1999999999999968,1.119519999999997,6,0.9294976263019912,0.9521008998795396,2.8804392195281445,1.650807295080928,0.001115864165116882,-0.004716399418162418,0.007855331360612283,2.7379835436085886,70.10290249642384,598.085714285713
2025-10-21 14:45:00+00:00,112127.5,False,not_opened,,,,,,,,,,6,0.866504573347224,0.936474856238661,3.84713035344426,1.892328439531787,0.00286422376590974,-0.0001655576963734982,0.014023321665068731,3.6654748567706212,80.73036582246115,795.8214285714296
2025-10-21 15:00:00+00:00,112325.4,True,winner,2025-10-21 16:15:00+00:00,113673.3048,take_profit,5,100.0,0.012000000000000035,0.08048,1.2000000000000035,1.1195200000000036,4,0.16018788467767267,0.5525591188856452,1.7058075924186213,1.918146198988058,0.0027546696413273024,0.002303246764128351,0.0002964601060845397,2.999333933109207,81.09905275704176,864.0714285714286
2025-10-21 15:15:00+00:00,112900.0,False,not_opened,,,,,,,,,,5,0.6219696969696938,0.7835497835497836,1.2152538026001722,1.8896333804277947,0.0029643460362177797,0.004923361485302466,0.00019574844995576458,1.3149575332591263,82.25298188779286,912.8285714285719
2025-10-21 15:30:00+00:00,113267.1,False,not_opened,,,,,,,,,,5,0.5799115603285112,0.9666771951990029,0.8256994386234842,1.8313439243123697,0.002982002667983803,0.0075290250647622155,0.0014752739321480448,1.459616640718204,84.37008376206484,946.1357142857149
2025-10-21 15:45:00+00:00,113355.2,False,not_opened,,,,,,,,,,5,0.1890675241157494,0.7324758842443667,0.6226226226226231,1.657473432817109,0.0027699248504243915,0.009928845753190797,0.0005910624303075642,1.0618552866662592,82.98384483636545,906.1857142857147
2025-10-21 16:15:00+00:00,113599.9,False,not_opened,,,,,,,,,,4,0.3965855023789419,0.43996641477748616,0.469294875583667,1.4504608846644387,0.002459483739627739,0.0142075304388054,0.0008794021825722926,0.927188787391103,90.71436938369123,876.192857142858
2025-10-23 06:15:00+00:00,109823.6,True,loser,2025-10-23 12:00:00+00:00,108945.01120000001,stop_loss,23,100.0,-0.00799999999999998,0.07968,-0.7999999999999979,-0.8796799999999979,7,0.708384928356638,0.7087387228020601,4.254374412041348,1.1266247229475526,0.001173044070842301,0.00034616642969299166,0.006920188374811971,7.294881853365056,74.86656630628184,303.7142857142847
2025-10-23 06:45:00+00:00,110180.2,False,not_opened,,,,,,,,,,4,0.6743964421855488,0.695997458703937,1.119906081573805,1.1880397062383887,0.0012534996243795192,0.002509276530510093,0.00024777591618097364,1.5959755889035505,75.5719606278267,315.4499999999981
2025-10-23 08:15:00+00:00,109735.4,False,not_opened,,,,,,,,,,3,0.2510106578463453,0.5137816979051556,0.7819302556144446,1.3312538665856608,0.0005371262233384428,0.004814039707092881,0.00013122474607095048,0.7509093324826834,67.02884643774561,385.028571428571
2025-10-23 13:30:00+00:00,109330.0,True,winner,2025-10-23 17:30:00+00:00,110641.96,take_profit,16,100.0,0.01200000000000006,0.08048,1.200000000000006,1.1195200000000058,5,0.36868104725834533,0.5927877490531834,1.98772604533182,1.0175247037056412,0.000116490812054463,0.0040598919328900165,0.0012329644196469672,2.781936914971937,43.85833140744155,326.8285714285708
2025-10-23 16:45:00+00:00,110197.8,False,not_opened,,,,,,,,,,5,0.5373153336729627,0.5499235863474331,1.681514476614691,1.2927973515772249,0.0005778608862954275,0.006530383510617224,0.0013412245979502577,1.764104674180052,68.39161781551115,513.2428571428578
2025-10-23 17:30:00+00:00,110673.0,False,not_opened,,,,,,,,,,5,0.5600042707665991,0.6689088191330302,1.884962163902761,1.214333106660466,0.0008626334822458185,0.007703057451556684,0.0011005394269605316,2.2241973001410353,78.86647148676158,524.8785714285726
2025-10-23 17:45:00+00:00,111175.2,True,loser,2025-10-23 18:45:00+00:00,110285.7984,stop_loss,4,100.0,-0.007999999999999976,0.07968,-0.7999999999999976,-0.8796799999999976,6,0.8855379188712368,0.8857142857142806,1.0991780397022315,1.1470332352908073,0.00120716134029521,0.008673000142279747,0.0017279033453503235,1.7223203191031744,79.5523123345032,509.47857142857225
2025-10-24 02:30:00+00:00,110641.7,True,winner,2025-10-24 08:30:00+00:00,111056.3,max_holding,24,100.0,0.0037472309264952167,0.08014988923705982,0.3747230926495217,0.29457320341246185,5,0.8676796454574116,0.986704653371329,1.2467440208382494,0.9511117920217232,0.00038372918474965484,0.008590432124100912,0.00018709040081630246,0.9497421622065548,70.20531400966192,257.19285714285587
2025-10-24 04:15:00+00:00,110904.5,False,not_opened,,,,,,,,,,7,0.6732434064827786,0.847996778739681,1.8654348111843448,1.0158541452129222,0.0004885627354132536,0.009184836591593769,0.0028889720435148637,2.0595166928762887,62.36997319034856,260.00714285714224
2025-10-24 04:30:00+00:00,111075.3,False,not_opened,,,,,,,,,,5,0.28602510460252506,0.30928870292887517,2.059173229024874,1.1204616894240538,0.0005878004388971361,0.00960585068482587,0.0008579765258343025,3.746653044747514,65.42005420054232,288.7285714285702
2025-10-24 09:00:00+00:00,111294.0,True,loser,2025-10-24 13:45:00+00:00,110403.648,stop_loss,19,100.0,-0.00799999999999999,0.07968,-0.799999999999999,-0.879679999999999,7,0.6286727456940334,0.8812056737588765,1.2870625438067114,1.0159693786490318,0.0002842548701222677,0.01187080964949675,0.0009479396912681726,1.0127722541255437,54.57095060027572,282.58571428571406
2025-10-24 09:15:00+00:00,111389.1,False,not_opened,,,,,,,,,,4,0.5741974560872173,0.9339794064203889,0.5689866110661388,1.00904523641424,0.0003382742582586358,0.012045590287045679,0.0004327173843761341,0.5022384160497655,54.800019581926136,281.75714285714224
2025-10-24 12:30:00+00:00,111501.3,False,not_opened,,,,,,,,,,5,0.44338641273906304,0.5321277106505574,3.84979129122189,1.1433227940936836,0.0003706393621798331,0.011141086257196465,0.0022968342073142268,6.417244254168618,55.45612465126064,313.17857142857247
2025-10-25 07:15:00+00:00,111588.0,True,winner,2025-10-25 13:15:00+00:00,111727.2,max_holding,24,100.0,0.0012474459619313644,0.08004989783847727,0.12474459619313645,0.04469469835465918,6,0.6924493554327809,0.6924493554327809,1.9137238316768619,1.0665369465141756,0.00034997461372917015,0.007411326657419103,0.0014320536258379298,3.232201675965171,77.74230735124584,160.52142857143085
2025-10-25 08:45:00+00:00,111716.0,False,not_opened,,,,,,,,,,5,0.7545717035611199,0.7545717035611199,1.2480105702531499,1.0658320629567748,0.0003190962725729817,0.008228114748479799,0.00046904651079517865,1.186334651182501,75.31391475185717,160.05714285714515
2025-10-26 00:15:00+00:00,111695.3,True,loser,2025-10-26 06:15:00+00:00,111575.1,max_holding,24,100.0,-0.0010761419683728596,0.0799569543212651,-0.10761419683728597,-0.18757115115855105,7,0.7899906454630796,0.8044901777361911,1.8900282885431463,1.0156723802227974,0.0001669823196353732,0.005165343520447136,0.0006831084208556932,2.062420186400436,66.28505409095703,113.64285714285714
2025-10-26 00:30:00+00:00,111794.3,False,not_opened,,,,,,,,,,7,0.6470588235294118,0.7111111111111301,1.3408702510845154,1.0640045774636646,0.00023528402288874056,0.005320120496222784,0.000511653993092645,2.594663111561031,68.61556511536966,118.87857142857163
2025-10-26 09:15:00+00:00,112630.8,True,winner,2025-10-26 13:30:00+00:00,113982.3696,take_profit,17,100.0,0.012000000000000021,0.08048,1.2000000000000022,1.1195200000000023,7,0.8813376483279405,0.8813376483279405,8.289738430583647,1.4896590658735271,0.0008608371555546365,0.005079206069817758,0.0074029483942225655,11.349287330627996,85.53978210630503,154.5499999999977
2025-10-26 11:15:00+00:00,112649.5,False,not_opened,,,,,,,,,,6,0.8123791102514507,0.812765957446831,1.2383233532934175,1.7834936621275024,0.0005100958267625343,0.0077079958653191415,0.001111411945902974,1.1947582002856103,70.64293866508878,265.12142857142834
2025-10-26 11:30:00+00:00,113273.5,False,not_opened,,,,,,,,,,7,0.8510435138452997,0.8880098213067724,3.0606408516856614,1.9410769348157066,0.0009836196113204043,0.00847011354144214,0.00508150626580803,3.598185420883194,76.13073962056671,308.9071428571437
2025-10-26 12:00:00+00:00,113695.6,False,not_opened,,,,,,,,,,7,0.7960242005185826,0.819533275713061,2.0403844458160707,2.0105332379389607,0.0011588270760573716,0.01006698398459577,0.00222611956839144,3.0701913601154214,78.35747642702066,372.3428571428584
2025-10-26 13:30:00+00:00,113796.2,False,not_opened,,,,,,,,,,5,0.40354254909509746,0.607624181748161,1.419261404779129,1.2882007554910047,0.0007832032597081155,0.01334733456499618,0.0006107409562006465,1.0625105772430095,79.29817525566438,342.72857142857123
2025-10-26 22:00:00+00:00,114576.3,True,winner,2025-10-27 04:00:00+00:00,115168.1,max_holding,24,100.0,0.005165117044275325,0.08020660468177102,0.5165117044275325,0.4363050997457615,5,0.5420017440170548,0.5420017440170548,7.072447878299886,1.677228926122071,0.0009676630573116054,0.012973010983382584,0.00895734981841797,11.23486633495318,66.06397294779345,345.0
2025-10-27 00:00:00+00:00,114820.0,False,not_opened,,,,,,,,,,6,0.5757954951734164,0.9295673936360482,1.4808343922066771,1.6982832181146168,0.0006774939792978371,0.01614396827848474,0.0012471694826684994,1.292012934103023,69.02127424739936,482.6357142857128
2025-10-27 09:30:00+00:00,115318.5,True,loser,2025-10-27 15:30:00+00:00,114911.6,max_holding,24,100.0,-0.003528488490571714,0.07985886046037713,-0.3528488490571714,-0.43270770951754856,5,0.6607977003233642,0.9421487603305582,0.9399486625236513,1.3287428425136154,1.2898515065380357e-05,0.01837048304972012,0.00042057432242008006,0.7136364404252794,47.14097855167087,339.2142857142857
2025-10-27 10:15:00+00:00,115424.8,False,not_opened,,,,,,,,,,4,0.5356489945155188,0.5361060329067704,0.7283015727719161,1.1537383306725173,0.0001062087391074049,0.01784328944585833,0.0005813308751672589,0.41393970131520713,34.229855260315446,313.07142857142964
2025-10-27 16:00:00+00:00,115209.6,True,loser,2025-10-27 21:15:00+00:00,114287.9232,stop_loss,21,100.0,-0.008000000000000009,0.07968,-0.8000000000000009,-0.8796800000000009,5,0.5823958950069222,0.7726465364120826,1.5073627844712127,1.2968199632881885,0.00014747508200160952,0.01234629402430139,0.00012238563453050632,1.1730475466699009,53.8704364534727,373.42857142857144
2025-10-27 16:30:00+00:00,115405.3,False,not_opened,,,,,,,,,,3,0.4227340267459292,0.6946508172362631,0.8167227936045546,1.2932239701875705,0.00027557392252786295,0.012506177033998372,0.00035700266798836003,0.8349698610724197,57.032477737035116,387.1857142857147
2025-10-28 13:15:00+00:00,115011.5,True,loser,2025-10-28 19:15:00+00:00,114091.408,stop_loss,24,100.0,-0.008000000000000037,0.07968,-0.8000000000000036,-0.8796800000000036,7,0.7027463651050033,0.7027463651050033,2.1957584817696043,1.017410095485643,0.0005461891754860775,0.0033596664256189852,0.0015972315811896818,3.8993074350815213,68.04639072185542,193.20000000000022
2025-10-28 13:45:00+00:00,115469.9,False,not_opened,,,,,,,,,,7,0.9530791788856373,0.9997556207233484,1.8300945906661492,1.2262609608034252,0.0008180339800241646,0.004499124755448634,0.002585955300905182,3.170849734556688,76.10977884359164,233.74285714285776
2025-10-28 14:00:00+00:00,115739.0,False,not_opened,,,,,,,,,,6,0.5080264400377715,0.8897072710103981,2.2662101433768456,1.3613591003514065,0.0009598393328873544,0.005303558312992002,0.0023241949558921366,2.8053590673408286,79.44301427568467,262.60714285714283
2025-10-28 14:15:00+00:00,115873.0,False,not_opened,,,,,,,,,,5,0.31324456902593784,0.5297827610371405,1.7594837861164967,1.4513978455557848,0.0009775587831308277,0.006120140152579954,0.0006524384455395633,3.2006173942225837,80.10779473708055,285.35000000000065
2025-10-28 16:15:00+00:00,115019.9,False,not_opened,,,,,,,,,,4,0.4274657670172587,0.8271482436991331,1.1528254404026423,1.7550389028698066,0.00017652342430282258,0.005911398261835351,2.2604784041642088e-05,0.5662029471788199,56.84705256390362,542.971428571428
2025-10-31 04:30:00+00:00,110050.1,True,loser,2025-10-31 08:00:00+00:00,109169.6992,stop_loss,14,100.0,-0.008000000000000028,0.07968,-0.8000000000000027,-0.8796800000000027,4,0.5101072244682978,0.7365090525575748,1.1574417871275424,1.0827897413945502,0.0009652248131895534,-0.009115212045949277,0.0017273950682462425,1.6781665425285845,54.48850030628736,476.9928571428588
2025-10-31 10:30:00+00:00,110038.5,True,loser,2025-10-31 16:30:00+00:00,109675.6,max_holding,24,100.0,-0.0032979366312699122,0.0798680825347492,-0.3297936631269912,-0.4096617456617404,4,0.5522102747909339,0.8915173237754022,1.3757622577622886,1.0203172622858416,0.0002966155005410473,-0.00230972496453823,0.00014358610849841565,0.8578764624549502,57.55025925589009,332.971428571429
2025-10-31 11:45:00+00:00,110375.7,False,not_opened,,,,,,,,,,6,0.8682983682983656,0.8682983682983656,2.716205715601352,1.0446506654100047,0.0006028407020707501,-0.0020593628253355797,0.0049385870259485674,2.537550432846068,61.6755581900809,329.34999999999957
2025-10-31 14:45:00+00:00,110750.5,False,not_opened,,,,,,,,,,5,0.6497835497835498,0.6974025974025974,2.4481490509448127,1.451750862063375,0.0007810878775248724,-0.00037921246232816634,0.0013832894659617527,3.8227260020537384,64.7702659108715,559.4928571428578
2025-11-01 03:00:00+00:00,109858.4,True,winner,2025-11-01 09:00:00+00:00,110194.9,max_holding,24,100.0,0.003063033869053254,0.08012252135476214,0.3063033869053254,0.22618086555056324,3,0.6372721928276923,0.6372721928276923,0.9912298592698586,0.9654465029809693,0.00019144235249678583,-0.0016285055290688301,0.00010103915585873514,1.0805272459595634,59.3209731674877,193.6285714285737
2025-11-01 03:15:00+00:00,110003.0,False,not_opened,,,,,,,,,,4,0.37685691946835265,0.3771175397445874,2.136235837764071,1.1016010877661164,0.00029817345250446895,-0.0013431611059122276,0.0007536158104778432,3.7767865623824437,66.38482464524667,214.98571428571657
2025-11-01 15:00:00+00:00,110139.0,True,loser,2025-11-01 21:00:00+00:00,110167.7,max_holding,24,100.0,0.0002605798127820036,0.08001042319251128,0.026057981278200356,-0.05395244191431092,5,0.5812387791741396,0.6386894075403997,2.9705676477451086,1.2057839827362549,0.00017335773999695335,0.0004092415511770158,0.002115508584606724,3.30199308225902,52.98823851203483,164.03571428571428
2025-11-01 16:45:00+00:00,110413.7,False,not_opened,,,,,,,,,,3,0.0945578231292121,0.5054421768707681,0.8077588812264785,1.37054506152461,0.00030671503842192547,0.0014489745445488117,0.00012407880543806692,1.2041859311816367,62.34390540391209,216.47857142857018
2025-11-02 04:30:00+00:00,110402.6,True,loser,2025-11-02 10:30:00+00:00,110352.0,max_holding,24,100.0,-0.0004583225395054629,0.07998166709841978,-0.04583225395054629,-0.12581392104896608,7,0.7613519091847301,0.8777089783281903,2.8163487738420043,1.0738232946925845,0.0003340900849987965,0.0005518233657015092,0.0022263968421033825,3.544905774242773,77.74607703281055,139.84285714285735
2025-11-02 04:45:00+00:00,110624.8,False,not_opened,,,,,,,,,,5,0.5423480595557693,0.5731022699536358,2.699301620766888,1.2237101005684217,0.0004929592410105406,0.0009866912638436369,0.0015801158510569322,5.012974566192743,80.1104972375693,159.92142857142815
2025-11-02 06:45:00+00:00,110610.0,False,not_opened,,,,,,,,,,5,0.6652421652422205,0.6894586894587043,1.1126079721055184,1.3878284923928033,0.0003013628367457903,0.002367186909348936,0.0011753006057318507,1.2553595261819042,74.10468319559239,215.01428571428445
2025-11-02 07:45:00+00:00,110844.1,False,not_opened,,,,,,,,,,5,0.5443802521008438,0.6221113445378333,1.8538081444880137,1.4042123526316537,0.00042005868037158406,0.0031366297061825735,0.0014696316718707512,2.6996944497603623,70.81967213114771,246.84999999999854
2025-11-02 11:45:00+00:00,111145.4,True,loser,2025-11-02 13:15:00+00:00,110256.2368,stop_loss,6,100.0,-0.007999999999999959,0.07968,-0.7999999999999958,-0.8796799999999958,7,0.8547705314009474,0.8547705314009474,1.5130196436728967,1.0210264647776965,0.0004462627362580455,0.004674737360042268,0.002002781941492777,1.7948263195522367,59.975907242885164,217.25
2025-11-02 23:00:00+00:00,110415.3,True,loser,2025-11-03 01:00:00+00:00,109531.9776,stop_loss,8,100.0,-0.008000000000000042,0.07968,-0.8000000000000042,-0.8796800000000041,6,0.9085545722713834,0.9085545722713834,3.1637890807280162,1.2666851524006553,0.00037437529035266794,-0.0012134674899729426,0.00392065230090403,4.183729878450578,60.69736299958824,212.0928571428563
2025-11-05 16:45:00+00:00,103865.0,True,loser,2025-11-05 22:45:00+00:00,103671.9,max_holding,24,100.0,-0.0018591440812593832,0.07992563423674963,-0.18591440812593832,-0.26584004236268793,5,0.6951299410351536,0.7263594671325606,0.9179664007056795,1.23156376872009,0.0008712891363445436,-0.006148707077229997,0.0007220911760458287,1.0077086535288475,71.33102666952428,542.3428571428605
2025-11-07 17:15:00+00:00,102299.9,True,winner,2025-11-07 20:30:00+00:00,103527.4988,take_profit,13,100.0,0.012000000000000071,0.08048000000000001,1.200000000000007,1.119520000000007,6,0.7815571507454413,0.8262838210933154,1.4055102832751276,1.258933082162265,0.0013457444024669355,-0.009526391719692436,0.006754649809041847,1.7540407407495442,73.08400884303569,702.1928571428559
2025-11-09 11:00:00+00:00,102156.1,True,winner,2025-11-09 14:15:00+00:00,103381.97320000001,take_profit,13,100.0,0.012000000000000018,0.08048,1.2000000000000017,1.1195200000000018,6,0.9837447320891203,0.9837447320891203,1.7562316618645835,1.0498662753948673,0.00032968240744989834,-0.002267139836945024,0.0026606340688417325,2.366733855179481,62.88691388293019,197.53571428571533
2025-11-09 13:15:00+00:00,102478.3,False,not_opened,,,,,,,,,,5,0.8113787801127534,0.9410558687852401,0.9359558647157872,1.1145348187339295,0.00043367631645055475,-0.00021430318358332405,0.0008811621582325517,2.275387602046078,81.25579735997167,213.6642857142859
2025-11-09 13:30:00+00:00,102755.0,False,not_opened,,,,,,,,,,7,0.8474732006125485,0.9479326186830015,1.52320970375554,1.1607721541362228,0.0006477756019482793,0.00036849807671153305,0.002580896306749035,2.8283216725857385,85.70477113102416,225.1500000000004
2025-11-09 13:45:00+00:00,102877.9,False,not_opened,,,,,,,,,,6,0.36675619218141464,0.7341092211280087,1.4865254519241644,1.1639265148243971,0.0006991558775641864,0.0009905053353513077,0.0010293755996185205,1.9893705125117436,85.55256394566123,229.1214285714294
2025-11-09 14:00:00+00:00,103000.6,False,not_opened,,,,,,,,,,4,0.26145322821225414,0.6006818666098593,1.9477878309952734,1.2414147955607984,0.0007452689275470989,0.0016468863667283876,0.0003262116919707829,2.6453938872762772,86.52243406781577,249.8857142857149
2025-11-09 14:15:00+00:00,103850.0,False,not_opened,,,,,,,,,,7,0.8825057136920786,1.0,3.482066957260944,1.4745455949082582,0.0014477381696474487,0.0029136453554223737,0.006374578719306692,3.560049390306526,90.52872272143757,306.971428571429
2025-11-09 15:30:00+00:00,103793.0,True,winner,2025-11-09 21:30:00+00:00,104732.8,max_holding,24,100.0,0.009054560519495563,0.08036218242077983,0.9054560519495563,0.8250938695287764,6,0.6285859355166526,0.8299060675298274,1.1255572065378738,1.6027280947445002,0.000991322072432368,0.006110448648245442,0.0022448527357336236,1.06363129762118,72.12168098803639,415.27142857142877
2025-11-09 23:00:00+00:00,104888.0,True,winner,2025-11-10 00:45:00+00:00,106146.656,take_profit,7,100.0,0.012000000000000025,0.08048,1.2000000000000024,1.1195200000000023,5,0.276634779190151,0.276634779190151,1.9349849126455014,1.0852733660079243,0.00054542772946569,0.01566823646811231,0.0010830600259324787,3.0087131119871784,55.25569984349217,381.41428571428486
2025-11-10 00:15:00+00:00,105448.3,False,not_opened,,,,,,,,,,6,0.5892142142142273,0.7115865865865856,1.956425948592404,1.2637010264030952,0.0008872188228821509,0.016629494966393005,0.0039469578931096766,2.453747039871431,64.05486414282922,463.7642857142855
2025-11-10 00:30:00+00:00,105995.9,False,not_opened,,,,,,,,,,7,0.9434872501722894,0.9963818056512649,1.3658720259807375,1.2961066748175611,0.001290597365611198,0.01753472911312035,0.002991625147765067,2.7742411579146875,74.55289616513923,484.6142857142851
2025-11-10 00:45:00+00:00,106268.0,False,not_opened,,,,,,,,,,5,0.4651162790697651,0.6292749658002704,1.3123141654979027,1.3287058970844001,0.0014085513162616521,0.018577192375741552,0.0025407460383182145,3.1220401968800986,74.66036621382162,507.82142857142856
2025-11-10 17:30:00+00:00,105638.7,True,winner,2025-11-10 23:30:00+00:00,106156.7,max_holding,24,100.0,0.004903506006794858,0.0801961402402718,0.4903506006794858,0.410154460439214,6,0.8004418262150121,0.8004418262150121,0.909131482638568,1.3489834714397506,0.000143702761159867,0.010902861711009598,0.0015127032044128044,0.5969122325622471,42.141613945907054,501.2928571428565
2025-11-10 17:45:00+00:00,105906.6,False,not_opened,,,,,,,,,,6,0.8271071318308166,0.8271071318308166,0.7044520324496165,1.3133046100659536,0.0003706009799611117,0.011098951683199408,0.0017619298513974182,0.8200402046833608,46.95731866980895,507.9571428571435
2025-11-10 22:45:00+00:00,106003.8,False,not_opened,,,,,,,,,,7,0.7470198675496744,0.8387890255439979,1.4908531855174243,0.9679908175985893,0.00031954221533304943,0.010149422687934704,0.00212728222950498,1.0867065469275694,56.50759219088943,363.8428571428573
2025-11-11 01:15:00+00:00,106741.7,True,loser,2025-11-11 02:00:00+00:00,105887.7664,stop_loss,3,100.0,-0.008000000000000037,0.07968,-0.8000000000000037,-0.8796800000000037,5,0.4159885112493989,0.4159885112493989,3.222812182610586,1.1501535782920735,0.0007918564600191881,0.011191269835200631,0.004868762629787582,6.969400918787869,72.49630953305878,400.1285714285706
2025-11-11 02:30:00+00:00,106749.9,True,loser,2025-11-11 04:30:00+00:00,105895.90079999999,stop_loss,8,100.0,-0.008000000000000054,0.07968,-0.8000000000000054,-0.8796800000000053,5,0.5327624720774318,0.5656490444278914,1.7426659025292015,1.3784000404083074,0.0006422327126169122,0.011966085835096315,0.0011072609904083947,2.1016237285226276,60.89829964709647,516.5499999999977
2025-11-12 09:00:00+00:00,104753.6,True,loser,2025-11-12 14:45:00+00:00,103915.5712,stop_loss,23,100.0,-0.008,0.07968,-0.8,-0.87968,6,0.8292311596041718,0.8419182948490336,2.97383463185496,1.3965853370355126,0.0011775378520833169,-0.004571282300939344,0.005399337111087407,4.6397453793426395,77.39393704149343,295.500000000001
2025-11-12 11:00:00+00:00,105023.4,False,not_opened,,,,,,,,,,3,0.5288717796860678,0.5877998223274894,1.1238310759093837,1.3897701303012804,0.0007960936473563651,0.0011143529552864516,0.0002323291761644946,1.19300787665261,78.71007497175667,360.3142857142853
2025-11-13 06:15:00+00:00,103544.5,True,loser,2025-11-13 09:00:00+00:00,102716.144,stop_loss,11,100.0,-0.007999999999999997,0.07968,-0.7999999999999997,-0.8796799999999997,5,0.8542415908610226,0.9039559974614038,0.9521795181693611,1.1829718365247908,0.0012081829366297951,-0.007776072999843134,0.0016543611683865673,2.217970033061175,66.69723368485413,558.6499999999994
2025-11-16 09:45:00+00:00,96597.4,True,loser,2025-11-16 11:15:00+00:00,95824.62079999999,stop_loss,6,100.0,-0.008000000000000047,0.07968,-0.8000000000000047,-0.8796800000000047,6,0.923924560288208,0.9944903581267094,2.260111592710513,1.0793524312287177,0.000660284554494046,-0.005541908317008303,0.004145039100431214,3.38105974687683,69.85294117647034,216.72857142857123
2025-11-18 16:00:00+00:00,93100.8,True,loser,2025-11-18 22:00:00+00:00,93031.5,max_holding,24,100.0,-0.0007443545060837598,0.07997022581975664,-0.07443545060837597,-0.15440567642813263,4,0.3732035928143756,0.8514970059880284,1.2092905374825784,1.444300648086838,0.0013984085204730298,-0.011676656935218474,0.001171848147384403,1.2481434145942283,66.45339789036836,616.9928571428557
2025-11-18 16:15:00+00:00,93680.0,False,not_opened,,,,,,,,,,6,0.7249968706971971,0.8509200150206477,1.3877260331081132,1.4531872324472883,0.001846237489159837,-0.009835648787428965,0.005123825789923143,1.5467460584440136,75.52613948760583,640.9785714285712
2025-11-18 18:00:00+00:00,93595.8,False,not_opened,,,,,,,,,,5,0.7418032786885234,0.7418032786885234,0.8463406174124326,1.1406055230529608,0.001039564362916315,-0.0033032094921544982,0.0011838138036108768,0.5504522583301665,74.12120672777439,631.0428571428575
2025-11-20 07:45:00+00:00,92267.4,True,loser,2025-11-20 09:45:00+00:00,91529.26079999999,stop_loss,8,100.0,-0.008000000000000056,0.07968,-0.8000000000000055,-0.8796800000000055,4,0.546330122882779,0.5665891730322027,0.9748122248121956,0.9981121288343655,7.273083633731353e-05,0.00422537495110252,0.0011466671868936196,0.962030195357084,50.01083580148796,326.0928571428573
2025-11-20 13:00:00+00:00,91973.3,True,loser,2025-11-20 14:00:00+00:00,91237.5136,stop_loss,4,100.0,-0.00799999999999997,0.07968,-0.799999999999997,-0.879679999999997,4,0.5770491803278689,0.9780327868852554,1.0950346461781484,1.006959632189271,0.00013999400041748547,0.00034721571307241503,6.74108681540957e-05,1.060951072127014,57.37220889463002,295.9857142857145
2025-11-23 01:15:00+00:00,85484.8,True,winner,2025-11-23 04:15:00+00:00,86510.6176,take_profit,12,100.0,0.01199999999999994,0.08048,1.199999999999994,1.1195199999999939,4,0.5614394382680138,0.7091866588648528,1.1808194569197865,1.3195926508437879,0.0007575922056863581,-0.004991779739797233,0.0021617878266078053,1.985658349715824,75.18070112034678,317.3285714285718
2025-11-23 01:30:00+00:00,85837.4,False,not_opened,,,,,,,,,,6,0.7229854418699885,0.8870207094525197,1.642087542087524,1.330422654781392,0.0010738407986155018,-0.003960160777970115,0.002949763156852341,2.4923451164919848,76.98655384744252,329.10000000000065
2025-11-23 03:45:00+00:00,86261.0,False,not_opened,,,,,,,,,,6,0.7328925619834614,1.0,0.8932130571508714,1.0817198661580987,0.0008396116402374128,0.002477698235317746,0.0016797857664529066,0.725402107429903,79.07635642442295,343.25714285714326
2025-11-23 04:00:00+00:00,86420.0,False,not_opened,,,,,,,,,,5,0.4360943499725831,0.8645090510148234,1.0726684318917072,1.0866779560025965,0.0009334749750785046,0.003284479021820045,0.001839851886137468,1.8572719103485809,83.12253501972022,350.4214285714282
2025-11-23 13:45:00+00:00,86887.9,True,winner,2025-11-23 19:45:00+00:00,87276.7,max_holding,24,100.0,0.004474731234153466,0.08017898924936614,0.44747312341534656,0.36729413416598045,6,0.7530864197530415,0.9619341563785816,1.0767299313197154,1.1467808520596068,0.0006357683038510475,0.008301789367261985,0.0020060330609899465,1.3336396167204159,67.51688956293924,293.16428571428696
2025-11-23 15:30:00+00:00,86972.4,False,not_opened,,,,,,,,,,7,0.7606961566352413,0.8489243413101271,1.3405051601509903,1.1766451612903195,0.0005154341834903924,0.009563923231806578,0.001912100850384586,0.9162529412609448,60.15227171602323,325.67857142857036
2025-11-23 15:45:00+00:00,87042.8,False,not_opened,,,,,,,,,,3,0.19870166525545627,0.49421394298618226,1.1279847182426097,1.1831564012262765,0.0005429963691774636,0.009947366912425157,9.075994797971493e-05,1.2567131433255538,58.04487012649028,333.557142857142
2025-11-23 18:30:00+00:00,87153.4,False,not_opened,,,,,,,,,,5,0.7854961832060995,0.8221374045801304,1.1226967576060563,1.0698659886646567,0.00043668793013200804,0.010804950635592794,0.00018932135751445155,0.5164442770211745,60.42489908646671,360.67857142857247
2025-11-23 19:15:00+00:00,87274.0,False,not_opened,,,,,,,,,,4,0.2686664492989728,0.2689925008151313,0.8853670506047666,1.0272994375056224,0.00046966426896528495,0.01141611114957341,0.0005809290281183066,1.1211408783253742,54.64443551627146,354.7642857142855
2025-11-24 01:45:00+00:00,87033.6,True,loser,2025-11-24 07:45:00+00:00,87004.6,max_holding,24,100.0,-0.0003332046474005441,0.07998667181410399,-0.033320464740054415,-0.1133071365541584,7,0.8321571034059624,0.9687020558453604,1.443568391211909,1.259442738338083,7.715955325499406e-05,0.008998011522459859,0.000722709390396453,1.014389173937448,38.61710849958996,481.58571428571514
2025-11-24 02:00:00+00:00,87871.0,False,not_opened,,,,,,,,,,7,0.8728371899103599,0.9320408588701298,1.9995623221933747,1.3532911511946395,0.0009767532601574912,0.0096982867537327,0.00929772052212903,2.6229296212549453,51.79763384431246,532.2571428571433
2025-11-24 05:00:00+00:00,87535.4,False,not_opened,,,,,,,,,,7,0.811958488051031,0.8671808054841459,2.05814056024218,1.0407587497287205,0.00047711794123597153,0.009350054181791039,0.0026880553467510102,1.4132080857877691,61.46430375299198,506.9714285714269
2025-11-24 16:00:00+00:00,86837.3,True,winner,2025-11-24 17:30:00+00:00,87879.34760000001,take_profit,6,100.0,0.012000000000000061,0.08048,1.2000000000000062,1.1195200000000063,4,0.43603603603603125,0.436199836199841,1.3092850938803526,1.4204656180892308,0.000664020520998682,-0.0007179715332011239,0.00178840198854643,1.9100126858720814,62.32721655525072,538.8642857142851
2025-11-24 16:15:00+00:00,87185.5,False,not_opened,,,,,,,,,,5,0.770524452312462,0.7864571807922079,0.945031734579701,1.4122241428192515,0.0009787414052708034,0.00016849619389460788,4.587918862654914e-05,1.2100344301977524,65.04991104961452,551.4785714285701
2025-11-24 16:30:00+00:00,87458.1,False,not_opened,,,,,,,,,,5,0.5589501742874871,0.9391019069099913,1.0036734819875857,1.363279188621333,0.0011796174489190913,0.0012226734861210255,0.002013535624487678,0.9103504503668429,64.49102548010544,547.1214285714274
2025-11-24 17:30:00+00:00,87880.6,False,not_opened,,,,,,,,,,5,0.5226306576644237,0.7514378594648772,0.7524625791459203,1.339107224932581,0.0012979000356926466,0.004382901898612198,0.002065302239629679,1.1397024204173294,69.51998654953556,604.5499999999998
2025-11-24 17:45:00+00:00,88314.9,True,loser,2025-11-24 23:45:00+00:00,88247.1,max_holding,24,100.0,-0.0007677073744066784,0.07996929170502373,-0.07677073744066784,-0.15674002914569157,6,0.7384798503655753,0.8507056623023224,1.0749504199453352,1.3516192161994107,0.0016368614947393715,0.005783798021943806,0.003792112089805845,1.5810984280776783,73.89372667495991,632.6857142857136
2025-11-24 18:00:00+00:00,88433.4,False,not_opened,,,,,,,,,,4,0.27554107516870135,0.7097975331626524,0.7940570457086593,1.1877679600004756,0.0016066036702215188,0.007157324225202108,0.0003471539033894105,1.359613689553632,80.06594910719845,571.4928571428567
2025-11-25 04:00:00+00:00,88086.3,True,loser,2025-11-25 07:45:00+00:00,87381.6096,stop_loss,15,100.0,-0.008000000000000076,0.07968,-0.8000000000000076,-0.8796800000000076,7,0.8640022203719483,0.9622536774910028,1.2916756291675273,1.0859444459412126,0.00015866048446247535,0.010254252608964507,0.0016222727030197515,1.0669165942112373,48.463940370668844,287.9071428571416
2025-11-25 04:30:00+00:00,88116.1,False,not_opened,,,,,,,,,,3,0.392800757814998,0.4499526365645763,1.123647330140144,1.0553043180773338,0.000171770628565594,0.010238301663820632,0.00018384835461410164,1.374481333999035,50.636010176162806,282.0285714285689
2025-11-25 04:45:00+00:00,88298.9,False,not_opened,,,,,,,,,,4,0.47816993464050767,0.5328104575163094,1.3083856402538174,1.0708476881413196,0.00035225558803614944,0.010430895932307256,9.739645680740382e-05,1.1104408337738105,56.692011725906866,288.5142857142824
2025-11-25 11:00:00+00:00,87402.2,True,loser,2025-11-25 14:30:00+00:00,86702.9824,stop_loss,14,100.0,-0.008000000000000042,0.07968,-0.8000000000000042,-0.8796800000000041,4,0.27518891687655095,0.8841309823677054,0.603481036710507,1.0993446398043478,4.5110551338320376e-05,0.002207006210614823,0.000205944472793591,0.5556028801529881,44.52469419279423,279.9571428571445
2025-11-25 12:00:00+00:00,87627.8,False,not_opened,,,,,,,,,,7,0.8813843148199842,0.8855707507675142,1.3311537532740243,1.0671433489139945,0.00028716054561198285,0.0023598370094320737,0.0015896781614967272,0.8165155873880396,55.71751362367652,275.67857142857247
2025-11-25 17:00:00+00:00,87430.6,True,loser,2025-11-25 19:00:00+00:00,86731.15520000001,stop_loss,8,100.0,-0.00799999999999997,0.07968,-0.799999999999997,-0.879679999999997,5,0.7076082557669238,0.8711048158640278,1.1596583442838364,1.251615357231678,0.0003964567500208914,-0.0007386986050544213,0.002008450130732327,0.9002836055940614,57.5294793391223,458.3214285714265
2025-11-25 17:30:00+00:00,87900.5,False,not_opened,,,,,,,,,,6,0.6410809256863618,0.6916774471755054,1.5397383971847818,1.247397718939809,0.0008294718050354816,0.00036179946358957477,0.003468694717322361,1.5548258151841734,64.32584269662922,482.9857142857124
2025-11-26 01:30:00+00:00,88041.7,True,loser,2025-11-26 03:30:00+00:00,87337.3664,stop_loss,8,100.0,-0.00799999999999998,0.07968,-0.7999999999999979,-0.8796799999999979,7,0.7171469740633963,0.7719020172910621,1.8882555402886732,1.002179747485356,0.0007268432806680355,0.0025757391276266376,0.0038493123145054466,2.3271041038720135,77.26909464550734,383.41428571428696
2025-11-26 14:00:00+00:00,87264.1,True,winner,2025-11-26 17:15:00+00:00,88311.26920000001,take_profit,13,100.0,0.012000000000000044,0.08048,1.2000000000000044,1.1195200000000045,5,0.45161290322580644,0.9116625310173914,1.5975580750019784,1.2036138329748494,0.0003901947054612405,-0.003124861126084705,0.0020260336151980357,1.3303083578948145,61.09205872896788,264.40000000000146
2025-11-26 16:00:00+00:00,87514.0,False,not_opened,,,,,,,,,,6,0.9670890241895671,0.9868356096758268,1.677732838231425,1.4428184493072682,0.0005770972374626137,-0.0019515333603251058,0.0022396416573348264,1.2520977727773024,67.87302794145614,396.66428571428486
2025-11-26 16:15:00+00:00,87538.1,False,not_opened,,,,,,,,,,2,0.0807537012113063,0.08109017496637301,0.8037428671877025,1.4347518485358783,0.0005482117229644383,-0.001440647318532352,0.00018391991601377937,1.2513988073408198,67.83267356881863,409.2142857142847
2025-11-26 17:15:00+00:00,88621.0,False,not_opened,,,,,,,,,,7,0.7205921698029055,0.8540087398555278,2.6955622866484066,1.4644868180494175,0.0014727536602882965,0.0016205903578786047,0.007594136829871024,2.8480230879941524,74.6856152957784,486.6285714285706
2025-11-26 17:30:00+00:00,89473.2,True,winner,2025-11-26 22:00:00+00:00,90546.8784,take_profit,18,100.0,0.01200000000000005,0.08048000000000001,1.200000000000005,1.119520000000005,7,0.8884603356614201,0.9936411967059253,2.126579472400808,1.519137387403635,0.002226908456780672,0.003583429507958512,0.007695041643754778,2.841802849134797,79.16457634726595,526.3642857142851
2025-11-26 17:45:00+00:00,89792.5,False,not_opened,,,,,,,,,,6,0.6723520741208613,0.7155190566434969,1.013076775390936,1.517967922343492,0.0023463216855631928,0.005636341293582859,0.0034880418743213197,2.2378112730609825,80.84364947850678,550.1142857142861
2025-11-26 18:00:00+00:00,90001.0,False,not_opened,,,,,,,,,,5,0.45357686453578705,0.8060447923461661,0.9479347019539843,1.4444261957754945,0.002338577036481284,0.007661578933261422,0.0008155464939277806,1.9063377228780942,82.01144345722692,546.528571428571
2025-11-26 18:15:00+00:00,90297.0,False,not_opened,,,,,,,,,,6,0.818081282831066,0.8183577550456245,0.7370276410836312,1.2896042127957088,0.0024211167514118334,0.0097286432728504,0.0022902200516075055,1.2012884022417172,90.88963401583807,505.8785714285706
2025-11-27 02:15:00+00:00,91425.7,True,loser,2025-11-27 08:15:00+00:00,91318.2,max_holding,24,100.0,-0.0011758181780396541,0.07995296727287841,-0.11758181780396541,-0.19753478507684383,7,0.9369560602844457,0.9868393122479363,1.5069172331067293,0.9728818892610701,0.001100813654648356,0.02542004340632636,0.0025222667149389206,1.8543174840851104,73.90431290378928,304.7642857142876
2025-11-27 02:30:00+00:00,91756.0,False,not_opened,,,,,,,,,,7,0.6687588580684289,0.9218465276371631,1.5507307807030188,1.033968246298842,0.0013352237092423443,0.02627223471270249,0.003532194079951238,2.4341298605331456,76.0227819669504,320.99285714285986
2025-11-27 16:00:00+00:00,91182.5,True,winner,2025-11-27 22:00:00+00:00,91437.1,max_holding,24,100.0,0.0027922024511282954,0.08011168809804514,0.27922024511282956,0.19910855701478442,7,0.6258708778448592,0.8873664653971218,1.5798646144815005,1.245358053531659,0.00023577198156649254,0.016975550962569787,0.002621116990650618,1.9375293536724139,53.36632453567922,305.77142857142877
2025-11-28 03:15:00+00:00,91163.1,True,winner,2025-11-28 09:15:00+00:00,91587.9,max_holding,24,100.0,0.004659780108398994,0.08018639120433596,0.4659780108398994,0.38579161963556347,4,0.5174363807728412,0.7973609802073627,0.9030171496659838,1.1372501239834656,0.0001108327933544005,0.010672057822130338,0.0004749728782808275,0.9996780712948974,46.42995409545955,236.68571428571678
2025-11-28 04:00:00+00:00,91315.8,False,not_opened,,,,,,,,,,5,0.5362844702467336,0.8392597968069595,1.2423368193292594,1.0713557611187237,0.00024711103983771234,0.01067450441413742,0.000545360167681857,0.9699874584944549,53.46529313413515,230.85000000000167
2025-11-28 04:15:00+00:00,91368.0,False,not_opened,,,,,,,,,,4,0.36786469344604567,0.7914023960535307,0.651410471228255,1.0652269079235364,0.00027785996949059456,0.010811082429904193,8.646353208994593e-05,0.6307441299692415,55.14453310785808,232.03571428571635
2025-11-28 08:45:00+00:00,91649.9,False,not_opened,,,,,,,,,,7,0.8997445721583597,0.9519476372924551,2.7705168181516395,1.2424920378194513,0.00046082482926796515,0.010000341886946545,0.004448450025586467,3.367907364729824,53.83457960970266,249.1214285714263
2025-11-28 10:45:00+00:00,91802.8,True,loser,2025-11-28 11:15:00+00:00,91068.3776,stop_loss,2,100.0,-0.007999999999999953,0.07968,-0.7999999999999954,-0.8796799999999954,6,0.7344239470936229,0.9032370344587448,1.191918353800214,1.1856540016506312,0.0004212223659058035,0.010974857461189294,0.001804955840126849,1.311183353960126,58.58351850976325,263.20714285714246
2025-11-28 12:00:00+00:00,91467.8,True,winner,2025-11-28 13:45:00+00:00,92565.4136,take_profit,7,100.0,0.011999999999999966,0.08048,1.1999999999999966,1.1195199999999965,3,0.38810068649886914,0.5089244851258448,0.8031611836059548,1.1099409578210353,8.04694601952922e-05,0.010122497496273513,0.00042309971377902484,0.7259802671630478,59.08268241569834,274.40000000000043
2025-11-28 13:45:00+00:00,92329.2,False,not_opened,,,,,,,,,,6,0.6017739367750646,0.6018876506709093,3.161717120874401,1.1858871655019674,0.0008949240696217059,0.010755180093722781,0.004687574461817095,5.34344825989119,68.65092203170477,310.60714285714494
2025-11-28 14:15:00+00:00,92916.3,True,loser,2025-11-28 14:30:00+00:00,92172.9696,stop_loss,1,100.0,-0.008000000000000068,0.07968,-0.8000000000000067,-0.8796800000000067,7,0.9094149094149302,0.9604989604989731,2.2453777029392423,1.304907210581594,0.0013322006642254023,0.012358879916513684,0.002550682711214286,3.096930723660072,72.08536633741923,351.000000000001
2025-11-29 13:15:00+00:00,90726.9,True,loser,2025-11-29 19:15:00+00:00,90771.2,max_holding,24,100.0,0.0004882785590602447,0.0800195311423624,0.04882785590602447,-0.031191675236337937,6,0.7408123791102269,0.8853965183751871,1.6195473412170125,0.9336876614345369,0.00016665174983577155,-0.0014205009894725127,0.0005577177220867381,1.6638400357237733,64.91002570694042,134.26428571428758
2025-11-29 15:15:00+00:00,90835.1,False,not_opened,,,,,,,,,,4,0.34199378706581146,0.34199378706581146,2.749757328674074,1.0603281404528964,0.00022119020591321165,-0.0007287326253330671,0.0012429116057560208,4.944841019255183,61.93127962085339,134.4000000000004
2025-11-29 19:15:00+00:00,90771.2,False,not_opened,,,,,,,,,,3,0.5119999999999821,0.7003076923077102,0.7476076555023928,1.397015444423046,0.0001523787369413068,-0.0007334889491982573,0.00017736903334968876,0.4065717156942245,41.30493213277791,241.028571428571
2025-11-29 20:30:00+00:00,90774.3,True,loser,2025-11-30 02:30:00+00:00,90810.0,max_holding,24,100.0,0.0003932831208833016,0.08001573132483533,0.03932831208833016,-0.04068741923650517,5,0.8464751958224846,0.910182767624036,0.84116665202495,1.187312677608554,0.00016960642646047578,-0.000807425450480971,0.0013230617035879738,0.6527891586647823,53.24627998785331,240.0928571428563
2025-11-29 20:45:00+00:00,90921.7,False,not_opened,,,,,,,,,,3,0.5560165975103698,0.6767257638626937,1.1484144862241896,1.1785807640981112,0.000307602291239651,-0.0005226306745603936,0.0014320013814083667,1.7442681905226791,57.02322465386321,244.76428571428445
2025-11-30 06:15:00+00:00,90871.6,True,winner,2025-11-30 12:15:00+00:00,91218.5,max_holding,24,100.0,0.003817474326412148,0.08015269897305649,0.3817474326412148,0.3015947336681583,6,0.7493645144891251,0.9989832231825262,1.4911117007163468,1.0578076536512016,0.00010345773055151008,0.0005020536820059455,0.00039836428543143994,0.7055456417701894,56.14427377017353,139.8285714285708
2025-11-30 08:15:00+00:00,91104.9,False,not_opened,,,,,,,,,,5,0.3180379746835268,0.3605617088607427,3.9181649101053218,1.0795874901916722,0.00027149660055989893,0.0012997220632366192,0.0011580057713690482,6.6914356916912645,67.41401572954597,137.58571428571304
2025-11-30 09:00:00+00:00,91432.2,False,not_opened,,,,,,,,,,6,0.6188803966122447,0.75666184672588,3.0755058606779144,1.3861342778235457,0.0005361669601377623,0.0021955198796079645,4.374826374078279e-05,4.367278758610631,88.50722311396513,180.8642857142851
2025-11-30 16:15:00+00:00,91714.9,True,loser,2025-11-30 21:00:00+00:00,90981.18079999999,stop_loss,19,100.0,-0.008000000000000075,0.07968,-0.8000000000000075,-0.8796800000000075,7,0.8029822335025177,0.9060913705583563,1.4861965721290968,1.0440799378536119,0.000320639393295162,0.00557254742745534,0.001927712945224695,1.4738945947286304,57.41664478865856,216.96428571428365
2025-12-02 13:45:00+00:00,87691.3,True,winner,2025-12-02 14:15:00+00:00,88743.5956,take_profit,2,100.0,0.011999999999999972,0.08048,1.1999999999999973,1.1195199999999974,4,0.5783565334530966,0.5983385720700573,1.4653967000608485,1.0994238582996718,0.0006018067937251293,-0.003089011083634817,0.0017709852630763017,2.6926693798138546,72.36437091188938,316.2928571428555
2025-12-02 14:00:00+00:00,88297.7,False,not_opened,,,,,,,,,,6,0.6452127659574468,0.7847872340425501,2.86367098248287,1.2307912402599763,0.0011948168534621532,-0.0019672861734182255,0.004841575714882721,3.745612324507526,76.30026809651496,362.56428571428427
2025-12-02 14:15:00+00:00,88629.6,False,not_opened,,,,,,,,,,6,0.6133086876155321,0.7497227356746873,1.6229188540573005,1.189914302273403,0.0014336240357178127,-0.0006565749804914504,0.001462265428254283,3.387194396963715,77.35120220733171,357.0928571428553
2025-12-02 14:30:00+00:00,88784.0,True,winner,2025-12-02 15:00:00+00:00,89849.408,take_profit,2,100.0,0.011999999999999953,0.08048,1.1999999999999953,1.1195199999999952,5,0.3102270444042497,0.8495077355836957,1.4339840092199039,1.1834958697588644,0.0014604567167213831,0.0006589602472200126,0.000214002522977113,3.294866448035655,84.71605234722068,361.557142857141
2025-12-02 14:45:00+00:00,89225.1,False,not_opened,,,,,,,,,,7,0.8693338588884474,0.9586125344895553,1.3961999367114994,1.17821897025568,0.001785659498445814,0.002248276215869753,0.0041042262771351515,3.030947885831193,85.32395665206384,366.3928571428561
2025-12-02 15:00:00+00:00,90612.0,False,not_opened,,,,,,,,,,7,0.8367925666706885,0.8368529021358784,3.7969782705810897,1.4714576205037606,0.0030485751382561444,0.004921903068230122,0.015074162362600917,4.7553900538413005,92.72769337549177,473.9785714285691
2025-12-02 17:15:00+00:00,91718.3,True,loser,2025-12-02 20:15:00+00:00,90984.5536,stop_loss,12,100.0,-0.00800000000000004,0.07968,-0.8000000000000039,-0.8796800000000039,7,0.7429378531073446,0.763935969868176,1.742411812961448,1.582143608410543,0.0023655470245962313,0.020076644380343903,0.006546130924799181,1.4727079891104589,82.53247592580618,741.3857142857139
2025-12-03 01:45:00+00:00,92215.3,True,winner,2025-12-03 04:15:00+00:00,93321.8836,take_profit,10,100.0,0.011999999999999978,0.08048,1.1999999999999977,1.1195199999999979,5,0.5196133110243455,0.5346718720951871,1.6762231224680821,1.0092863022206808,0.0007259521909745322,0.028979933711586327,0.002580916615789354,2.431186224238048,64.29640059843364,335.45000000000226
2025-12-03 02:00:00+00:00,92841.0,False,not_opened,,,,,,,,,,7,0.814029151483593,0.9627798021863542,2.2401352710523015,1.0962944715278555,0.0012942424772569917,0.02965723299183551,0.004043472172854603,2.703351897241424,70.02585888437389,362.3785714285737
2025-12-03 04:00:00+00:00,92829.3,False,not_opened,,,,,,,,,,4,0.636195018547985,0.6658717541070662,1.0264499898007593,1.0931770259187503,0.0006399382800616421,0.032622188371382005,4.416708948581774e-05,0.7545626066689611,79.67392699730456,381.79285714285754
2025-12-03 13:30:00+00:00,93153.9,True,loser,2025-12-03 14:00:00+00:00,92408.6688,stop_loss,2,100.0,-0.007999999999999945,0.07968,-0.7999999999999944,-0.8796799999999944,6,0.6493159826492616,0.9542876209542506,1.19650271478766,0.9799399658233428,0.00025756220522197155,0.026726608981310535,0.0006644917711442482,1.0027203644501337,52.09310404724651,256.62142857142834
2025-12-03 14:30:00+00:00,93452.6,True,loser,2025-12-03 14:45:00+00:00,92704.9792,stop_loss,1,100.0,-0.008000000000000045,0.07968,-0.8000000000000045,-0.8796800000000045,7,0.6068522756165806,0.8722349351639979,3.974483673340521,1.6473037422751577,0.0006492539993762803,0.02513603892776034,0.0024311790148161916,3.3215548500151586,59.8182577814916,448.7714285714298
2025-12-03 16:30:00+00:00,92688.2,True,winner,2025-12-03 22:30:00+00:00,93529.0,max_holding,24,100.0,0.009071273365973263,0.08036285093463894,0.9071273365973263,0.8267644856626873,6,0.8945660989456604,0.9501216545012044,0.9245390895201973,1.6245358487616142,0.0001415907873812946,0.02050388625182575,0.0007358002421019837,0.6401781001367414,48.15682014011161,667.971428571429
2025-12-03 17:30:00+00:00,92720.0,False,not_opened,,,,,,,,,,3,0.5973493975903474,0.5975903614457831,0.7131013033429852,1.2961037078186362,0.0001957186359980246,0.01954847626088092,0.00015746333045735356,0.6309693513823473,57.24183825256398,644.9499999999991
2025-12-03 17:45:00+00:00,92919.5,False,not_opened,,,,,,,,,,4,0.5704486996284914,0.7699342669334057,0.5929804938397051,1.2177159027099675,0.00038117664402545335,0.019653762935080074,0.0003497651192699057,0.5376623502055208,54.39914834992797,628.8928571428561
2025-12-04 01:00:00+00:00,93659.2,True,loser,2025-12-04 05:45:00+00:00,92909.9264,stop_loss,19,100.0,-0.008000000000000005,0.07968,-0.8000000000000005,-0.8796800000000005,7,0.8505338078291723,0.947410043495442,1.9605411062444553,1.1334589713083563,0.00048924097043082,0.019789112451273187,0.005702589814988717,1.3243012466630926,54.12844036697232,417.1428571428582
2025-12-04 02:15:00+00:00,93760.0,False,not_opened,,,,,,,,,,4,0.2641344684566655,0.3887797424143278,1.112095648479711,1.0808375298171256,0.0004892305823351546,0.019752007695710852,0.0009023037542662737,1.910037227226848,50.35078602052757,407.8000000000008
2025-12-04 15:30:00+00:00,93003.1,True,loser,2025-12-04 16:45:00+00:00,92259.0752,stop_loss,5,100.0,-0.007999999999999991,0.07968,-0.7999999999999992,-0.8796799999999991,6,0.5430001163737975,0.7053415570813497,2.2342693707748427,1.631281792850709,0.00028698870275809327,0.006760186916107162,0.0014741444102401512,2.109215883627457,51.299467624767324,454.3428571428573
2025-12-05 06:45:00+00:00,92235.6,True,loser,2025-12-05 09:15:00+00:00,91497.7152,stop_loss,10,100.0,-0.007999999999999997,0.07968,-0.7999999999999997,-0.8796799999999997,5,0.8936721991701261,0.9522821576763644,0.891478244786621,1.0136625926570255,0.00012062728950884071,-0.00030475827023683,0.0012923426529454097,0.9619359321353022,46.69940853400935,222.65714285714265
2025-12-05 07:00:00+00:00,92296.2,False,not_opened,,,,,,,,,,3,0.23165137614675047,0.5263761467889679,1.1897128044205159,1.056571181805096,0.00017159891227025553,-0.00014785707424818786,0.0005569026677154008,1.0595574049800782,50.30612788159507,233.30714285714308
2025-12-07 16:45:00+00:00,89849.3,True,winner,2025-12-07 17:30:00+00:00,90927.49160000001,take_profit,3,100.0,0.012000000000000061,0.08048,1.2000000000000062,1.1195200000000063,6,0.7767130717772578,0.944494666425607,1.298753140629784,1.561893077466179,0.0008816448097019346,-0.006588279010767769,0.0036316365291660913,0.6372096708409521,61.63340082923539,481.9500000000002
2025-12-07 17:15:00+00:00,90669.7,False,not_opened,,,,,,,,,,6,0.9059838392662093,0.949443109849309,1.946646827505586,1.5719710495021277,0.0015778452712462757,-0.004294222573230838,0.008489054226494597,2.2962279036536577,67.06305935603335,542.442857142858
2025-12-07 17:30:00+00:00,90812.7,False,not_opened,,,,,,,,,,3,0.2358085808580762,0.26023102310230545,1.2175887322811698,1.5386808155455485,0.0015752948706073161,-0.002834087467552647,0.0010648290382292023,1.990949052850116,71.48920077317416,562.9071428571436
2025-12-07 18:00:00+00:00,91282.6,True,loser,2025-12-07 21:30:00+00:00,90552.3392,stop_loss,14,100.0,-0.00800000000000004,0.07968,-0.8000000000000039,-0.8796800000000039,4,0.6935483870968013,0.6937316715542633,1.0484847320175852,1.2678688923440067,0.0017640589342872318,0.00015787979387161535,0.00023662779105772426,0.9069582061439668,88.29084041548637,509.95000000000124
2025-12-07 18:15:00+00:00,91533.6,False,not_opened,,,,,,,,,,5,0.6408882082695354,0.6569678407350863,0.786865491790937,1.2361458820351852,0.0018528350117302938,0.0018151354607747901,0.0009166033019569723,0.7350497961766974,89.25596564912375,516.5142857142865
2025-12-07 23:45:00+00:00,90345.4,True,winner,2025-12-08 01:30:00+00:00,91429.54479999999,take_profit,7,100.0,0.011999999999999941,0.08048,1.1999999999999942,1.1195199999999943,7,0.809722948248827,0.8274960794563495,1.3749730467907544,1.2903988763636118,8.477584411931351e-05,0.003790123052566908,0.0034844054041488375,0.9851389470078203,38.16826651609247,506.6142857142872
2025-12-08 01:00:00+00:00,90630.0,False,not_opened,,,,,,,,,,6,0.6815154038301376,0.7789342214821017,1.045427343452464,1.268891180836666,0.00039706842374706233,0.0037565188861190283,0.0006377579168046222,0.6826096114671308,51.632450865187415,532.1000000000006
2025-12-08 01:15:00+00:00,91091.0,False,not_opened,,,,,,,,,,7,0.6627372052904051,0.8103795284646408,1.4298929019261015,1.2442201833328999,0.0008394221757519231,0.004452039841258643,0.0038950060928083226,0.9398784659837898,60.015548645046714,531.7357142857145
2025-12-08 09:00:00+00:00,92030.0,True,loser,2025-12-08 13:30:00+00:00,91293.76,stop_loss,18,100.0,-0.008000000000000057,0.07968,-0.8000000000000057,-0.8796800000000057,5,0.4760076775431862,0.5535508637235973,2.2612356502680035,0.9342699011927907,0.0006216817913360726,0.0125694041184797,0.001340867108551496,4.245637876829401,77.75055508766584,222.64285714285714
2025-12-08 10:30:00+00:00,92160.1,False,not_opened,,,,,,,,,,6,0.6409127301841632,0.989591673338706,1.1883354740497745,1.0317872022498673,0.00050816052310796,0.013989427870586674,0.001120875519883365,1.221841174890354,76.9749449925477,225.89285714285714
2025-12-09 12:15:00+00:00,90512.7,True,winner,2025-12-09 15:30:00+00:00,91598.8524,take_profit,13,100.0,0.012000000000000071,0.08048000000000001,1.200000000000007,1.119520000000007,4,0.5366100836077949,0.5366100836077949,2.2199724401699186,0.9442215983685294,0.0002908186789680613,-0.0017028489204240025,0.0010539957376146571,2.6307587471531204,52.25361587621889,194.95714285714348
2025-12-09 13:15:00+00:00,90650.1,False,not_opened,,,,,,,,,,5,0.7770349980338768,0.7963035784506853,1.367755815516947,1.0095217628174353,0.0003370379113323144,-0.0006879557632790174,0.0003320459657518946,1.328922117427606,72.23928860145509,191.25714285714326
2025-12-09 15:00:00+00:00,90568.2,False,not_opened,,,,,,,,,,3,0.24566945180353852,0.32952924393722854,3.2811220140084356,1.634557259025753,0.00027246950618930045,-0.0008829563838297247,0.00038865738747150864,4.712728287286363,57.04960835509139,341.85714285714283
2025-12-09 15:30:00+00:00,92026.5,False,not_opened,,,,,,,,,,7,0.796418805680512,0.9479580135838404,3.0548482276383244,1.9730682100368784,0.0016739490449122808,0.0013721058679436332,0.007990089811087056,3.8260285741812643,73.42401042515061,462.5428571428565
2025-12-09 15:45:00+00:00,92676.9,True,winner,2025-12-09 16:30:00+00:00,93789.02279999999,take_profit,3,100.0,0.01199999999999997,0.08048,1.199999999999997,1.119519999999997,7,0.6163694992412725,0.8197078907435443,2.5725543776609263,2.030497443843517,0.002172270782558784,0.003294236663324102,0.0063813096899010885,4.441633867743611,76.25181950509449,509.66428571428384
2025-12-09 16:00:00+00:00,93414.5,False,not_opened,,,,,,,,,,7,0.8844124700239878,0.9088729016786571,1.8782303196820076,2.0654073880148975,0.0027018682577700723,0.005655289260765416,0.005860974473984232,3.1041768943451453,79.54231974921618,557.8857142857129
2025-12-09 16:30:00+00:00,94203.6,False,not_opened,,,,,,,,,,7,0.9038097242685809,0.9038097242685809,1.8940926714042203,2.044870837603402,0.002997692866211565,0.01026801779869171,0.005450959411317614,2.6702714077600325,83.61863449783999,640.6499999999984
2025-12-09 18:15:00+00:00,94064.6,True,loser,2025-12-09 20:15:00+00:00,93312.08320000001,stop_loss,8,100.0,-0.007999999999999974,0.07968,-0.7999999999999974,-0.8796799999999974,5,0.5405109489051307,0.7667883211679044,0.4733359821721644,1.358339185130953,0.0014797053401188153,0.0208264070988201,0.0006867620762753024,0.5109301355122084,87.98040769871743,649.3928571428551
2025-12-10 09:45:00+00:00,92870.1,True,loser,2025-12-10 10:30:00+00:00,92127.1392,stop_loss,3,100.0,-0.008000000000000007,0.07968,-0.8000000000000007,-0.8796800000000007,7,0.8952380952381288,0.9137085137085305,2.197627957125616,1.0376096328229611,0.00032166375863621757,0.010042596139537356,0.0025734870534219302,3.0953051393944793,65.14390896921003,167.02142857143085
2025-12-10 10:00:00+00:00,92940.4,False,not_opened,,,,,,,,,,4,0.14700354980161837,0.2931718521611942,2.735242882028664,1.1906987509903937,0.0003628469546522024,0.010260086758360277,0.00043468717586748264,4.306542055579887,63.122952996370586,191.0714285714296
2025-12-10 16:00:00+00:00,92193.2,True,winner,2025-12-10 20:00:00+00:00,93299.5184,take_profit,16,100.0,0.012000000000000042,0.08048000000000001,1.2000000000000042,1.119520000000004,6,0.460381412839089,0.9304324469513604,1.3345999426441284,1.0292065318088344,0.00016383933733341762,0.003317098763137216,0.001023936689473781,1.2771429122830866,60.61417101000129,277.34285714285426
2025-12-10 16:15:00+00:00,92441.7,False,not_opened,,,,,,,,,,6,0.5524444444444251,0.7055555555555556,1.5189617052876878,1.0744010948708764,0.00040385432275205207,0.0036369251577182946,0.00240800417993169,2.0004203760696067,65.2238805970148,292.42857142856934
2025-12-10 18:30:00+00:00,92531.4,False,not_opened,,,,,,,,,,5,0.39933285680247727,0.44174410293065397,2.548153544920528,1.2401730322588793,0.00034739709714077047,0.004618879248546358,0.0007500156703561622,3.2721541800575173,62.19710027375054,353.75714285714224
2025-12-10 20:00:00+00:00,94217.5,False,not_opened,,,,,,,,,,7,0.7906356137797207,0.987142163998061,2.92410417387141,1.776309081392569,0.001837339201763338,0.007522716005597866,0.011245256985167299,3.018539895194111,74.20622766717726,653.2928571428586
2025-12-11 18:30:00+00:00,91108.0,True,winner,2025-12-11 21:00:00+00:00,92201.296,take_profit,10,100.0,0.012000000000000025,0.08048,1.2000000000000024,1.1195200000000023,6,0.9482057416267908,1.0,1.6852120625705544,1.2068404632600611,0.0011628077589568814,-0.009929309339798962,0.007222197831145453,1.708600900897217,64.76402696834646,484.9214285714282
2025-12-11 20:30:00+00:00,91535.4,False,not_opened,,,,,,,,,,6,0.8204454067429743,0.8727188369934983,1.2894734218109534,1.03540890472774,0.0010134990228604463,-0.003894256669648869,0.0009930584232984636,1.6285400286768497,68.99125235300616,511.3499999999975
2025-12-11 20:45:00+00:00,91740.9,False,not_opened,,,,,,,,,,4,0.46140035906640164,0.8536804308796885,0.8845481975544041,1.0247141836242204,0.001128255009844602,-0.002836493872593414,0.0013429124850529819,1.1689633995792132,68.89619477086416,511.08571428571304
2025-12-11 21:00:00+00:00,92416.4,False,not_opened,,,,,,,,,,6,0.731139733737422,0.8353717934841359,1.7806173089339166,1.10167534118267,0.00170946543533527,-0.0012568789711735464,0.00660380625083847,2.5439075048563353,73.03772745731243,555.3285714285697
2025-12-11 21:15:00+00:00,93254.7,True,loser,2025-12-11 22:15:00+00:00,92508.6624,stop_loss,4,100.0,-0.007999999999999959,0.07968,-0.7999999999999958,-0.8796799999999958,7,1.0,1.0,1.5446697561290292,1.1691851110786626,0.0023888851805115912,0.0009061135622533618,0.007358342260497295,2.756068730045823,78.07324706081353,597.6928571428559
2025-12-12 09:45:00+00:00,92481.7,True,loser,2025-12-12 15:15:00+00:00,91741.8464,stop_loss,22,100.0,-0.008000000000000024,0.07968,-0.8000000000000025,-0.8796800000000025,7,0.8510956175298754,0.9106075697210951,2.0170768458061494,0.9712236241370893,0.0002049085504447898,0.008052074997485668,0.0014283906978352612,1.3339079366050308,47.0795646175073,186.36428571428613
2025-12-12 10:00:00+00:00,92521.9,False,not_opened,,,,,,,,,,3,0.25885383129424555,0.49710238248548383,0.8123234647975838,1.0053104552061123,0.00022669306283844875,0.008171499812826994,4.647548310171277e-05,1.4619638483028419,49.77182841496805,190.45714285714348
2025-12-12 14:30:00+00:00,92408.4,False,not_opened,,,,,,,,,,5,0.45328671328670106,0.7795804195804115,3.64164204950601,1.1753235205742878,0.00015368289821966253,0.006368495583657732,0.00047614719008228694,5.584734044299798,51.68437237908855,205.35714285713973
2025-12-16 15:45:00+00:00,87936.3,True,loser,2025-12-16 17:15:00+00:00,87232.80960000001,stop_loss,6,100.0,-0.007999999999999945,0.07968,-0.7999999999999945,-0.8796799999999945,6,0.6852201257861604,0.7823899371069274,2.067709913737045,1.5211159390342937,0.001041543637486009,-0.006010202752392983,0.005598370638746489,2.467328159498164,63.72516556291377,559.9928571428578
2025-12-17 13:30:00+00:00,87329.3,True,winner,2025-12-17 14:45:00+00:00,88377.2516,take_profit,5,100.0,0.012000000000000002,0.08048,1.2000000000000002,1.11952,5,0.7962747380675576,0.8993015133876829,1.2946739765255248,1.0720138389483969,0.0005480049198988052,-0.004928213992433703,0.00013397565307402085,1.3447518270922734,66.86735193343128,273.1142857142851
2025-12-17 13:45:00+00:00,87579.0,False,not_opened,,,,,,,,,,4,0.46965996618447986,0.5124929551005099,1.8785622275943736,1.1490867217943472,0.0007659374936996722,-0.004179351646450989,0.0024560682355359827,3.486704480424128,73.85163855752107,295.0928571428563
2025-12-17 14:45:00+00:00,89633.9,False,not_opened,,,,,,,,,,7,0.8488072965388183,0.9878391019644482,5.965540493408057,1.7439851293861555,0.002691850598513983,3.957528659737763e-05,0.019567373504890385,7.793227274899131,83.92292070089283,485.192857142858
2025-12-17 15:00:00+00:00,90153.2,True,loser,2025-12-17 15:30:00+00:00,89431.97439999999,stop_loss,2,100.0,-0.008000000000000057,0.07968,-0.8000000000000057,-0.8796800000000057,6,0.524126791843329,0.7880072683222271,2.1834051510375736,1.859857794943821,0.0029700450005845677,0.002698697601128887,0.005414117302547123,4.977264345017683,85.36323178466252,544.8214285714286
2025-12-18 09:30:00+00:00,87327.9,True,winner,2025-12-18 13:30:00+00:00,88375.8348,take_profit,16,100.0,0.012000000000000031,0.08048,1.200000000000003,1.1195200000000032,6,0.9447543160690494,0.9447543160690494,1.8598103141671525,1.0085028391833215,0.0006648004106292891,-0.0014078372976718432,0.003023088841023316,2.6053900751098067,73.42685370741528,208.11428571428613
2025-12-18 13:00:00+00:00,87862.2,False,not_opened,,,,,,,,,,7,0.8508875739644856,0.8508875739644856,3.2715305859072346,1.1177267818193406,0.0008387623270586451,0.00245046578550668,0.005298069021718099,4.387228342151632,64.46008119079835,226.20714285714453
2025-12-18 13:30:00+00:00,88727.5,False,not_opened,,,,,,,,,,7,0.9242473821989596,0.924329188481675,4.229026120048403,1.51346478720502,0.0016357524820549846,0.004257830116117877,0.008474261080273807,7.148082756981724,73.15638033041282,319.000000000001
2025-12-18 15:30:00+00:00,89041.9,True,loser,2025-12-18 16:00:00+00:00,88329.5648,stop_loss,2,100.0,-0.008000000000000014,0.07968,-0.8000000000000015,-0.8796800000000015,6,0.4497465812374387,0.7216218800803226,1.8260558276798387,2.0906669241974227,0.0012978471520663632,0.009691369832047065,0.0043372839079129834,2.1974738215547642,66.15482616421367,742.2285714285701
2025-12-19 03:15:00+00:00,87112.8,True,winner,2025-12-19 07:00:00+00:00,88158.1536,take_profit,15,100.0,0.012000000000000026,0.08048000000000001,1.2000000000000026,1.1195200000000025,6,0.6463192721257309,0.9899090157154697,3.585887796414109,1.1508937643148647,0.0017147724940498087,-0.010341241753148272,0.00767740217281505,4.212698811828265,76.16651272414562,381.8928571428561
2025-12-19 14:30:00+00:00,88479.0,True,loser,2025-12-19 15:45:00+00:00,87771.168,stop_loss,5,100.0,-0.007999999999999941,0.07968,-0.7999999999999942,-0.8796799999999941,6,0.4321746880570358,0.8832442067736186,3.7206526064464978,1.241576458682534,0.0005392256480173473,0.011331226859448365,0.0015890776342409592,5.713683576839536,55.32625189681326,325.1214285714263
2025-12-19 15:00:00+00:00,88724.1,False,not_opened,,,,,,,,,,7,0.6685386819484274,0.9157593123209169,2.444662370411895,1.5076828600798315,0.0007378567397257759,0.011846426552758724,0.0012860091001205515,2.1127108507899175,59.398346844698686,403.3428571428553
2025-12-20 08:00:00+00:00,88272.0,True,loser,2025-12-20 14:00:00+00:00,88050.0,max_holding,24,100.0,-0.002514953779227841,0.07989940184883088,-0.2514953779227841,-0.33139477977161497,3,0.27586206896551724,0.27672413793108463,0.9925133689839449,1.0189234613306526,4.431282119371153e-05,0.007781204155435756,3.851731013225235e-05,1.1017962224947786,51.990911058212674,121.90000000000249
2025-12-21 08:30:00+00:00,88579.0,True,loser,2025-12-21 13:30:00+00:00,87870.368,stop_loss,20,100.0,-0.007999999999999976,0.07968,-0.7999999999999976,-0.8796799999999976,7,0.6613797057137472,0.7129753487483351,5.584845250800501,1.1717074756732815,0.0005118256024414813,0.002496883651234968,0.0038519287867327143,8.904158265348226,79.03600464576074,108.11428571428405
2025-12-21 09:30:00+00:00,88807.7,False,not_opened,,,,,,,,,,5,0.6441041347626429,0.6462480857580398,2.4688090737240347,1.6959321536917429,0.000584075463708826,0.00405030231964154,0.00018692072872049687,2.470017989947881,76.7706302794028,161.12142857142732
2025-12-21 12:15:00+00:00,88794.6,False,not_opened,,,,,,,,,,4,0.4309455587393217,0.47679083094562547,0.9430903096795136,1.1917735496963076,0.00027877551390754406,0.005945514018889256,0.0005608449162449395,0.9562372459812011,62.948857453754826,185.20714285714243
2025-12-22 00:00:00+00:00,89450.0,True,loser,2025-12-22 00:45:00+00:00,88734.4,stop_loss,3,100.0,-0.008000000000000064,0.07968,-0.8000000000000065,-0.8796800000000065,7,0.9998793436293366,1.0,4.057673006780763,1.293539420091235,0.0011732594289275771,0.003750608685347383,0.009250978200111793,7.429622677025987,82.50230589767348,227.1857142857147
2025-12-22 03:15:00+00:00,88732.8,True,winner,2025-12-22 08:15:00+00:00,89797.59360000001,take_profit,20,100.0,0.01200000000000005,0.08048,1.200000000000005,1.119520000000005,5,0.655852842809384,0.687959866220726,0.7492795389049018,1.478127197895944,0.00020210362959803424,0.00427296046567963,0.0013805492444732951,0.7186675839926611,51.43121197340384,481.1214285714273
2025-12-22 09:45:00+00:00,89785.3,True,loser,2025-12-22 15:45:00+00:00,89688.5,max_holding,24,100.0,-0.0010781274885755564,0.07995687490045698,-0.10781274885755565,-0.18776962375801265,6,0.8389237007003442,0.9531883523774531,1.079929941883624,1.2557223827994124,0.0006416344859154935,0.009418837391937348,0.0010658760398416789,0.8428469380476196,72.73987157573785,282.2357142857145
2025-12-22 16:15:00+00:00,90034.9,True,loser,2025-12-22 17:00:00+00:00,89314.62079999999,stop_loss,3,100.0,-0.00800000000000005,0.07968,-0.800000000000005,-0.879680000000005,6,0.82921348314603,0.8295345104333681,0.7638735623727897,1.3957309623393659,0.00029811804605270423,0.011693370505131395,0.0012006455274564782,0.504643189933907,47.28345358153616,447.16428571428594
2025-12-25 01:15:00+00:00,87675.1,True,winner,2025-12-25 07:15:00+00:00,87763.8,max_holding,24,100.0,0.0010116897499974004,0.0800404675899999,0.10116897499974004,0.021128507409740135,4,0.30478759271753714,0.7370195549561751,0.984760450214167,1.18605474098805,7.861206612655466e-05,7.331166452125878e-05,3.877953945885127e-05,0.7282625991348256,50.951317552478926,165.19285714285797
2025-12-25 15:00:00+00:00,87734.2,True,winner,2025-12-25 21:00:00+00:00,87944.7,max_holding,24,100.0,0.002399292408205694,0.08009597169632823,0.2399292408205694,0.15983326912424117,2,0.510785159620363,0.6048317515098773,0.9624247456922855,0.9824776910947479,0.00019962377069688588,-0.0004138516341704878,3.761361019993241e-05,1.7668770556886622,65.28589580686122,118.82857142857185
2025-12-25 15:15:00+00:00,88035.6,False,not_opened,,,,,,,,,,5,0.5838015888393713,0.6310792482077271,3.650058347183433,1.2190753353611328,0.0005060522077963663,4.485014460996419e-05,0.0029033709090414083,5.170482124203965,75.48148148148223,149.00714285714326
2025-12-25 15:30:00+00:00,88475.9,False,not_opened,,,,,,,,,,7,0.7132209980557342,0.9317887232663544,3.774577255909206,1.4909007799331462,0.0009295302773324108,0.0008765980725221557,0.0028244979706337453,6.1504138132408315,84.68231485228688,186.37857142857163
2025-12-25 18:00:00+00:00,88264.7,False,not_opened,,,,,,,,,,6,0.9088948787061524,0.9088948787061524,0.8240049751243765,1.4122448505452856,0.00033446596167028566,0.003564287219747245,0.0010377874733612789,0.6545054276788101,68.50771495556411,260.5142857142855
2025-12-26 02:00:00+00:00,88171.7,True,winner,2025-12-26 02:15:00+00:00,89229.7604,take_profit,1,100.0,0.012000000000000025,0.08048,1.2000000000000024,1.1195200000000023,6,0.9705736894164159,0.9831849653808039,3.1948806067429216,1.5587041331380658,0.0008002275968012743,-0.0018741159132402965,0.007878945285165162,2.298876553005088,60.540360240159885,316.63571428571385
2025-12-26 02:15:00+00:00,89000.0,False,not_opened,,,,,,,,,,6,0.736659551760936,0.736659551760936,3.6710906508644214,1.7125349673637937,0.0016036335603749965,-0.00040210987703143516,0.009153932584269631,7.325453371161937,71.96780811109366,367.3142857142853
2025-12-26 04:30:00+00:00,88986.8,True,loser,2025-12-26 10:30:00+00:00,88712.7,max_holding,24,100.0,-0.003080232124315132,0.0798767907150274,-0.3080232124315132,-0.3879000031465406,6,0.8074771108850518,0.807731434384558,1.1841411814307772,1.138916611189564,0.0007350771620382316,0.0065384193598107265,0.0015373066567176581,0.6353566627517898,79.35370470524633,347.6571428571427
2025-12-27 22:00:00+00:00,87823.9,True,loser,2025-12-28 04:00:00+00:00,87770.7,max_holding,24,100.0,-0.0006057576582228424,0.0799757696936711,-0.060575765822284244,-0.14055153551595534,6,0.6620416253716422,0.7885695407994694,5.318457348677924,1.1849994122026715,0.0003185123307186317,-0.0009294604630945209,0.002173667987871117,7.0763520105956745,84.35852372583383,64.79999999999875
2025-12-27 23:45:00+00:00,87829.4,False,not_opened,,,,,,,,,,4,0.5926391947153118,0.5989304812834151,3.130477597242703,1.8242382264145336,0.00027886969494418147,-0.00047727015215723003,0.001722657788849615,3.868509742992414,67.63557483731032,123.22142857142899
2025-12-28 08:30:00+00:00,87805.0,True,winner,2025-12-28 14:30:00+00:00,87963.6,max_holding,24,100.0,0.0018062752690621929,0.08007225101076249,0.18062752690621928,0.10055527589545679,4,0.2600536193029327,0.3610366398570235,2.99538245332263,1.035822183858479,0.00011519265449358215,0.0005127051261936303,0.0002528329821763805,2.8579824877543545,62.061512884456015,72.85714285714494
2025-12-28 17:00:00+00:00,87872.4,True,loser,2025-12-28 23:00:00+00:00,87661.6,max_holding,24,100.0,-0.002398932998301951,0.07990404268006793,-0.2398932998301951,-0.31979734251026304,5,1.0,1.0,0.9833971902936817,1.0664867488133785,3.9887190476802936e-05,0.0014040408670578045,7.624692167275606e-05,0.7701620757559933,49.162428956026694,96.53571428571429
2025-12-28 22:45:00+00:00,87868.7,False,not_opened,,,,,,,,,,6,0.7178834182229804,0.7178834182229804,2.615646510250867,1.0330631673742396,0.00029723828093334393,-0.0008200216294404575,0.001980227316439187,2.111365970632362,71.0303961373849,120.44999999999916
2025-12-29 00:15:00+00:00,87983.1,True,winner,2025-12-29 02:00:00+00:00,89038.8972,take_profit,7,100.0,0.012000000000000009,0.08048,1.2000000000000008,1.119520000000001,5,0.5035196687370841,0.8472049689441234,1.6333017719464453,1.2787390082018668,0.0003187564806750798,0.00019129305531407533,0.0003159697714675081,1.6262198934125929,71.28404013152348,165.20714285714243
2025-12-29 00:30:00+00:00,88148.9,False,not_opened,,,,,,,,,,5,0.48408759124084194,0.5328467153284672,2.156665197405717,1.372391761652863,0.0004669903954087849,0.0006072337713715265,0.0014622984518240635,5.036973151210324,74.06533160740082,181.50714285714326
2025-12-29 02:00:00+00:00,89240.1,False,not_opened,,,,,,,,,,7,0.9647390691114247,0.9648566055477268,3.46685139154884,1.8459369496189015,0.0013942982207780646,0.0035281116459016664,0.008623925791208277,6.897628415167174,79.55264593562508,309.5642857142853
2025-12-29 03:00:00+00:00,89460.1,True,loser,2025-12-29 09:00:00+00:00,89470.7,max_holding,24,100.0,0.0001184885775892411,0.08000473954310358,0.01184885775892411,-0.06815588178417947,7,0.7817666509210986,0.9704770902220129,1.4070184766715677,1.6221848751036514,0.0012022569898000404,0.007132640312074216,0.0010228023442853294,1.336380506807875,80.90048963663808,337.4857142857155
2025-12-29 03:30:00+00:00,89957.9,False,not_opened,,,,,,,,,,7,0.9243621990657467,0.9243621990657467,1.718139865104734,1.567720878438041,0.0015074172809893237,0.009246046211069564,0.005256903507084917,2.2289031596921047,84.3712083948183,364.0214285714309
2025-12-29 03:45:00+00:00,90091.6,False,not_opened,,,,,,,,,,5,0.3707709373267041,0.8200221852468299,1.1118819666065525,1.5217559395721123,0.0015031673411171674,0.010486580741235402,0.0010167429593880653,1.6348996536818936,84.43348466538151,372.52857142857414
2025-12-29 04:30:00+00:00,90186.3,False,not_opened,,,,,,,,,,3,0.3726742571507924,0.4804221049708531,1.0829423794057176,1.3162630627718583,0.001221999666722342,0.013451387162150023,6.985539932343283e-05,0.9103713386891111,88.80524439001458,366.4857142857166
2025-12-30 09:45:00+00:00,87954.7,True,winner,2025-12-30 15:00:00+00:00,89010.15639999999,take_profit,21,100.0,0.01199999999999995,0.08048,1.199999999999995,1.1195199999999952,5,0.6307477937761313,0.7895959126799708,1.2341291450517422,1.2500514660789723,0.00042079417286291625,-0.0015262702955829276,0.000758344920737574,1.084225527333662,71.8468468468472,206.02142857142877
2025-12-30 14:45:00+00:00,88831.4,False,not_opened,,,,,,,,,,7,0.7836032388663938,0.853340080971651,4.221139878663607,1.3337405518435403,0.0009495902082515394,0.0026888987494701703,0.005044387457588098,6.1106589361831904,79.70460911637367,254.22142857142794
2025-12-30 16:15:00+00:00,89167.1,True,loser,2025-12-30 17:15:00+00:00,88453.7632,stop_loss,4,100.0,-0.00800000000000005,0.07968,-0.800000000000005,-0.879680000000005,4,0.5514330148855997,0.5825372139524734,1.3889831816077944,1.7607906413876626,0.0009308662530264692,0.005956262287685959,0.00046093233939430373,1.9834623985969748,71.25267084344338,405.32142857142856
2025-12-31 03:00:00+00:00,88724.9,True,loser,2025-12-31 09:00:00+00:00,88514.4,max_holding,24,100.0,-0.0023725019695711126,0.07990509992121715,-0.23725019695711125,-0.3171552968783284,3,0.570380253502357,0.6324216144095532,0.9237405638576174,1.1176596189212378,0.0002765685026122033,0.005159979744328633,0.0001059454561233,1.3914186565711057,59.81775168667244,173.85714285714286
2025-12-31 09:30:00+00:00,88616.6,True,loser,2025-12-31 15:00:00+00:00,87907.66720000001,stop_loss,22,100.0,-0.007999999999999945,0.07968,-0.7999999999999944,-0.8796799999999944,5,0.5405904059041418,0.7130996309963751,1.0132261531989935,0.9222392480119269,0.00013468922119910524,0.004160558735764549,0.0005315031269537063,1.062494951157453,58.259325044405585,108.7642857142855
2025-12-31 10:00:00+00:00,88753.0,False,not_opened,,,,,,,,,,7,0.782991202346041,0.782991202346041,1.5989871518334384,1.0018114912928562,0.0002561565994777868,0.004411936894249169,0.0008303944655391602,2.1247831708822496,65.82953661517924,113.37142857142837
2025-12-31 11:30:00+00:00,88982.2,False,not_opened,,,,,,,,,,6,0.5402010050251355,0.9641959798995151,1.281133062406943,1.2077982917171959,0.00036567764255249186,0.005485518895091607,0.0007383499171744135,1.9799865064692581,66.39602151628897,134.43571428571263
2025-12-31 13:45:00+00:00,88954.4,False,not_opened,,,,,,,,,,7,0.6899758870133874,0.7564588356871824,2.1175097560086327,1.106487079267785,0.000217693606522556,0.005945971268925476,0.0010319894237945325,1.6608835568785536,63.77305297779885,140.53571428571428
2025-12-31 14:00:00+00:00,89099.3,False,not_opened,,,,,,,,,,6,0.46119592875316784,0.7026081424936469,2.1714956659875613,1.1947594297676498,0.00035152394115276175,0.006192031364907214,0.0008327787086991377,2.3578773185065898,69.84868487864375,154.50714285714432
