timestamp,entry_price,trade_opened,trade_result,gross_pnl,net_pnl,exit_reason,holding_candles,quality_score,body_to_range,close_location_value,range_expansion_ratio,atr_expansion_ratio,ema20_slope_pct,ema_alignment_strength,breakout_distance_pct,volume_ratio,rsi14,atr14
2025-01-01 12:15:00+00:00,93854.7,True,winner,0.003505418481972722,0.003505418481972722,max_holding,24,6.0,0.7934366453965307,0.7936189608021931,2.645923781958477,2.054472001498241,0.00041550455756000915,-0.0014914618406159184,0.0017333334756430804,2.07903213757186,64.06779661016924,266.97857142857225
2025-01-01 14:00:00+00:00,94220.2,False,not_opened,,,,,5.0,0.517249310027582,0.5174793008279635,2.097443318861538,1.7979678638941565,0.0006122642182007088,0.00037828869178736975,0.0019652173543155335,2.819000224619176,73.27647476901201,241.8285714285708
2025-01-01 15:45:00+00:00,94409.9,False,not_opened,,,,,6.0,0.6564417177913763,0.7127390833633918,1.0303030303030631,0.9327723010339221,0.0005665099688214603,0.0024732148872436376,0.0017433174599131244,1.2754409717043558,63.056156523375165,297.07142857142856
2025-01-01 21:15:00+00:00,94940.9,True,winner,0.0012312923092157035,0.0012312923092157035,max_holding,24,4.0,0.45888348390083994,0.4896919156821765,2.0513186029935997,1.855178341211855,0.0005555888745325532,0.006711290583967987,0.00046260682634850607,2.4953947502403646,80.98271155595978,232.69999999999916
2025-01-02 00:15:00+00:00,94913.9,False,not_opened,,,,,5.0,0.4655827201518937,0.6604557322572943,3.6531541296336463,2.9773100123671954,0.0002893540207533629,0.007797480564642573,0.0018355499261135126,2.966872945343974,53.438731469318675,283.00714285714326
2025-01-02 02:45:00+00:00,95222.7,False,not_opened,,,,,5.0,0.9995327102803466,0.9995327102803466,0.7130956347884073,0.6168416718138787,0.00034438793712743276,0.00933456468003745,0.0009218479003521005,0.7953841170465977,65.61609040485195,346.92857142857036
2025-01-02 14:30:00+00:00,96797.5,True,loser,-0.008000000000000007,-0.008000000000000007,stop_loss,6,5.0,0.28951939779965397,0.4685251054677781,4.8814859681002325,3.6609560891196016,0.0003017011008501491,0.01760777623930523,0.001527161435242104,5.2909667029773795,51.74739064149191,330.2142857142857
2025-01-02 16:15:00+00:00,97363.1,True,loser,-0.008000000000000007,-0.008000000000000007,stop_loss,5,7.0,0.9704983388704358,0.979534883720938,2.3236066079974877,1.45196190581198,0.0007672661419217963,0.01755045262323879,0.0067188277103563095,1.9304730822067826,58.01756285336235,518.2642857142865
2025-01-02 16:30:00+00:00,97410.7,False,not_opened,,,,,2.0,0.1282397408207313,0.5272678185745094,1.0500354358611161,0.7051112954326191,0.0007405611815218816,0.01802540253271527,0.00033066847404711607,1.5371495081666604,60.15824710894687,525.3071428571441
2025-01-02 18:45:00+00:00,97288.4,True,loser,-0.005021153601045936,-0.005021153601045936,max_holding,24,5.0,0.6635431918008529,0.8532942898974939,0.6494864967668369,0.637092905495442,0.00042405198628725493,0.01796212812855017,0.0019402677651904653,0.4341819905075221,59.339035548861816,536.028571428572
2025-01-03 09:30:00+00:00,96590.1,True,winner,0.008241010207050259,0.008241010207050259,max_holding,24,5.0,0.5665183987060752,0.7399919126567271,1.2060473055352041,1.2255141410923032,9.633804164987936e-05,0.0062967552780132455,0.000657849753332242,1.1378168319604889,42.37486203986249,201.79285714285547
2025-01-03 11:15:00+00:00,96703.5,False,not_opened,,,,,7.0,0.7331859804231109,0.7331859804231109,1.6904190018681589,1.669981167608271,0.00021787957496455235,0.005888872988061528,0.0009688448078303138,1.2138461521448973,63.33312589457943,189.64285714285714
2025-01-03 14:00:00+00:00,96735.9,False,not_opened,,,,,6.0,0.6814536340851984,0.6814536340851984,2.2839152833429117,2.012610340479182,0.00016028222485653387,0.0059992643627275076,0.0005988953019300583,1.5435334373302074,61.032828661370274,198.25000000000105
2025-01-03 14:15:00+00:00,97037.5,False,not_opened,,,,,7.0,0.6545138888888974,0.8567708333333343,2.6376645678306274,2.0559627764675903,0.00044237626233645244,0.006315435770796993,0.0018015134777985401,2.550620625799237,68.17068691073891,224.12857142857268
2025-01-03 14:30:00+00:00,97204.9,False,not_opened,,,,,6.0,0.2208151958844386,0.8468539770478763,4.339439038351565,2.7743099121706467,0.0005650542047879181,0.006744861952014558,0.0010442466028515365,4.448742783925092,70.68177973270221,273.2571428571443
2025-01-03 16:15:00+00:00,98023.9,True,winner,0.004061254449170049,0.004061254449170049,max_holding,24,5.0,0.5055987202925063,0.5439899451553849,2.7517685898443296,1.9320088300220686,0.0010301263893146562,0.009708614262024812,0.003443634037108066,3.6367113849209742,80.23440518610795,453.0
2025-01-03 18:00:00+00:00,98272.9,False,not_opened,,,,,4.0,0.865134563048061,0.961294224372534,0.848819301848045,0.7692486624796426,0.0007556964555093248,0.013427857161872392,0.00013332003525339222,0.46254439047140955,71.83691829557542,429.89999999999833
2025-01-03 18:15:00+00:00,98432.8,False,not_opened,,,,,5.0,0.6981214504150589,0.9598077763215495,0.5875256673511167,0.5625658310511794,0.0008392827805479008,0.014017681648235445,0.0014966571942816283,0.5196909680573478,80.84190990383007,406.8857142857118
2025-01-04 02:30:00+00:00,98106.5,True,loser,-0.00011314235040493781,-0.00011314235040493781,max_holding,24,7.0,0.7614473262888626,0.8770413064361332,1.8762391108440601,1.8519993222636024,6.122943473263476e-05,0.012528991997704679,0.0005466436994724871,1.2394375816709817,44.27446365529094,168.6285714285685
2025-01-04 02:45:00+00:00,98267.4,False,not_opened,,,,,6.0,0.9686935580974626,0.9686935580974626,0.9904591532499029,0.9979829191880688,0.00021168117854464263,0.012573159783380633,0.001248154514396571,1.2932705310390282,59.69326843603614,166.43571428571158
2025-01-04 17:30:00+00:00,97843.3,True,winner,0.0033860264320602074,0.0033860264320602074,max_holding,24,6.0,0.6288056206089397,0.7599531615925099,1.1390463487829692,0.9420849420849537,7.08256498533899e-05,0.0048504817384843885,0.000528675264542119,0.5049513843786158,50.78719264107567,181.30000000000084
2025-01-04 17:45:00+00:00,97982.5,False,not_opened,,,,,7.0,0.6959999999999854,0.8225,1.2511729746637588,1.1011916466747895,0.0001996605906868787,0.004973822379602052,0.0010032252363248967,0.933831724622095,51.61739130434771,181.6214285714294
2025-01-04 18:00:00+00:00,98028.9,False,not_opened,,,,,3.0,0.3589147286820803,0.8364341085270867,0.8070065686581244,0.719464584495256,0.00022579514028819858,0.005123727117297146,0.0001112040645595113,0.7311885495094644,50.70435013732588,179.30000000000084
2025-01-04 20:30:00+00:00,98500.1,False,not_opened,,,,,4.0,0.2791151594014461,0.4733246584255132,1.8698296836982449,1.683790445635541,0.0004712476488684114,0.006742506778524982,0.00022238424341639807,2.4314279492054562,87.95229026761578,182.56428571428737
2025-01-05 06:45:00+00:00,98413.0,True,loser,-0.008000000000000007,-0.008000000000000007,stop_loss,12,5.0,0.43069306930690726,0.64356435643567,1.5495890410957032,1.0812168878692956,0.0001354853294213143,0.006079295425895998,0.0005042525980192412,1.2234579234454863,64.25096793408167,130.7785714285731
2025-01-05 13:15:00+00:00,97925.0,True,winner,0.0009721725810569737,0.0009721725810569737,max_holding,24,4.0,0.8686473807663087,0.9765441751368246,0.993783993783971,0.8547832728661106,0.00013711536892757614,0.000818752261731186,5.1062091503267975e-05,0.9725075257037379,68.3425547269667,149.6285714285706
2025-01-05 14:45:00+00:00,97811.1,False,not_opened,,,,,5.0,0.5978189028420818,0.5981493721084111,1.7552204176333452,1.4778483220539707,8.058615834349858e-05,0.00022498469283237623,0.0006834158104360347,1.8472823930665134,54.71255673222413,204.7571428571412
2025-01-05 15:30:00+00:00,98031.2,False,not_opened,,,,,4.0,0.43617021276594137,0.43617021276594137,1.969844109379022,1.6221514040045537,0.00027235857708030053,0.0005997435889412985,0.000449038241729532,2.5886460136546345,61.562822719449024,237.58571428571304
2025-01-05 22:15:00+00:00,98525.2,True,winner,0.007050987970590228,0.007050987970590228,max_holding,24,5.0,0.9124934106483602,0.9430680021085763,1.0806038165764842,0.9885356956748241,0.00035391586377864215,0.003936584785290687,0.0002558375634517471,0.5207941949103646,70.07375537799676,191.89999999999833
2025-01-05 22:30:00+00:00,98611.0,False,not_opened,,,,,5.0,0.3518062397372749,0.44827586206896963,1.3876388493306597,1.251614797416298,0.00040331250475178493,0.0042536760318167294,0.0007611431355037752,1.3560957597234158,69.47718154463429,194.6285714285685
2025-01-06 01:45:00+00:00,98735.7,False,not_opened,,,,,7.0,0.7685142769888645,0.9018170713085915,2.740167364016712,2.256108664091119,0.0004459865114805339,0.004418310822532376,0.00419126232155852,2.5643903997492843,56.04919822978334,290.27857142857204
2025-01-06 02:00:00+00:00,99000.0,False,not_opened,,,,,5.0,0.43549184379635103,0.54193442082715,2.4985590778097593,1.9191814239248048,0.0006593488409758486,0.004949071241265476,0.0020242914979757085,4.889074727062592,60.13865721434532,316.22857142857225
2025-01-06 03:30:00+00:00,99084.5,False,not_opened,,,,,2.0,0.08302872062660145,0.29138381201045904,0.7339977002682979,0.5609021297962272,0.00048571506548378274,0.00682623627627618,9.588695432752965e-05,0.7806729532928346,65.17236680746701,341.41428571428486
2025-01-06 04:00:00+00:00,99244.6,False,not_opened,,,,,4.0,0.9041509433962484,0.9041509433962484,1.0196229318968777,0.8369050304534204,0.0005591136027358612,0.007497433921093496,0.0002459176659592375,0.8849955771352938,67.42704480065741,316.6428571428561
2025-01-06 08:00:00+00:00,99524.8,True,loser,-0.007999999999999896,-0.007999999999999896,stop_loss,10,7.0,0.7420430433464905,0.7720521370112203,1.3564967105263082,1.2519924098671606,0.00026053101759471176,0.010936228941506655,0.0013230268036175477,0.9881126880118805,60.1739997783442,263.4999999999979
2025-01-06 11:15:00+00:00,99200.5,True,winner,0.01200000000000001,0.01200000000000001,take_profit,14,7.0,0.6108726752503576,0.7951359084406128,1.46756246063409,1.3818910980569465,0.00014935986846387195,0.007771336761236782,0.001960479322548904,1.7023833287084738,48.07850340793733,252.91428571428384
2025-01-06 13:45:00+00:00,99452.5,False,not_opened,,,,,6.0,0.588406564319749,0.7853361566966511,1.4680396347386608,1.3270441829540671,0.00025996855206256164,0.00827324023174663,0.0009883819824607197,1.0981780805565116,61.598523566155386,284.692857142858
2025-01-06 14:45:00+00:00,100702.1,False,not_opened,,,,,6.0,0.6888699602498614,0.6888699602498614,5.950329447541873,3.802575769260413,0.0014225324700927189,0.00921689974504619,0.010557952834922286,7.450470183974103,71.36718082987078,463.10714285714494
2025-01-06 15:15:00+00:00,101640.3,True,winner,0.0036402883501918115,0.0036402883501918115,max_holding,24,7.0,0.6055578598092054,0.9589381999170511,2.1016998401860096,1.329874973733979,0.0020128679199751254,0.01224583444599059,0.0038548148148148434,2.2800037995115017,77.36706456863801,543.885714285716
2025-01-06 15:30:00+00:00,101930.0,False,not_opened,,,,,5.0,0.8691869186918528,1.0,0.9684730495423756,0.607863060809758,0.0020941402896155203,0.013924527854391803,0.0025572932035015246,2.0214026679725023,77.71420938981757,548.3142857142874
2025-01-06 15:45:00+00:00,102104.5,False,not_opened,,,,,5.0,0.271468574984448,0.47199751088985636,1.7676337137356959,1.12440807146871,0.0020570194847604473,0.015565575704482085,0.001711959187677818,1.9986825610962498,78.13332750862777,571.6785714285725
2025-01-10 07:30:00+00:00,94772.2,True,loser,-0.008000000000000007,-0.008000000000000007,stop_loss,24,6.0,0.6726105563480742,0.7748930099857305,2.7587563951201264,2.3873698550160705,0.0010288039534003257,-0.004771689600644867,0.004748511253197683,3.0569851266315595,78.36767840828395,293.62857142856956
2025-01-10 09:00:00+00:00,94777.6,False,not_opened,,,,,3.0,0.5647607934656101,0.9708284714119026,0.9955469506292578,0.8043351955307497,0.0006428690023465577,-0.0013004502948487495,0.0005827555045059209,0.6750673231801358,66.46904729077654,319.64285714285506
2025-01-10 09:15:00+00:00,94897.0,False,not_opened,,,,,3.0,0.5946215139441855,0.8605577689243048,0.7938327732753715,0.635012423763282,0.000701982109255761,-0.0006618495313232362,0.0011805652998202688,1.0654653950289694,72.50960959570257,316.2142857142847
2025-01-10 10:45:00+00:00,95160.0,False,not_opened,,,,,7.0,0.629952456418398,0.7889593238246275,1.5229283990345674,1.2752688689459162,0.0006774896371644079,0.001979951231845735,0.0021335883248699504,2.0076055577532066,66.64084588868681,296.87857142856956
2025-01-10 17:15:00+00:00,94326.0,True,winner,0.01200000000000001,0.01200000000000001,take_profit,2,5.0,0.9421298938477214,0.9998858577787857,1.145378480847175,1.0003751794336522,0.0004511974079675074,-0.004054678131306639,0.0035214639076546627,0.6089265159098987,55.84387265590926,875.7714285714256
2025-01-10 17:30:00+00:00,94380.7,False,not_opened,,,,,3.0,0.12431818181817521,0.8424999999999934,0.5752385932801662,0.5255748474894428,0.0004635076712979913,-0.0035989353483122668,0.0005788429713514209,0.46077183807333627,52.12464142735548,837.1785714285694
2025-01-10 17:45:00+00:00,95759.2,False,not_opened,,,,,6.0,0.8293225845265325,0.9258212008181909,2.066513333747747,1.8196091923464877,0.0018163149725787253,-0.0019157213356569337,0.013861302276336656,1.8155157588050956,59.33027166709061,913.4928571428557
2025-01-11 11:30:00+00:00,94706.5,True,loser,-0.008000000000000007,-0.008000000000000007,stop_loss,23,6.0,0.7206582936336006,0.7773928107406,1.6551971326163595,1.5935913236381274,0.0003920473583665096,-0.00021551137334330128,0.0008221607186826292,1.6404902730162694,66.57526475037841,144.89285714285612
2025-01-11 14:30:00+00:00,94510.0,False,not_opened,,,,,6.0,0.6716904276985506,0.6720977596741344,1.8044836457184472,1.6622333994293201,0.000113652830068256,0.0002559342042028185,0.001010436945133424,1.4464570431976802,52.58801141769715,147.69285714285692
2025-01-11 16:30:00+00:00,94622.1,False,not_opened,,,,,7.0,0.7882882882882724,0.7983367983368125,1.9493414387031418,1.878207512086305,0.00021266709976597298,0.0004490411989955335,0.0017054657477689821,2.0425615167645876,57.73327652322161,153.6571428571437
2025-01-12 12:00:00+00:00,94384.4,True,winner,0.008171901288772432,0.008171901288772432,max_holding,24,6.0,0.6525297619047332,0.9538690476190156,1.757437070938184,1.4986261001154912,0.00023051375394023133,-0.002006971624565033,0.000794193586011952,1.108513469934383,55.38184004810555,179.36428571428718
2025-01-12 13:15:00+00:00,94597.9,False,not_opened,,,,,4.0,0.44354838709676325,0.6226655348047261,1.4304796599879805,1.3223750150343017,0.0003508460342660502,-0.0009223614215026385,0.001046571921395932,1.247908422604204,79.36873906821415,178.16428571428696
2025-01-12 14:00:00+00:00,94804.8,False,not_opened,,,,,5.0,0.700381679389313,0.7007633587786481,1.207373271889401,1.395154235289632,0.0004767414364315048,-1.3378695054297625e-05,0.0011637411214577926,1.2826761554252601,78.5341339250754,187.7928571428586
2025-01-12 15:15:00+00:00,95222.8,False,not_opened,,,,,7.0,0.7042694868781992,0.7111894503198867,4.238516878804514,3.1652497343251427,0.0007251215338766048,0.0017818592351817055,0.0029206228836543375,3.480347778357293,77.82412998133718,241.97142857143004
2025-01-12 17:00:00+00:00,95108.2,False,not_opened,,,,,3.0,0.46669771774565283,0.6441546343735232,1.0937340804890905,0.8831237513221721,0.0003732000745411135,0.003492168057670592,0.0007249632520440931,0.7032182346422038,67.483370288248,243.11428571428718
2025-01-12 17:30:00+00:00,95199.9,False,not_opened,,,,,5.0,0.5163043478260821,0.8788363171355231,1.5934793683137967,1.2985796044242854,0.00040410832333304114,0.004016084486519869,0.00016074028781954598,0.6954888929159755,61.566836465834726,240.87857142857268
2025-01-12 23:45:00+00:00,94499.9,True,winner,0.01200000000000001,0.01200000000000001,take_profit,3,3.0,0.59348680516565,0.8439079169005936,0.8270257719990364,0.7298112103029027,0.00010538854821495747,-0.0006844766827615172,0.0007328125281290628,0.7043913331979829,43.65605658709093,244.03571428571533
2025-01-13 00:15:00+00:00,95228.7,False,not_opened,,,,,7.0,0.6094934527911846,0.708218470020675,5.390294868818185,3.5795594713655916,0.0008193572375232439,0.00016430368152081664,0.006754428067296835,3.635576477619154,61.61960402466736,324.2857142857153
2025-01-14 08:00:00+00:00,95501.0,True,winner,0.01200000000000001,0.01200000000000001,take_profit,6,7.0,0.8990314448719762,0.8991641236566269,3.5186741363212293,2.997159575072439,0.0006214892200018252,0.010890264573235175,0.00449335148063922,3.9239116407455388,62.75555555555556,251.4714285714269
2025-01-14 09:00:00+00:00,95827.0,False,not_opened,,,,,6.0,0.9038322487346475,0.9954205832730918,1.8962522851919674,1.393517741045509,0.0007526714789725109,0.012331664766655703,0.0003037644875305808,1.9290371587724924,65.81821201677508,297.73571428571034
2025-01-14 09:15:00+00:00,96379.6,False,not_opened,,,,,7.0,0.8132175448925418,0.9205181042095977,2.765723590474353,2.0773128330567414,0.0012336043661762552,0.013229554626566236,0.005746700629977091,4.067527924873381,76.83764063117775,327.0571428571399
2025-01-14 09:30:00+00:00,96739.9,False,not_opened,,,,,6.0,0.5687450670875901,0.8263614838200474,2.3436921938587134,1.7773903284635086,0.0014749430397984487,0.014349835813808755,0.003176278807386516,2.598460367886133,81.52209385810295,356.4214285714261
2025-01-14 09:45:00+00:00,97130.0,True,loser,-0.007999999999999896,-0.007999999999999896,stop_loss,6,5.0,0.5543401051285698,0.6819150447506804,2.3143185927995753,1.7852859653254554,0.0017219242150854353,0.015664628811691946,0.002892104173571742,3.9587751576546655,84.05413271245615,394.2785714285689
2025-01-14 17:45:00+00:00,96481.3,True,winner,0.00034825401399007916,0.00034825401399007916,max_holding,24,5.0,0.7872010628875009,0.958591674047837,0.8167103716430205,0.763049591464823,0.00035016026284195867,0.015528735107459639,0.0024135315691591903,0.6234578601920325,46.9097797774094,591.8357142857141
2025-01-15 01:30:00+00:00,97245.3,True,loser,-0.0004658322818686944,-0.0004658322818686944,max_holding,24,5.0,0.3592315901814363,0.6499466382070438,2.035628937649346,1.5133476384947206,0.0005204838670052059,0.0160966163079019,0.0007594819468671669,2.7043315590438897,68.19943793003188,309.5785714285729
2025-01-15 03:45:00+00:00,97288.7,False,not_opened,,,,,6.0,0.7525773195876134,0.9742268041237115,0.957190538383399,0.9058306521227426,0.000399539089050327,0.01605999499929271,0.0010072969869575534,0.5980901960003493,52.719936928998855,364.08571428571406
2025-01-15 12:30:00+00:00,97047.2,True,winner,0.01200000000000001,0.01200000000000001,take_profit,4,7.0,0.7811468970934754,0.8119402985074673,3.1486519910956985,2.389520540598522,0.00018850581958651524,0.010648906268573533,0.0030199989664616515,1.9197948616774811,45.00806908884701,266.37142857142834
2025-01-15 13:15:00+00:00,97244.5,False,not_opened,,,,,7.0,0.7086186065243665,0.8894482480870013,2.4805194805193826,1.913206197198579,0.00036080044193242955,0.010668986933258493,0.0007986258695091211,2.070790110580018,61.951518870819335,259.56428571428427
2025-01-15 13:30:00+00:00,98457.5,False,not_opened,,,,,7.0,0.8920508860945738,0.8952864181189831,6.7271827850605215,4.055425382354197,0.0015183638724531878,0.011771084545387386,0.011902437219551261,8.922404514651854,75.97054453846673,335.3285714285698
2025-01-15 13:45:00+00:00,98916.1,True,winner,0.009010666615444585,0.009010666615444585,max_holding,24,7.0,0.8193675183133968,0.8500982669287215,2.392391536653074,1.5712452376178074,0.0018216686447996011,0.013200655743770225,0.0032068998041581346,3.0811582671483606,77.99207241318138,356.2142857142836
2025-01-16 15:45:00+00:00,99258.3,True,winner,0.01200000000000001,0.01200000000000001,take_profit,17,7.0,0.885642362671944,0.9854355839252027,2.595799299883321,1.847740190087452,0.0005063129994302695,0.00671570008939878,0.007718938455603189,1.6518211609849247,50.973837209302296,601.9785714285723
2025-01-16 16:00:00+00:00,99366.0,False,not_opened,,,,,5.0,0.1632591246403187,0.33045585339996386,1.4276756756756819,1.0553583048873794,0.0005616955794718326,0.007141732373787007,0.0009216868380097608,2.0614013342743593,50.53526910104116,625.664285714287
2025-01-16 17:30:00+00:00,99956.5,False,not_opened,,,,,3.0,0.2478050528579134,0.3415158573732375,0.9359382860976071,0.8404668423600341,0.000826969784976761,0.009655907566199629,0.0009162369198417864,1.2102731177897526,58.27705266353016,664.0357142857164
2025-01-17 01:30:00+00:00,101616.5,True,loser,-0.008000000000000007,-0.008000000000000007,stop_loss,5,7.0,0.9581401510133812,0.9672142005563652,4.856223866194904,4.034355734544685,0.0015544138210237257,0.014075005442862205,0.013413582124531895,6.441922695565169,75.64631058241578,374.2357142857155
2025-01-17 04:45:00+00:00,101424.9,True,winner,0.008519604160319716,0.008519604160319716,max_holding,24,5.0,0.8104522068778391,0.935282967776852,1.188797682279096,0.829129047260138,0.0005323963568701906,0.018683311479260077,0.0018510927274971644,0.5403066037783484,69.82026092175508,445.4071428571427
2025-01-17 10:15:00+00:00,102190.1,False,not_opened,,,,,6.0,0.7267334074898113,0.8898776418242588,1.0616020468411798,0.9052071346375147,0.00048755903136643575,0.02123545971627517,0.0008834484656695222,1.3560230832479345,70.36279255451859,297.9428571428538
2025-01-17 10:30:00+00:00,102336.3,False,not_opened,,,,,5.0,0.33348540145984074,0.4696624087591347,1.725644558157907,1.4029441345890508,0.0005777946599585526,0.02150843383552101,0.001139700919000037,2.3952943012440926,69.44958847736604,312.48571428571137
2025-01-17 12:00:00+00:00,102486.2,True,winner,0.01200000000000001,0.01200000000000001,take_profit,12,7.0,0.7703591299949311,0.8829033889731827,1.5331523846452233,1.4385654885654782,0.0004908830667997854,0.02220882069892555,0.0007255016262758811,0.8509834682451454,65.3175727203396,274.8571428571408
2025-01-17 12:30:00+00:00,102665.0,False,not_opened,,,,,5.0,0.4165352556882104,0.8220319891867515,1.721209771229175,1.6291189346475337,0.0005688681039579535,0.022623521633137213,0.0002503914192711475,1.4310186102277371,64.8650125696796,272.4785714285702
2025-01-17 14:45:00+00:00,103322.0,False,not_opened,,,,,7.0,0.9856807511737123,1.0,3.15263644773358,2.205050467704369,0.0008865983877162087,0.023430942085097696,0.0012413524442821313,2.9003502182924774,68.74151780801817,386.38571428571385
2025-01-17 15:00:00+00:00,103999.4,False,not_opened,,,,,7.0,0.7083115525352849,0.8138003136434858,3.5393154486586496,2.164481872403711,0.0014311046297725838,0.024309312993590782,0.006556202938386734,4.3708266643229665,75.65379825653808,441.9071428571416
2025-01-17 16:00:00+00:00,104384.2,True,winner,0.01200000000000001,0.01200000000000001,take_profit,13,7.0,0.6763978992894626,0.9447018844609156,1.7578061363019328,1.2542518301205225,0.001333856251613419,0.027272438841242346,0.0017783297136534351,1.4506457628326344,74.8669289516317,516.1642857142849
2025-01-17 16:15:00+00:00,104537.1,False,not_opened,,,,,3.0,0.396162820845227,0.47446201711174846,0.9939440793712188,0.7355473219637078,0.001346483074302407,0.02815057411284562,0.001121432675732674,1.57652677434846,75.68293775190351,524.3714285714274
2025-01-17 16:30:00+00:00,104744.2,False,not_opened,,,,,2.0,0.46362211775239,0.6780837250951336,1.136930516670918,0.8286910661754934,0.0014076962930831272,0.02905762537596383,4.200886387022105e-05,1.034551972124872,76.8948460188289,539.0428571428555
2025-01-17 16:45:00+00:00,104923.9,False,not_opened,,,,,3.0,0.43503508347444253,0.8882167916767207,1.0221342896006045,0.7591545415185263,0.0014374128434000433,0.029987320056986268,0.00034226984974443386,0.8747114382939893,82.69204878968216,544.4214285714271
2025-01-18 13:30:00+00:00,103814.2,True,winner,0.005730429941183557,0.005730429941183557,max_holding,24,7.0,0.6989766364163045,0.7611508013129977,1.45846240495634,1.4251793611793533,0.00044137323927340155,0.010470519103630485,0.00223783190966808,1.4850969986982037,69.13317508389953,363.39285714285506
2025-01-18 13:45:00+00:00,104327.4,False,not_opened,,,,,7.0,0.8083162702787684,0.9072294849582486,1.663130320890658,1.680900151285958,0.0008719392275442495,0.011089098562832772,0.0037474299557716676,1.897094328283444,72.12448255470139,377.7142857142847
2025-01-18 15:15:00+00:00,104214.1,False,not_opened,,,,,3.0,0.45610034207524647,0.6438616495629228,0.689194499017697,0.7028048082427174,0.0004794606725022632,0.01271923684110582,0.0006173799661641493,0.875445952888252,64.95806986860414,374.35714285714283
2025-01-18 15:30:00+00:00,104628.2,False,not_opened,,,,,6.0,0.6143916913946458,0.6686943620177999,1.706977333164499,1.6527999159236992,0.0008137461441395377,0.013265391816293739,0.0030716782445799275,1.6183467678659904,70.00153562653571,407.79285714285754
2025-01-18 17:30:00+00:00,104069.7,False,not_opened,,,,,4.0,0.7260046496180591,1.0,0.705317404544379,0.6518626192648305,0.0002302077815794501,0.012428524875929532,0.00018933205189809794,0.7569720424380587,48.76217050581796,461.9071428571427
2025-01-18 18:30:00+00:00,104195.2,False,not_opened,,,,,4.0,0.8381852551984768,0.8381852551984768,0.6195830405247215,0.585482315366737,0.00029691360868389083,0.012435206532646997,7.870463685485799e-05,0.5123358665302186,51.35294432835022,451.7642857142855
2025-01-19 02:00:00+00:00,104819.6,True,loser,-0.00014119496735343073,-0.00014119496735343073,max_holding,24,7.0,0.9794557097118542,0.9797225186766509,1.5761143818334664,1.4649208520617747,0.0005005373086601761,0.012323363235071853,0.0015220671066297623,1.6417894890385794,67.42333132892392,255.84999999999854
2025-01-19 02:15:00+00:00,105165.8,False,not_opened,,,,,7.0,0.6388632589038583,0.7709909577412943,2.278805719091621,1.9116083352231086,0.0007686895535650162,0.012843445654902204,0.0032300776897599653,2.9428342185053995,70.47549843317148,283.4785714285702
2025-01-19 05:45:00+00:00,105095.2,False,not_opened,,,,,7.0,0.6537963761863406,0.9678602243313017,1.2833217993080004,1.2331661346709424,0.00033728787893338996,0.013967417576186546,0.0007732302359685098,1.2054701843381548,48.55694546643761,375.94285714285587
2025-01-19 06:00:00+00:00,105117.1,False,not_opened,,,,,2.0,0.12823529411766418,0.6764705882352942,0.47058823529412713,0.4699099668298858,0.00032497185153523844,0.014115587219830231,6.659683512811804e-05,0.9386313478650359,50.46514538400574,361.77142857142775
2025-01-19 06:15:00+00:00,105290.0,False,not_opened,,,,,5.0,0.5247344461304831,0.874051593323217,0.9640140433001878,0.9255246579190273,0.00045106078752721324,0.014354215571322692,0.0011210197381244093,0.7863497061228584,59.51017948607576,356.0142857142845
2025-01-19 06:30:00+00:00,105451.9,False,not_opened,,,,,4.0,0.593475073313787,0.9083577712609932,0.7981275599765706,0.7942271299935247,0.0005549894697418623,0.014683694883565218,0.0011430578696780562,1.1295247353026134,68.13269222285939,343.4785714285691
2025-01-19 06:45:00+00:00,105554.0,False,not_opened,,,,,4.0,0.3697935530605181,0.7269105396595561,0.8077823288472639,0.7961197042407082,0.0005945515602632234,0.01505265756461389,0.0007309657375217306,1.1737707334456793,67.87762906309769,346.8071428571399
2025-01-19 09:45:00+00:00,105290.8,True,loser,-0.008000000000000007,-0.008000000000000007,stop_loss,2,7.0,0.6790168745414643,0.8462949376375714,2.993548387096818,2.4799532133342135,0.0004863520081943573,0.012091690580435766,0.005605330842499742,2.059428240581746,50.012306177701255,439.6857142857095
2025-01-19 12:45:00+00:00,104930.1,True,winner,0.0008939284342623921,0.0008939284342623921,max_holding,24,4.0,0.569907537125279,0.7453068086298804,0.7485318791946255,0.6614508869473045,0.00017948604422324266,0.010306876658185117,0.000500583537380718,0.5800275670521274,56.75221671734469,539.5714285714265
2025-01-19 13:00:00+00:00,105199.1,False,not_opened,,,,,5.0,0.6376777251184972,0.8156398104265679,0.8850671140939679,0.7875863172207876,0.00040693269513369934,0.010541094534889219,0.0016958513059293458,0.9786520448714157,56.87783572912696,535.8142857142842
2025-01-20 06:45:00+00:00,107554.0,True,winner,0.01200000000000001,0.01200000000000001,take_profit,1,4.0,0.5395229758475927,0.5395418007944133,9.306412053258665,5.639471309517508,0.004816295264665316,-0.005756025311239517,0.02684299767811322,9.54894274678337,91.79154108474489,941.9499999999981
2025-01-20 09:00:00+00:00,108771.2,True,loser,-0.007999999999999896,-0.007999999999999896,stop_loss,2,4.0,0.39910965749069144,0.5188516398655335,1.6621866505587466,0.8473114968630902,0.00269175067244265,0.019927089398762452,0.0033151372821039237,0.9916522937761028,79.62468291183035,1299.0499999999997
2025-01-20 13:30:00+00:00,107713.8,True,loser,-0.008000000000000007,-0.008000000000000007,stop_loss,7,5.0,0.3769746808050253,0.5208829257736449,1.380845659644431,1.1107219503820196,0.0003808687770499031,0.02589868300998851,0.0017512125030806917,1.395520009299145,45.89670135231929,832.0714285714296
2025-01-21 14:15:00+00:00,105202.2,True,loser,-0.008000000000000007,-0.008000000000000007,stop_loss,1,7.0,0.926736566186096,0.9268676277850552,2.0629985129106476,1.6690364213059194,0.0012456690161712913,0.0020614255654623687,0.003718067978533067,1.6978891087464516,88.01877379060579,457.14999999999935
2025-01-21 16:00:00+00:00,106038.9,True,loser,-0.008000000000000007,-0.008000000000000007,stop_loss,2,7.0,0.8224058626335048,0.8799407499805096,4.684806428049673,3.015710147361347,0.0020473278282122642,0.0023662267995667218,0.018613618286820875,3.050518607690058,62.76627757804207,850.6785714285704
2025-01-21 17:30:00+00:00,105813.0,True,winner,0.01200000000000001,0.01200000000000001,take_profit,4,2.0,0.3222546161321728,0.6365403304178814,0.7929413577868555,0.5019792044155773,0.0011662159511682813,0.007479016252466929,0.00021741185367236978,0.4319722462547984,58.45630694212758,1024.9428571428568
2025-01-21 17:45:00+00:00,106146.5,False,not_opened,,,,,3.0,0.5247010698552501,0.5813404657016938,0.9688285953814542,0.6256873250924693,0.001357410551787952,0.008579843202101173,0.0013820754716981133,0.9413105014462577,56.36380790640631,1015.8428571428574
2025-01-21 18:30:00+00:00,106812.3,False,not_opened,,,,,5.0,0.4366072308146927,0.577086001379174,1.4103508162556524,1.1747094513052025,0.001591309817448483,0.01182407369692541,0.003045413567725968,1.4345934405939749,81.00250378862764,864.1285714285716
2025-01-22 15:00:00+00:00,104924.1,True,loser,-0.008000000000000007,-0.008000000000000007,stop_loss,2,5.0,0.6630525437864865,0.9929703324198806,1.9536778398510377,1.5287398194166226,0.00014815734617035226,-3.588940004397743e-05,5.814064316900647e-05,1.5890750251771228,48.23289836821101,549.0142857142855
2025-01-23 14:30:00+00:00,104889.1,True,loser,-0.008000000000000007,-0.008000000000000007,stop_loss,2,6.0,0.9167096061832947,0.9482885535517115,7.390180878552942,4.874042182414617,0.0026908022285994093,-0.012351994110530513,0.02131747092009919,8.978860445869561,82.19763365468887,557.4428571428549
2025-01-23 14:45:00+00:00,105167.7,False,not_opened,,,,,4.0,0.2048272320446012,0.3894064998899572,3.655403593456692,2.1374775985663246,0.002687416779166618,-0.009856097324603423,0.001314867427848828,5.086096229022784,83.11126816188238,637.7142857142836
2025-01-23 16:00:00+00:00,106461.5,True,loser,-0.008000000000000007,-0.008000000000000007,stop_loss,1,6.0,0.7783560774357365,0.9197080291970803,3.36537434582937,1.4382686263514168,0.0029997108197401534,-0.0012709520431241393,0.01027819742945429,1.7455065140008996,76.93982341751979,1095.4142857142829
2025-01-23 17:45:00+00:00,105899.5,True,loser,-0.008000000000000007,-0.008000000000000007,stop_loss,3,3.0,0.5044030604879395,0.5692218853760712,0.9383000338638725,0.5192431251606257,0.0014025894220659474,0.0068879793627377,0.0022866250417621953,0.425061586881235,66.53129840202486,1334.057142857141
2025-01-23 22:15:00+00:00,104081.6,True,loser,-0.008000000000000007,-0.008000000000000007,stop_loss,14,4.0,0.5280695809330154,0.9675816107534203,1.062721325250585,0.686914256261329,5.227707373300916e-05,0.0016510749994320924,0.003268670024339165,0.5403037696731018,42.01879671427519,1288.8071428571432
2025-01-24 04:30:00+00:00,104400.7,True,winner,0.01200000000000001,0.01200000000000001,take_profit,19,6.0,0.7575311067452437,0.8886705959397517,1.7374484426113228,1.3599452917508275,0.0006901118581392751,-0.0009130256183062984,0.002419617335598044,1.1911643271429084,64.44252376836661,449.1357142857149
2025-01-24 04:45:00+00:00,104580.1,False,not_opened,,,,,4.0,0.3286943783189857,0.41402673503022047,1.5288353863382147,1.1868974617713366,0.0007886836830266475,-0.00020190706797523837,0.0010663481023503569,1.4890011963343066,66.20555957153209,460.1071428571439
2025-01-24 05:45:00+00:00,105180.0,False,not_opened,,,,,7.0,0.666809974204641,0.8742476354256226,1.3085794655414826,0.973134506768663,0.0010117874336414978,0.002967272945668545,0.0014891890965458637,1.1989602559432426,79.94886896864192,478.04285714285754
2025-01-24 14:30:00+00:00,106215.3,True,loser,-0.008000000000000007,-0.008000000000000007,stop_loss,3,7.0,0.6147186147186147,0.9847247990105151,6.201342281879367,4.129590105620319,0.0009435491493623438,0.009471908864497374,0.00880727148392982,6.091388252279812,66.72696438665898,391.5642857142853
2025-01-24 17:15:00+00:00,106426.7,True,loser,-0.008000000000000007,-0.008000000000000007,stop_loss,11,7.0,0.864013547840808,0.8760372565622403,1.4434123686140359,1.0495512079931935,0.0007469397259125543,0.01172677104970634,0.002779565389040221,1.343673124551025,68.33252072159894,562.6214285714294
2025-01-25 12:45:00+00:00,104699.9,True,winner,0.0022540613696862,0.0022540613696862,max_holding,24,3.0,0.5629441624365187,0.7598984771573456,1.1017897091722415,1.0189153243682731,0.0002329955462938571,-0.0011628348699191209,0.00047682752030572557,1.0420362474325005,66.15111374232234,193.34285714285423
2025-01-25 13:00:00+00:00,104773.2,False,not_opened,,,,,3.0,0.4030752333882034,0.7704557935200352,0.9867244649146732,0.9378655777508441,0.00027757976534203976,-0.0009026024469055021,0.00024821665877464984,1.4758633472808773,64.89908679303221,194.1642857142828
2025-01-25 15:00:00+00:00,104889.6,False,not_opened,,,,,6.0,0.8166465621230398,0.8166465621230398,2.2460037930099888,2.177567638560563,0.000317888686791612,-0.00020456865402646555,0.002691954726216024,2.2738608825787923,63.0077843919678,190.34999999999854
2025-01-25 17:45:00+00:00,104850.1,False,not_opened,,,,,7.0,0.7436234551669754,0.8803576124112552,2.034233752340245,1.5088703735192706,0.00018387380932649577,0.0005546794412257777,0.0005114674631309808,1.039584753234552,58.87047642256649,252.04285714285444
2025-01-26 03:30:00+00:00,105048.2,True,loser,-0.004501743009399428,-0.004501743009399428,max_holding,24,7.0,0.8296478296478071,0.8736008736008667,2.5517241379308735,2.264905927038254,0.0003076054345232393,0.0005928315385986755,0.0022640774957566716,3.064532180704426,67.32451678535026,161.72857142857225
2025-01-26 04:15:00+00:00,105337.6,False,not_opened,,,,,5.0,0.566470340765684,0.6649137568363688,3.195966386554583,2.5110733823806384,0.0004898052675679221,0.0014826013774701173,0.000705849047103814,2.6379774997730463,83.68677211889482,189.3214285714296
2025-01-26 20:15:00+00:00,105136.1,True,loser,-0.008000000000000007,-0.008000000000000007,stop_loss,7,6.0,0.8015306122449276,0.8015306122449276,1.607216072160664,1.4853307350871308,0.00012989301155452715,0.001977192787056331,8.37080377789871e-05,1.0603802722865685,64.12581793135186,131.95714285714453
2025-01-28 09:45:00+00:00,102925.2,True,loser,-0.008000000000000007,-0.008000000000000007,stop_loss,17,6.0,0.7662037037037037,0.9842592592592525,1.369906453147303,1.2774586008786808,0.00021139314796991826,0.004940747740664764,8.259106636726595e-05,0.9010518277356729,52.57974838618484,338.1714285714271
2025-01-28 10:00:00+00:00,102941.4,False,not_opened,,,,,3.0,0.09319611206397313,0.9508290451686329,0.55462184873948,0.5337547683923562,0.0002062402234090932,0.00507510992276092,9.13224264562447e-05,0.711748082664749,57.7248623291864,327.67857142856934
2025-01-28 15:00:00+00:00,102878.1,True,loser,-0.008000000000000007,-0.008000000000000007,stop_loss,5,4.0,0.3652482269503651,0.402547938008934,2.618744625967306,1.726642477646739,0.0002909642527366696,0.0029575594093062462,6.8042155032265746e-06,3.207376964063397,53.19013432144526,440.971428571429
2025-01-28 17:00:00+00:00,102994.8,True,loser,-0.008000000000000007,-0.008000000000000007,stop_loss,7,7.0,0.8742742295667794,0.920611880303716,1.5000418725399662,1.3419526082582234,0.000439929265316108,0.00247082450903518,0.004401059062739256,1.4934874519896333,54.63077254648406,667.3857142857139
2025-01-29 17:00:00+00:00,102255.2,True,loser,-0.008000000000000007,-0.008000000000000007,stop_loss,9,3.0,0.5923376234660261,0.9341514516611775,0.9427200902934252,0.8645361625048288,0.00017679782733526217,-0.000886510405390024,0.0012268689188964536,0.6990151754854376,57.82984601217545,386.4500000000002
2025-01-29 17:15:00+00:00,102378.0,False,not_opened,,,,,4.0,0.6084158415841296,0.7915841584158128,0.5866124582546852,0.5397152563074924,0.0002744967682386523,-0.0006315251015603775,0.0009855568983116758,0.9678015646926982,65.36956861926859,374.27142857142877
2025-01-29 17:30:00+00:00,102551.3,False,not_opened,,,,,3.0,0.46198986396372305,0.46198986396372305,1.0578442437923044,0.9892379893322127,0.00040992030181130623,-0.0002586651314735013,0.001280998553994744,1.4162200984672864,64.45931477516041,378.97857142857123
2025-01-29 19:30:00+00:00,103418.1,True,winner,0.01200000000000001,0.01200000000000001,take_profit,3,7.0,0.7400875935041261,0.7756288515949021,7.2801918735891515,4.430714504753145,0.0011249633953072102,0.0012055615683958412,0.004251298549334221,5.296938087652456,66.66877170824125,582.3214285714296
2025-01-29 20:15:00+00:00,104323.0,False,not_opened,,,,,6.0,0.5369750807568014,0.7825334563913251,4.89164785553047,2.263501981813944,0.001662800069402115,0.0043733583880316874,0.0031347058088214085,2.2657481047494095,69.70292552266321,765.8928571428593
2025-01-30 14:30:00+00:00,105105.3,True,winner,0.01200000000000001,0.01200000000000001,take_profit,2,6.0,0.5080295138889144,0.8272569444444591,1.9952370642995438,1.730657795900808,7.7268883263093e-05,0.013975289770742609,0.0009065794623564503,2.347515615353125,50.091128226233344,266.25714285714224
2025-01-30 14:45:00+00:00,105879.8,False,not_opened,,,,,6.0,0.649287510477792,0.6522212908633745,4.954318936877166,3.5160624815797252,0.0007722101885907495,0.014420991055167686,0.006606461573857168,7.287091559231778,66.12863880305746,339.2999999999998
2025-01-31 11:00:00+00:00,104700.0,True,winner,0.01200000000000001,0.01200000000000001,take_profit,19,7.0,0.9715578539107703,0.971773324714489,2.2052744119743988,1.95846394984329,0.00042808978951436316,0.0009317415724060371,0.002794799642173727,1.9752334091167632,63.0306224017804,236.97142857142794
2025-01-31 11:15:00+00:00,104786.3,False,not_opened,,,,,5.0,0.32776300797570057,0.8651728066843919,1.2058621479276606,1.1142278511622397,0.0004659736443799467,0.0013369688707279535,0.0006990529360700532,1.6286799624719484,68.42414969989422,236.30714285714308
2025-01-31 15:15:00+00:00,105117.8,False,not_opened,,,,,6.0,0.4392330383480869,0.9072271386430765,2.5488721804511276,1.9753600266377984,0.0004995437326895669,0.0034558334788365877,0.0015988565983802087,2.796900709757187,61.94402378147999,343.2285714285733
2025-01-31 15:30:00+00:00,105604.9,False,not_opened,,,,,7.0,0.6390711099448874,0.717790606140112,2.7231153983565313,1.9711826209036676,0.0008951547214717248,0.004199832358534122,0.004033059297000278,4.048432661885891,71.74089433826181,386.6714285714302
2025-02-03 15:15:00+00:00,98290.0,True,winner,0.01200000000000001,0.01200000000000001,take_profit,2,6.0,0.8077573346593705,0.8846345101939334,3.8279242409822127,2.376426497400227,0.0029708497891609564,-0.022052929535171188,0.014281881410851753,3.8112871042046472,73.45535089764509,846.2285714285723
2025-02-03 15:30:00+00:00,98586.8,False,not_opened,,,,,4.0,0.24153370237707464,0.677548029957674,2.1081173845889567,1.357862489340865,0.0029756268172049793,-0.019183761120560864,0.0006577211181259304,2.691845158168064,73.82721016106548,904.6571428571426
2025-02-03 17:45:00+00:00,99150.1,True,winner,0.01200000000000001,0.01200000000000001,take_profit,6,6.0,0.8253994813017681,0.8929139128252325,1.5668873304057223,1.2142333674365327,0.0017855097976240408,-0.0035038628524047075,0.0026819059330596647,1.148883030948875,84.78107067054492,984.4071428571416
2025-02-04 14:30:00+00:00,100089.9,True,loser,-0.008000000000000118,-0.008000000000000118,stop_loss,2,7.0,0.6496895328208104,0.7922087522176189,3.470052584327261,3.029302623160581,0.0009580146740357787,0.0023400689331644496,0.006090426601262456,4.604837537298048,63.76765491792839,446.57142857143066
2025-02-04 16:00:00+00:00,99824.0,True,loser,-0.008000000000000007,-0.008000000000000007,stop_loss,3,6.0,0.562062171628727,0.9001751313485136,1.6720351390922197,1.341514321974332,0.0005870423267124725,0.0029331919154622363,0.0023405752935258726,1.0463546532299226,55.775294444959634,681.0214285714288
2025-02-05 12:15:00+00:00,98499.9,True,loser,-0.008000000000000007,-0.008000000000000007,stop_loss,11,4.0,0.503087248322132,0.5218791946308569,1.3375224416517055,1.1707787980154,0.0006098141036916527,-0.00525220637478996,0.0005342960142125916,2.452245905389088,66.26408735034957,318.16428571428594
2025-02-05 14:15:00+00:00,98696.0,False,not_opened,,,,,4.0,0.7984907769703599,0.8267188373392971,1.085558252427174,1.0982197667280602,0.000528287895225743,-0.0024560834361458074,0.000448040481775265,1.1485594068728358,68.82216224321509,325.8000000000008
2025-02-06 09:00:00+00:00,98610.0,True,loser,-0.008000000000000007,-0.008000000000000007,stop_loss,22,7.0,0.8815053398881253,0.9321918969316827,2.6966857142856875,2.193111506492814,0.0007038556402625407,0.00029539196446815583,0.004476904976545908,2.559748353480189,73.39914207452624,268.9785714285691
2025-02-06 10:00:00+00:00,98799.4,False,not_opened,,,,,6.0,0.8642433234421179,0.8642433234421179,1.1334874921169464,1.0301310043668384,0.0006869636325679274,0.002106233412916954,0.0010081063911918857,1.2304047412014112,62.82434596903368,261.7142857142847
2025-02-06 10:45:00+00:00,98980.1,False,not_opened,,,,,5.0,0.7506053268764982,0.8149429263230753,1.081961077844345,1.0523113722635549,0.0006838126554216117,0.0036749048570971503,4.041232697297841e-06,1.6310360283870218,73.63369467028059,274.72857142857123
2025-02-07 13:30:00+00:00,98288.3,True,winner,0.01200000000000001,0.01200000000000001,take_profit,2,6.0,0.4704444444444488,0.8431851851851874,5.986696230598669,4.309362032012415,0.0007840629944062538,0.000981513723022901,0.003105609079033341,7.474195550687797,72.7999999999998,313.27142857142775
2025-02-07 13:45:00+00:00,98787.9,False,not_opened,,,,,7.0,0.7246881346097838,0.9598201334493599,3.057206208425759,1.9975577953929524,0.001196533358972296,0.0020250602662144476,0.0029228426395938494,3.562070822908283,76.3137196149666,345.12142857142834
2025-02-07 14:00:00+00:00,99537.2,False,not_opened,,,,,7.0,0.7928518557682196,0.9497726551760599,4.193791574279366,2.354537532677701,0.0018118604341377242,0.0035820871689562356,0.007302490699848923,3.482704744245074,83.84127079635354,401.64999999999935
2025-02-07 14:15:00+00:00,99629.2,True,loser,-0.008000000000000007,-0.008000000000000007,stop_loss,3,4.0,0.20228420821434367,0.25148253898528283,1.9114189756507494,1.070089143317616,0.0017258763463772198,0.00506122087402446,0.00044685579210461044,2.557287078526966,85.97539123163288,425.47857142857123
2025-02-09 01:15:00+00:00,96816.2,True,winner,0.001897409731016042,0.001897409731016042,max_holding,24,5.0,0.5479807336050292,0.9018154872174858,1.6706901887959722,1.6466640519457234,0.0003530726990375044,-0.0018868464004647173,0.0015123616427019457,2.8705210978245095,61.57048940832698,163.90714285714577
2025-02-09 01:45:00+00:00,96934.6,False,not_opened,,,,,6.0,0.7159989793314876,0.9698902781322059,2.2818049490538233,2.196045469100171,0.0004209521230316149,-0.001331281833365495,0.0009489615634426625,3.8488282196641044,61.560693641618336,178.45714285714453
2025-02-09 03:15:00+00:00,96870.9,False,not_opened,,,,,5.0,0.6979750107712018,0.8741921585523011,1.3297049556001257,1.1288518325517103,0.00025135199681480813,-0.00042919307067558693,2.99376471073438e-05,0.9171921022850759,64.80072230104497,205.6071428571418
2025-02-09 03:30:00+00:00,97131.3,False,not_opened,,,,,7.0,0.7836292506771527,0.8958772193801009,1.9037525064450462,1.4977142489214748,0.0004839785602288593,7.438946474088359e-06,0.0023859624499871215,2.517864318946083,69.62377560106877,221.8714285714263
2025-02-09 03:45:00+00:00,97278.4,False,not_opened,,,,,6.0,0.6450197455023886,0.974989030276387,1.1501387837497201,1.0114439689333181,0.0005825692175991382,0.00052588571937764,0.001157813595098692,2.1896544302669465,74.74072490110152,225.32142857142648
2025-02-10 00:00:00+00:00,96911.1,True,loser,-0.007999999999999896,-0.007999999999999896,stop_loss,5,6.0,0.7442748091603053,0.7589312977099325,1.769313884386797,1.233372338565413,0.0008839432827265625,-0.004245738093052049,0.0037712202347044014,2.083996468160249,55.50933286868652,531.0642857142864
2025-02-10 13:45:00+00:00,98175.3,True,loser,-0.008000000000000118,-0.008000000000000118,stop_loss,3,7.0,0.7423782920989718,0.7562649640861978,2.6340130334243628,2.3378111839650284,0.0006379930693083402,0.00811117975560299,0.003853846279693827,3.8836287476754072,57.623018324068155,267.9857142857145
2025-02-10 17:45:00+00:00,97455.1,True,loser,-0.0007788201951464124,-0.0007788201951464124,max_holding,24,6.0,0.6984348798211478,0.8977082168809644,1.0071780436312538,0.9019410133602287,0.00016839968140036632,0.004540331578865105,0.0012544563508779737,0.6039261364774517,45.69468267581486,396.7000000000002
2025-02-11 00:30:00+00:00,97973.9,True,winner,0.003317209991640535,0.003317209991640535,max_holding,24,5.0,0.5881410256410083,0.6918498168498056,2.4145936981758815,2.072387149247663,0.0005715809154120954,0.004698631976740672,0.0015732978940911284,3.321818606161131,76.8973848777718,210.77142857142982
2025-02-12 16:45:00+00:00,96944.3,True,winner,0.008526545655598072,0.008526545655598072,max_holding,24,6.0,0.7650015001500232,0.8982148214821501,2.4980326025857305,1.5729647733018712,0.0013643898141340038,-0.006751026230653012,0.01057544162502163,1.8305344586653258,53.317814634687124,847.5714285714265
2025-02-12 17:15:00+00:00,97492.1,False,not_opened,,,,,6.0,0.6424870466321232,0.9889371236521578,1.2879430065831177,1.0301500288517134,0.0016498792355679193,-0.003977867304312598,0.0030154631220486406,1.0848469470740356,74.25513069370382,693.1999999999981
2025-02-14 03:45:00+00:00,97094.9,True,loser,-0.00033884374977466436,-0.00033884374977466436,max_holding,24,7.0,0.8534538411878497,0.8534538411878497,2.4190525767829287,1.9230291744257988,0.0005495620308033633,0.0016789223547062774,0.0039529492537682615,3.3762001133935846,57.19422638642668,241.65000000000146
2025-02-14 14:30:00+00:00,97065.0,True,loser,-0.008000000000000007,-0.008000000000000007,stop_loss,3,7.0,0.641511918872651,0.7168444620044789,4.080064481461468,3.0191712346275392,0.00033577122834027584,0.0020160346288962397,0.0018713158147346037,4.001567028641178,50.91194968553468,251.49285714285568
2025-02-14 16:45:00+00:00,97626.8,True,loser,-0.008000000000000007,-0.008000000000000007,stop_loss,17,7.0,0.7989408491158794,0.9216407862848914,4.00251481947193,2.3948839208942503,0.000861453194364481,0.0025485478702070526,0.006532416705501065,2.8977666380463276,66.2836424487518,465.2000000000002
2025-02-14 17:30:00+00:00,97930.0,False,not_opened,,,,,7.0,0.7917539267015631,0.9083769633507853,1.8939018344075291,1.4590494898237567,0.0009985576510080918,0.0040613572709929146,0.0022095071233321924,1.56932258541952,64.03610485869527,523.6285714285716
2025-02-14 17:45:00+00:00,98487.8,False,not_opened,,,,,6.0,0.6465407347317222,0.6465407347317222,2.0698009114895797,1.513177012876408,0.0014501637055976957,0.005277348949079712,0.004977551020408193,3.2698188771406507,69.73567280467893,570.2571428571443
2025-02-15 10:45:00+00:00,97610.9,True,loser,-0.0011935142489210016,-0.0011935142489210016,max_holding,24,4.0,0.49626467449303985,0.565635005336153,1.5962521294720444,1.578295133249156,0.00011946362247927667,0.004229707462008944,0.00036074555447716074,1.6208886329728605,62.50497017892601,118.73571428571657
2025-02-15 12:30:00+00:00,97671.0,False,not_opened,,,,,5.0,0.17945690672964104,0.6263282172372941,2.7017543859647475,2.467845993756506,0.0001427929242696635,0.004287618340780567,0.0005060355495094751,4.459139180620313,60.18115942029057,137.28571428571533
2025-02-15 23:15:00+00:00,97555.2,True,loser,-0.0008836023092566592,-0.0008836023092566592,max_holding,24,6.0,0.8105420188960482,0.8105420188960482,1.760175054704534,1.5186363881547613,4.4890781178086314e-05,0.0025545189604106165,0.00041327017717295424,1.8409184878836564,52.30089194095845,132.42142857142713
2025-02-16 09:45:00+00:00,97322.3,True,loser,-0.004853974885509427,-0.004853974885509427,max_holding,24,3.0,0.6547231270358208,0.9533116178067031,0.8705103969754564,0.7585598305683487,1.630065570390471e-05,-0.0001216645275223555,0.0004348273026316089,1.0226783677285352,35.83596982234107,121.41428571428592
2025-02-17 14:00:00+00:00,96887.1,True,loser,-0.008000000000000007,-0.008000000000000007,stop_loss,6,6.0,0.8615511551155212,0.8863036303630459,3.309666848716575,3.1694560669456373,0.0006518822477148412,-0.00460926530275796,0.004567294233285569,3.8537455337002315,79.57552370452076,191.19999999999814
2025-02-18 14:15:00+00:00,96463.2,True,loser,-0.008000000000000007,-0.008000000000000007,stop_loss,1,4.0,0.4043977055449331,0.475908221797312,2.7871036504130893,2.3177487259029643,0.0005213276037723258,-0.0018081748794769386,0.0014877507140269345,2.667265165655574,74.6235432761558,225.64999999999833
2025-02-19 10:00:00+00:00,96326.6,True,loser,-0.008000000000000007,-0.008000000000000007,stop_loss,20,7.0,0.786156648451741,0.7863387978142289,3.653910149750416,2.862889708347289,0.0007000506965069153,0.0003066182873196846,0.0035473886323123868,5.234145791297742,81.3208847672159,191.76428571428656
2025-02-19 11:45:00+00:00,96392.0,False,not_opened,,,,,5.0,0.915702479338827,0.9757575757576078,1.1889944317065069,0.9680368775953283,0.00044188795684485527,0.002970407381008962,0.0004037233882458808,0.9656313579284251,71.26341866226285,187.4928571428588
2025-02-19 15:30:00+00:00,96228.9,True,loser,-0.008000000000000007,-0.008000000000000007,stop_loss,14,6.0,0.6626672819566243,0.6744347023534663,2.5263771495190137,1.3512983831454952,0.00017772788113878946,0.0031541630989121135,0.0005344285305814165,1.8752215134296701,47.14417430970032,320.72857142857225
2025-02-20 13:45:00+00:00,97505.8,True,winner,0.008863062504999686,0.008863062504999686,max_holding,24,6.0,0.9066041422430843,0.9066041422430843,2.168644067796561,1.7219071421704957,0.00025965613115142006,0.008907104451465957,0.0002780094523214387,1.2125391016915252,64.44304594084377,148.6142857142851
2025-02-20 14:00:00+00:00,97694.1,False,not_opened,,,,,7.0,0.827768014059824,0.8800527240773752,1.8006329113924189,1.428622668579585,0.00041924023991035675,0.009175272991451069,0.001685640374163037,2.987546981530206,67.79578210243523,159.31428571428427
2025-02-20 14:15:00+00:00,97752.8,False,not_opened,,,,,4.0,0.1987157823589188,0.29300439337613654,2.190229459659492,1.7299035369774705,0.00043660575492521225,0.009467727834305453,0.0003213216347699555,4.785540778041778,67.33834338095697,171.04999999999876
2025-02-20 16:00:00+00:00,97366.3,False,not_opened,,,,,6.0,0.6133267277681455,0.6541986623730504,3.144080996884766,2.3549657284526693,0.00012954055236358286,0.007944960923865763,0.0009385762014906492,1.7121892107013816,48.31416571809878,342.84999999999854
2025-02-20 16:15:00+00:00,97652.2,False,not_opened,,,,,6.0,0.7741673436230488,0.9244516653127308,1.394900849858368,1.0326768665361852,0.0003971831594324904,0.008197086486404558,6.861555320006646e-05,0.9094867361948954,54.89883817727748,357.61428571428405
2025-02-20 16:30:00+00:00,97912.1,False,not_opened,,,,,6.0,0.5919854280510057,0.9246357012750649,1.6064374542794249,1.1534046145188506,0.000613644453255846,0.00863999564636962,0.0023750999435913763,1.5712669769791936,59.39558051683228,380.78571428571223
2025-02-20 18:00:00+00:00,98172.0,False,not_opened,,,,,6.0,0.6498734177215116,0.6835443037974683,1.3623038454906156,1.0046143225665822,0.0006350631955960306,0.010250470594249226,0.002065946987636922,1.683424254721966,57.178304530593245,393.1857142857137
2025-02-21 10:45:00+00:00,98563.4,True,loser,-0.008000000000000118,-0.008000000000000118,stop_loss,18,2.0,0.5042321644498011,0.64268440145098,1.1566433566433159,0.8536144800383091,0.0002708772484349975,0.009280410801466401,0.00039076416215596264,0.6194865553021162,57.96784903022861,193.7642857142855
2025-02-21 11:15:00+00:00,98721.1,False,not_opened,,,,,7.0,0.7028862478777589,0.9572156196944269,1.8716237686685906,1.4415075868820377,0.0003789145470336486,0.009594340965970873,0.0009997718573348457,0.9739445363565742,75.70670609724276,204.29999999999978
2025-02-21 12:15:00+00:00,98806.1,False,not_opened,,,,,6.0,0.8685095255883546,0.8685095255883546,1.6229160351621814,1.195317981756703,0.00036580896752091974,0.010076430760421348,0.0003857524704358276,1.0727899410220867,73.84167723643951,223.95714285714243
2025-02-21 12:45:00+00:00,98861.4,False,not_opened,,,,,4.0,0.6641137855579444,0.6646608315098362,1.108214610488064,0.93592744294911,0.0003588302435433288,0.010427124959729268,0.00012443208891116216,1.3917231776265695,69.88874440109741,195.3142857142853
2025-02-21 13:00:00+00:00,99273.0,False,not_opened,,,,,7.0,0.6655886157826806,0.8528460543337631,3.71746318004224,2.8986205972947476,0.0007224053857559642,0.01092263030600417,0.003541148795979112,4.5360239141578615,83.49984862246384,213.3428571428563
2025-02-21 15:00:00+00:00,99150.6,False,not_opened,,,,,5.0,0.5806223479490806,0.8594059405940676,3.154137854115527,2.1156353532114927,0.00035057404501603884,0.01202584483192271,6.051437216397587e-06,1.8808858606952379,60.189001290537426,334.17857142857247
2025-02-24 00:00:00+00:00,96407.5,True,loser,-0.007999999999999896,-0.007999999999999896,stop_loss,12,6.0,0.6026131293818128,0.8425748884640025,2.507391130643106,1.65338150615326,0.0006118202439231446,-0.004215345301568123,0.001220272094713885,2.591902997541424,68.72196139801767,189.79285714285757
2025-02-28 15:15:00+00:00,84256.7,True,loser,-0.008000000000000007,-0.008000000000000007,stop_loss,3,6.0,0.8622272254935873,0.9771388985105571,2.2955968591590885,1.5330172577280503,0.0035734795166129096,-0.02761955986290073,0.011484993997599004,2.9734285456733347,84.32055749128918,753.2857142857154
2025-02-28 16:30:00+00:00,84632.9,True,loser,-0.008000000000000007,-0.008000000000000007,stop_loss,2,6.0,0.7912287334593529,0.8071077504725854,2.0404227416493277,1.596437224622122,0.0027924153866767387,-0.016284423408063985,0.005344309421141967,1.5392844622222934,77.68830506695461,828.4071428571436
2025-03-01 02:30:00+00:00,85445.5,True,winner,0.01200000000000001,0.01200000000000001,take_profit,8,7.0,0.7502283939338638,0.9844692124977161,1.708710583827655,1.5143286295901053,0.0013053789192249976,0.005035331179865795,0.004815607507408627,3.786550318212046,74.14936075221557,361.41428571428696
2025-03-01 04:00:00+00:00,85844.3,False,not_opened,,,,,7.0,0.8895184135977169,0.9252439408246784,1.7057718120805603,1.4898506062839312,0.001305607075462678,0.00873892740358118,0.004467456486763235,2.182856297052945,75.7136438520296,426.4857142857155
2025-03-01 04:15:00+00:00,85919.9,False,not_opened,,,,,3.0,0.39633507853401617,0.8895287958114878,0.512751677852349,0.462445739584593,0.0012646350084077884,0.009762027946993919,0.00032715579368451084,1.1443133678567687,83.87460532250783,413.0214285714298
2025-03-01 04:30:00+00:00,86499.9,False,not_opened,,,,,7.0,0.8703675918979614,0.9750937734433521,1.734547820429408,1.4968638208447567,0.0017933647413406195,0.01117640393123625,0.006503298774740743,2.8826333641407427,85.86996414556333,445.2642857142876
2025-03-01 16:00:00+00:00,84899.6,True,winner,0.01200000000000001,0.01200000000000001,take_profit,23,5.0,0.5425891181988961,0.9290806754221607,0.981764597531758,0.931678569644907,0.0002455727091650317,0.0037051906376908738,0.0009962848596535285,0.9856716640826284,59.363461822478556,286.04285714285754
2025-03-02 09:30:00+00:00,86000.3,True,loser,-0.008000000000000007,-0.008000000000000007,stop_loss,19,6.0,0.8502480829950495,0.8506991429860545,1.1906552094521583,0.9386965068803789,9.240978973745761e-05,0.009689395944850538,0.0011979407991395401,1.252603514899278,51.19928766208485,236.1785714285704
2025-03-02 15:15:00+00:00,86376.8,True,winner,0.01200000000000001,0.01200000000000001,take_profit,1,5.0,0.5612769866789199,0.5814423518603596,10.081037277147285,5.231466382876458,0.0008523584092812175,0.005308588998422933,0.009131353159990347,6.720499793365381,56.04871249358081,416.1357142857149
2025-03-02 15:30:00+00:00,88031.4,False,not_opened,,,,,7.0,0.7021556479674077,0.7400492234575218,10.232739904472323,4.181758264043804,0.002609628007443021,0.007431634439404656,0.008516634588946867,8.419819093411357,77.68691873947316,563.5428571428586
2025-03-02 16:15:00+00:00,88928.0,True,winner,0.01200000000000001,0.01200000000000001,take_profit,1,5.0,0.584851527757851,0.5897288767752107,4.772206058531661,1.7620857444637992,0.0029627680729551464,0.013066512392800086,0.0032038265421235504,3.534770702356617,74.48365241071578,791.221428571429
2025-03-02 16:30:00+00:00,91531.8,False,not_opened,,,,,7.0,0.8755800659089382,0.9098123612885881,9.876453005646022,2.9884648238140037,0.0055394956473557855,0.017256556123166344,0.022701675977653664,4.660309667868638,82.8282242730604,995.0928571428574
2025-03-02 17:15:00+00:00,92643.9,True,winner,0.01200000000000001,0.01200000000000001,take_profit,1,7.0,0.8061278795711988,0.8144909906485196,2.5532369212850328,1.0775658768659917,0.0052784797626832525,0.02863427313661795,0.007613338133361757,1.74567553297828,84.20199917519298,1220.6214285714263
2025-03-02 17:30:00+00:00,94529.8,False,not_opened,,,,,7.0,0.9894018887722995,0.9998950682056679,2.697806086341118,1.4343768813967515,0.006786106714370188,0.0334566696764171,0.017676145116856005,2.506327195003249,87.67274830080207,1328.7999999999977
2025-03-03 02:45:00+00:00,93255.6,True,loser,-0.008000000000000007,-0.008000000000000007,stop_loss,2,3.0,0.5923381770145618,0.6404227212681869,0.6846341684001194,0.6874675661650272,1.943236193779896e-05,0.054867938999642665,0.0005965665236052127,0.7243755490669878,38.52909729647179,550.5714285714255
2025-03-03 10:30:00+00:00,92318.1,True,winner,0.01200000000000001,0.01200000000000001,take_profit,12,6.0,0.6084008287813214,0.7121868525146167,1.134401709401697,1.0459758791989648,0.00025458915813558747,0.031020607719790427,0.0016611511962242264,0.8107002981529576,58.09489315465429,507.5642857142853
2025-03-03 10:45:00+00:00,92505.0,False,not_opened,,,,,3.0,0.5199330917201046,0.8982436576526337,0.7664529914529853,0.7168470037399668,0.00042356175252677986,0.031027523143673307,0.00036876466001743057,0.5168495364923792,59.25143277943195,500.38571428571385
2025-03-03 11:00:00+00:00,92675.1,False,not_opened,,,,,4.0,0.3233282674772293,0.5955547112462072,1.049441786283883,1.0345331012409376,0.0005588903359328157,0.03115998777615823,0.001443676620759398,1.1853050322189684,59.216176376338055,508.8285714285698
2025-03-04 21:15:00+00:00,88717.7,True,loser,-0.007999999999999896,-0.007999999999999896,stop_loss,1,7.0,0.8580709909148545,0.8873336150433112,2.362071116656266,2.0502173610359034,0.0025699772820051425,0.0014541553793272297,0.0032885920460855567,1.448961889408769,70.1000048311513,923.4142857142859
2025-03-05 10:15:00+00:00,89561.1,True,winner,0.01200000000000001,0.01200000000000001,take_profit,8,7.0,0.9789154086193932,0.9789997469849083,4.481103552532137,3.069489644970399,0.0018888268054004786,0.012158143893276636,0.008874289904734902,4.5370303665713285,89.40377583762411,386.2857142857153
2025-03-05 10:30:00+00:00,89937.7,False,not_opened,,,,,5.0,0.3341617111919774,0.3899884618798219,4.20410447761193,2.5146346129320105,0.002113360673770881,0.013838240579993472,0.003925836626258535,5.693224540592477,90.69066115973382,448.05714285714413
2025-03-05 12:00:00+00:00,90192.2,False,not_opened,,,,,5.0,0.5797790518808389,0.5849531534051174,1.9274932614555413,1.263922029062363,0.0014841749769705093,0.020428216379439486,0.0011622034133481015,1.4475638355749905,83.24093096558158,565.778571428572
2025-03-05 16:45:00+00:00,88878.2,True,winner,0.01200000000000001,0.01200000000000001,take_profit,2,7.0,0.6244800492990286,0.7303959328300718,1.8588201603665442,1.5215021807740245,0.00014636974302995043,0.014851205847328398,0.005409502262443406,1.1244712008642752,41.96760758907903,853.2357142857145
2025-03-05 17:15:00+00:00,89999.5,False,not_opened,,,,,7.0,0.9075588843993267,0.9357445550409015,1.3712162162162123,1.1851202989955565,0.0013020650906849784,0.01582995089185764,0.007602966399613144,0.9402173109825316,55.20082203634267,856.2000000000013
2025-03-06 01:45:00+00:00,91003.6,True,winner,0.01200000000000001,0.01200000000000001,take_profit,11,5.0,0.28494838761303243,0.3027926702408655,3.4771841958820033,2.9155293372660656,0.0008000120864894988,0.022777514047480137,0.0036261453016714997,5.762465970205011,67.23687336659566,428.6357142857149
2025-03-06 04:30:00+00:00,92084.0,False,not_opened,,,,,7.0,0.7091460200316339,0.7241697416974142,1.9635140380385785,1.469261303127123,0.001021227132177005,0.02829603921464882,0.0026022102455223474,1.5335482032023702,74.27744836870905,516.4500000000002
2025-03-06 15:00:00+00:00,90593.9,True,loser,-0.008000000000000007,-0.008000000000000007,stop_loss,7,5.0,0.5490366024401595,0.672378158543899,3.223511712873464,2.2358678407530155,0.00027576470342172144,0.01032381497982643,0.0026995019369119443,2.56488799489074,41.42047930283218,670.8357142857151
2025-03-07 13:00:00+00:00,89410.0,True,loser,-0.008000000000000007,-0.008000000000000007,stop_loss,6,4.0,0.461869201176732,0.5380176510522725,2.7562763137377795,2.1563235217232344,0.0006646265043088739,-0.0010092115450584947,0.0013002007975909421,2.0233758197647673,60.32784301363379,409.86428571428405
2025-03-07 13:30:00+00:00,90051.4,False,not_opened,,,,,6.0,0.5215384615384615,0.8087692307692262,3.5249457700651177,2.646695266487318,0.0012342609114972536,0.0006003454810914956,0.0025952395001908437,4.327721355162746,67.84393491124251,491.17857142857036
2025-03-07 14:45:00+00:00,90411.7,True,loser,-0.008000000000000007,-0.008000000000000007,stop_loss,2,5.0,0.3827190430003242,0.4372777238926619,2.7915162454873306,1.5583686469270375,0.0013599623048285991,0.003033247282394878,0.001236987818383135,3.5861690230537273,62.282499280989285,793.9071428571436
2025-03-11 11:30:00+00:00,81947.9,True,loser,-0.007999999999999896,-0.007999999999999896,stop_loss,2,5.0,0.4083438685208597,0.7127686472819069,1.2979980308499979,1.1311080241869527,0.0009571205712850528,-0.003788887143004972,0.0006337305851322919,1.511720574120079,79.34635950227323,349.6571428571447
2025-03-12 01:30:00+00:00,83298.5,True,loser,-0.008000000000000118,-0.008000000000000118,stop_loss,3,5.0,0.566905867454631,0.6169269734065029,1.561120263591443,1.4593536180230207,0.0005719980873264419,0.01244395744119025,0.0012970215384910575,1.9177511973286923,53.004451038575496,324.66428571428594
2025-03-12 08:00:00+00:00,82673.0,True,loser,-0.008000000000000118,-0.008000000000000118,stop_loss,1,6.0,0.573673036093412,0.732484076433121,1.593638978176305,1.3250276298603474,0.0008471359756925256,0.0017759300096259023,0.002096969696969697,1.9446426444109581,71.50087758684033,355.4642857142847
2025-03-12 17:00:00+00:00,82416.9,True,loser,-0.008000000000000007,-0.008000000000000007,stop_loss,3,6.0,0.7413844770752063,0.8455199280791029,1.1308031175872404,0.988249230541417,0.0003703323086683419,0.0011123310727011917,0.0020547637082527336,0.5682682110796777,39.90928369462769,675.335714285713
2025-03-13 01:45:00+00:00,83880.8,True,loser,-0.008000000000000118,-0.008000000000000118,stop_loss,12,4.0,0.40162872478252604,0.4105126781417763,2.0784766301211532,1.7112026060990184,0.000535395085069279,0.012901278801275564,0.00038641166677013197,2.2835808315724404,62.38188522701056,315.74285714285463
2025-03-13 09:00:00+00:00,83129.9,True,loser,-0.008000000000000007,-0.008000000000000007,stop_loss,15,4.0,0.6355441081776899,0.6374758531873673,1.173847316704488,1.0529068500448164,5.655565480822133e-06,0.006235464191949917,0.000497059765118059,1.412661318136549,51.700772462393026,294.99285714285674
2025-03-14 02:45:00+00:00,82195.7,True,winner,0.004460087328169271,0.004460087328169271,max_holding,24,6.0,0.7893132872815976,0.8917106867127118,1.6679091833276838,1.6663361787536524,0.0009827452892492428,-0.007030750446028277,0.0032062783005626194,2.893884485720344,76.8234459938551,295.3785714285706
2025-03-14 08:15:00+00:00,82429.3,False,not_opened,,,,,3.0,0.5463397042913755,0.5467003245582555,1.3754960317461058,1.2473332476545527,0.0005426178575738128,-8.111497906315539e-05,5.216863815593461e-05,2.0618768017808535,63.6133656582694,222.31428571428634
2025-03-14 08:45:00+00:00,82562.3,False,not_opened,,,,,3.0,0.6173434273915712,0.6180316586373098,0.7161163134549388,0.6473396130346344,0.0005933026483997406,0.000924937749088286,8.84258978862929e-05,1.415410585022263,67.40053200520703,224.45714285714348
2025-03-14 09:15:00+00:00,82849.9,True,winner,0.01200000000000001,0.01200000000000001,take_profit,18,7.0,0.7768106931924043,0.844264843021429,1.5688856376493174,1.3907485177865389,0.0008143725422813386,0.002136346883363639,0.0014613980587217805,1.6391725486100215,69.51090408638572,231.31428571428737
2025-03-14 10:15:00+00:00,82927.1,False,not_opened,,,,,6.0,0.8490172721858349,0.8490172721858349,1.5739395359737764,1.4327248346691972,0.0006689695566721721,0.004064217406017857,0.0004934476426716236,1.6679328240312947,75.62761506276159,234.37857142857163
2025-03-14 10:30:00+00:00,82980.0,False,not_opened,,,,,3.0,0.23229212494501644,0.6722393312802506,1.0257220216606697,0.9490322388237855,0.000665992686706085,0.00461348192653548,2.6513115556173935e-05,1.1676722758475933,77.15939207096149,239.50714285714326
2025-03-14 12:00:00+00:00,83370.0,False,not_opened,,,,,5.0,0.43133711925660384,0.9401135776974769,1.6608788853161593,1.6385003474215079,0.0007427468773479884,0.007760563742265343,0.0004800192007680307,1.439737227577157,83.00360373611869,236.43571428571366
2025-03-14 15:00:00+00:00,84220.5,True,winner,0.01200000000000001,0.01200000000000001,take_profit,2,7.0,0.7430769230769231,0.7431794871794931,3.3185840707965095,2.0607195156931737,0.001307368651591423,0.01086254182772876,0.00867585432133949,2.916257191192348,65.42757850316491,473.13571428571385
2025-03-14 15:15:00+00:00,84899.8,False,not_opened,,,,,7.0,0.9309399835571472,0.9309399835571472,2.484002722940823,1.4315016672738041,0.0019590060666121456,0.012387383530528352,0.005077488223755267,2.1443486437716763,71.87532226461799,509.8142857142853
2025-03-14 15:30:00+00:00,85075.7,False,not_opened,,,,,3.0,0.4238841978287023,0.5307599517490953,1.2158990906424378,0.8099658036150464,0.001969953124458801,0.013967155345298334,0.0014773361334052186,1.818427196938821,71.9382636655949,511.75
2025-03-15 02:45:00+00:00,84505.4,True,loser,-0.008000000000000007,-0.008000000000000007,stop_loss,19,5.0,0.6515088879702152,0.6515088879702152,1.2802328658374629,1.1553235765700878,0.0003013274797873944,0.01446360219494201,0.00023672729252628266,1.8415706566961023,58.54649772890279,209.37857142857268
2025-03-15 03:15:00+00:00,84596.3,False,not_opened,,,,,4.0,0.6370629370629778,0.8048951048951456,0.8249206807037508,0.7249683143219189,0.0003492550318764387,0.014714086344365962,7.802368373461333e-05,1.0414587521965348,72.10586571486303,197.25000000000207
2025-03-15 04:30:00+00:00,84498.5,False,not_opened,,,,,6.0,0.6401564537157722,0.9065623641894852,1.303313508920997,1.138102808691061,0.00018357546706893046,0.014374799203062033,4.378967699783998e-05,0.9360798718206051,52.76875124345122,202.17857142857352
2025-03-15 11:30:00+00:00,84050.1,True,winner,0.004027359872266656,0.004027359872266656,max_holding,24,5.0,0.5569782330345815,0.7516005121639624,0.9372937293729117,0.9302760879737674,0.0001462605866942024,0.007035130300624115,0.0009944430285375374,1.1876348514743982,61.59722222222245,167.90714285714472
2025-03-16 03:30:00+00:00,84184.2,True,loser,-0.00478593370252367,-0.00478593370252367,max_holding,24,5.0,0.7311036789297853,0.8949832775919927,1.1620676253401225,0.8937187753533478,0.00011278731146924237,0.004023345243932587,0.0011916654773797286,1.047057220554225,45.402014198447866,167.278571428571
2025-03-16 03:45:00+00:00,84295.9,False,not_opened,,,,,6.0,0.5098128708352082,0.720675490643496,1.649228453142704,1.2324319980714729,0.00022853642525344497,0.004182203248150161,0.001140143871904836,1.4523501989642325,52.607727778660745,177.778571428571
2025-03-16 16:00:00+00:00,84115.6,True,loser,-0.007999999999999896,-0.007999999999999896,stop_loss,3,4.0,0.4423036205801435,0.4598771966970169,5.625967837998873,4.202291107262604,0.001155272063196655,-0.00564248845658629,0.008460626376485425,4.677801848693305,76.40316343239414,449.56428571428324
2025-03-17 07:45:00+00:00,83525.2,True,loser,-0.008000000000000007,-0.008000000000000007,stop_loss,21,4.0,0.6534521158129046,0.6681514476614699,1.0672688376515405,0.9318666982922233,0.0003184412387524649,-0.0021015239603035868,0.000973107712957158,1.4608029953182475,45.35747446610959,240.9142857142849
2025-03-17 09:15:00+00:00,83717.9,False,not_opened,,,,,4.0,0.8637718177948029,0.8637718177948029,1.0590622182145677,0.9348190681940637,0.0004129119735989395,-0.0007420059160478788,0.00030707760101893715,1.1589242923955518,68.74478483728706,251.2785714285731
2025-03-17 16:00:00+00:00,83706.0,True,winner,0.01200000000000001,0.01200000000000001,take_profit,15,1.0,0.45977777777776485,0.68,1.027045532351931,0.8900190718372555,0.0005723143167881695,-0.0018355776591634477,0.0003704810277860771,0.9601611984683084,56.42890442890447,505.6071428571418
2025-03-19 03:00:00+00:00,82906.3,True,winner,0.005909080492073615,0.005909080492073615,max_holding,24,2.0,0.40341791817714334,0.4614189539099075,0.9040262172284979,0.7647957451624141,0.00032755426414055044,-0.002242156696043738,0.0005587738353850218,0.813464337070114,59.85641438540012,252.48571428571242
2025-03-19 11:30:00+00:00,83964.5,True,loser,-0.0003179915321355198,-0.0003179915321355198,max_holding,24,5.0,0.5926389584376578,0.690285428142216,2.3146913937988263,1.8352369699356503,0.0006599597062861839,0.005741370514414472,0.0011589737597370738,3.1409846664621606,77.13461212018282,217.6285714285706
2025-03-19 13:00:00+00:00,83881.6,False,not_opened,,,,,6.0,0.5864361702127893,0.7676196808510855,1.430337612933898,1.1284332377609387,0.0003864084024043368,0.006797233564388614,0.0008029656037215954,1.2550070120624097,66.68478630155576,266.5642857142853
2025-03-19 15:30:00+00:00,84657.8,False,not_opened,,,,,7.0,0.817013070494976,0.9100064281122772,1.479708306911842,1.3718688978940439,0.0008689569937143649,0.010067469687476127,0.0023965311868750696,1.3118196504525907,78.39878234398833,340.19285714285695
2025-03-19 18:45:00+00:00,85576.0,True,loser,-0.008000000000000118,-0.008000000000000118,stop_loss,2,7.0,0.7116215289681139,0.8101474117243783,4.0206753962784285,2.6576512084965684,0.0014873473786840563,0.012883600236709893,0.0063171164221507954,3.6944019520638856,67.01673519629159,548.7928571428575
2025-03-20 08:45:00+00:00,86193.4,True,loser,-0.008000000000000007,-0.008000000000000007,stop_loss,5,6.0,0.6606683804626965,0.6606683804626965,1.3107099879663198,1.3250608272506224,0.00042470668320171434,0.0168637513602212,0.0018876916460345012,3.0114396086792925,72.85001824595514,205.5
2025-03-20 13:30:00+00:00,85575.1,True,loser,-0.008000000000000007,-0.008000000000000007,stop_loss,8,7.0,0.7066890141703502,0.759408806948052,3.011241110346463,2.265335305719939,0.00015609729467391809,0.010204657974756805,0.002666744778698917,1.8723284745590882,51.874681897868086,289.7142857142847
2025-03-20 14:00:00+00:00,85961.1,False,not_opened,,,,,7.0,0.7503056234718727,0.8132640586797135,2.9437696806117866,2.2722222222222523,0.0005691157160336857,0.010485612941696597,0.001450430236053152,2.1647121307590296,67.52696844439983,288.0
2025-03-20 14:15:00+00:00,86299.9,False,not_opened,,,,,6.0,0.5095503083170271,0.7140923447134795,2.888985444275429,2.08199507940057,0.0008920132113447998,0.011131928586603855,0.0025161674796388062,2.3700640443075627,76.55188141391079,319.3571428571418
2025-03-22 09:30:00+00:00,84438.5,True,loser,-0.0051883915512473955,-0.0051883915512473955,max_holding,24,6.0,0.6694756554306933,0.6699438202247281,2.362831858407106,2.1764192139738587,0.00022712951228620604,0.00014290929316762135,0.0008463014611145124,3.6106038527013915,58.50542267122336,98.14285714285714
2025-03-23 02:30:00+00:00,84178.5,True,winner,0.0013233782973085528,0.0013233782973085528,max_holding,24,6.0,0.6915708812260465,0.7158365261813643,1.6829661472326805,1.3659813084112533,0.00021479355788400767,-0.0018261910433592455,0.0012310437109723461,1.7284538206999756,70.52029864675643,114.64285714285818
2025-03-23 10:30:00+00:00,84470.8,True,winner,0.006989397519616247,0.006989397519616247,max_holding,24,7.0,0.9466591802359017,0.9882088714205987,3.7974413646046505,3.4235891802828053,0.00026485921131680357,0.0010055306045713684,0.0018953635943115715,2.7780608090727528,80.67890691716327,52.0214285714267
2025-03-23 11:00:00+00:00,84650.0,False,not_opened,,,,,5.0,0.5426129426129355,0.5428571428571499,8.666666666666666,5.10825982357677,0.0004238639519251741,0.0015298632385276384,0.002096530366543659,6.711096547683432,79.26109903756412,80.1642857142828
2025-03-23 11:15:00+00:00,84876.8,False,not_opened,,,,,4.0,0.5940282870612917,0.612362493452072,8.080423280423343,3.704997573993318,0.0006395288684359901,0.0020794857123683803,0.0004667763669711615,4.783154983557191,89.06872810725807,103.04999999999771
2025-03-23 13:15:00+00:00,84920.1,False,not_opened,,,,,7.0,0.8540650406504302,0.8544715447154945,2.1983914209114994,1.4224351561209676,0.0004457267451689617,0.003931292782082621,0.0015580034910601243,1.34341684666374,74.88224847502056,172.94285714285277
2025-03-23 13:45:00+00:00,85036.7,False,not_opened,,,,,6.0,0.8310554290053114,0.8545937737281558,2.1440781440782493,1.3112399103936316,0.0005068543501349776,0.004553475114243586,0.0004329416858137823,1.086397849745876,73.21405993172291,200.87857142856643
2025-03-23 16:00:00+00:00,85271.1,False,not_opened,,,,,5.0,0.4151770657673046,0.865430016863426,1.61448407296493,1.4961254280050618,0.00048323264843319613,0.006705069369448309,0.0004622693199831604,0.9795082567540373,71.2661498708008,198.17857142856934
2025-03-23 23:15:00+00:00,85703.9,True,winner,0.01200000000000001,0.01200000000000001,take_profit,19,7.0,0.8436823104693035,0.8436823104693035,1.6468489892984828,1.489361702127683,0.0006131439574796893,0.008095596826174181,0.0018118292578864254,1.6784453153624146,72.06128800574601,185.98571428571137
2025-03-23 23:45:00+00:00,86044.2,False,not_opened,,,,,7.0,0.8253515386183052,0.8640717342571888,2.8257990210193698,2.2494433529797067,0.0008884257131180906,0.009115435273412483,0.002527167929085433,3.856475465140533,72.556410388806,218.14285714285506
2025-03-24 00:15:00+00:00,86382.4,False,not_opened,,,,,7.0,0.9770267285177627,0.9770267285177627,2.4656862745099053,1.8352348410262418,0.0011144087565599925,0.010487951208007776,0.003152910955523633,2.576896023504091,78.12195432009848,246.67142857142608
2025-03-24 02:45:00+00:00,85836.4,False,not_opened,,,,,3.0,0.5741965973534814,0.5741965973534814,0.8642025730039088,0.7429961626244833,0.0002376828264791797,0.01115790775467991,0.0005980059474196376,0.9052561274845753,53.03217538560122,284.79285714285754
2025-03-24 03:00:00+00:00,86172.0,False,not_opened,,,,,7.0,0.921978021978038,0.9233516483516644,1.4562912582516674,1.2397820163487712,0.0005881942490020275,0.011527369217571456,0.0028570929806287933,1.0745231404398232,60.8477889078917,293.60000000000065
2025-03-24 03:15:00+00:00,86342.4,False,not_opened,,,,,5.0,0.39471855455176125,0.6395645123928495,1.7271454290858257,1.491780619045255,0.0007212423012439295,0.01203117974014437,0.001653134168369105,1.6771057225698738,56.71258779038361,289.3857142857149
2025-03-24 13:45:00+00:00,87652.3,True,winner,0.01200000000000001,0.01200000000000001,take_profit,2,7.0,0.656590909090929,0.962727272727286,1.9904998869033894,1.688133735269957,0.0003711024721120282,0.020342408488464275,0.0007695390415472157,1.5780801004597809,57.440882529626975,260.64285714285404
2025-03-24 14:00:00+00:00,88307.7,False,not_opened,,,,,7.0,0.8781827928169464,0.9644867327794155,3.375706853652962,2.5895592682564272,0.0010502655038240327,0.020920799284770995,0.007288804328112542,3.9381046173889795,65.18028685045347,288.15714285713955
2025-03-24 16:00:00+00:00,88372.7,True,loser,-0.008000000000000007,-0.008000000000000007,stop_loss,2,3.0,0.40788267644363513,0.6516956920256599,0.6638271980529328,0.5814015454303182,0.0006649211481419837,0.02302991690901785,0.0005377853658978411,0.9792632876993732,72.6722614840986,375.29999999999774
2025-03-24 17:15:00+00:00,88366.7,True,loser,-0.008000000000000007,-0.008000000000000007,stop_loss,20,5.0,0.8346951602764976,0.9626021370207156,0.9061654563577113,0.7804758400785212,0.0005376142375679294,0.022908294316012868,0.0021183965960497,0.4279464753430105,63.08233225900958,407.6999999999981
2025-03-25 11:15:00+00:00,87284.6,True,winner,0.006796158772566896,0.006796158772566896,max_holding,24,6.0,0.7342937174870119,0.7823129251700862,1.2136959689169131,1.112680087777862,0.0004583338370205414,0.004361173096609568,0.0005307301953385487,0.6772823325291804,80.46096345514954,224.5928571428563
2025-03-25 11:30:00+00:00,87435.7,False,not_opened,,,,,6.0,0.6561007381675613,0.9465914025184422,1.1185041282175876,0.9987609193978203,0.0005800789998622324,0.004826645529968827,0.0011071800684688065,1.2487305412999596,81.58392589209986,230.5857142857141
2025-03-25 13:00:00+00:00,87315.7,False,not_opened,,,,,6.0,0.7932846715328382,0.8826277372262858,1.4740692920163176,1.4305746166239024,0.00029856889097046313,0.005666210832162771,0.00037464340134959947,0.9759091051926666,58.41838414433389,239.4142857142859
2025-03-25 13:15:00+00:00,87638.9,False,not_opened,,,,,7.0,0.8837845228329222,0.8837845228329222,1.5739186571981405,1.5033915724563087,0.0006235775645277997,0.0061439374674895925,0.0032396209071167493,2.491475764136195,63.48444547241805,243.25
2025-03-25 14:30:00+00:00,88103.9,False,not_opened,,,,,7.0,0.7040880503144471,0.8709119496855254,2.3542476401999397,1.675826244071375,0.000925265139163356,0.007958355537535367,0.0027817139865352544,2.0836167649918784,69.14588980947659,379.5142857142845
2025-03-26 07:15:00+00:00,87966.1,True,loser,-0.005979576223113181,-0.005979576223113181,max_holding,24,6.0,0.5540588443814239,0.781283232896151,1.5158516926384096,1.469544186046542,0.0004995614029541517,0.004943417999826319,0.000574414552138642,1.3101731962345422,79.40051463940421,191.96428571428572
2025-03-26 07:30:00+00:00,88167.8,False,not_opened,,,,,6.0,0.5878752550276952,0.7015447391431163,1.7001982160554328,1.7324532929379979,0.0006711684623033065,0.0054798736036988675,0.001590406666984748,3.628097006352943,80.50289626118968,198.04285714285652
2025-03-26 20:15:00+00:00,87173.4,True,winner,0.004306359508749358,0.004306359508749358,max_holding,24,6.0,0.6055327868852459,0.7510245901639344,1.3918996006845465,1.3786145246887511,0.0006243121039628541,-0.005406957312815452,0.0023076206671748386,1.4500071538337216,63.54664844758207,353.9785714285691
2025-03-27 14:45:00+00:00,87240.0,True,winner,0.0003232462173314854,0.0003232462173314854,max_holding,24,5.0,0.5414168332222992,0.9387075283144445,1.6821068360104887,1.1442625331252068,0.0004897748753631692,-0.0033835036414181278,0.0008661783180079046,1.2281115934148719,56.983704689058925,393.5285714285731
2025-03-27 15:00:00+00:00,87335.3,False,not_opened,,,,,3.0,0.32141652613828975,0.897133220910624,1.0734974656046457,0.7453494218200085,0.0005474335842763356,-0.00285874439124433,0.0007757747434328099,0.948570841667755,59.53705583756345,397.8000000000008
2025-03-28 00:45:00+00:00,87307.4,True,loser,-0.008000000000000007,-0.008000000000000007,stop_loss,15,6.0,0.5141968105795471,0.7790742901594522,1.5358422939067444,1.2868327911050266,0.00014071429953732562,0.000580065095600883,0.0011248800299967006,1.247319266616414,49.217621569571484,199.79285714285757
2025-03-28 01:30:00+00:00,87465.3,False,not_opened,,,,,7.0,0.8622177112407965,0.9880740928698376,2.2140449438202574,1.9756508038815794,0.00031401912313522296,0.0007111310110265466,0.0011572245839829795,1.8572300461268358,52.79885057471297,199.47857142857123
2025-03-31 12:45:00+00:00,82735.8,True,loser,-0.008000000000000007,-0.008000000000000007,stop_loss,3,4.0,0.3331733077292448,0.4632741238598192,2.9688223766256647,2.654831808457352,0.0008926331782144192,-0.007906483322699734,0.0028946507145714744,4.210078677143701,78.86802795669523,313.8428571428584
2025-03-31 14:00:00+00:00,83287.5,True,loser,-0.008000000000000007,-0.008000000000000007,stop_loss,15,6.0,0.8688421052631518,0.881578947368421,3.3444816053511364,2.023367613947541,0.0013273742241062259,-0.005236381573287748,0.006623196901117363,2.6393506397034634,67.67834635744916,469.51428571428653
2025-04-01 02:00:00+00:00,82813.4,True,winner,0.010203662692269688,0.010203662692269688,max_holding,24,4.0,0.700589970501495,0.9995083579154089,0.9792970630717238,0.8005622715771554,0.0002665772239198727,-0.0015270770583639612,0.0012477300260427021,0.6077845553307683,65.29734189897988,254.07142857142648
2025-04-01 02:15:00+00:00,82852.0,False,not_opened,,,,,1.0,0.2131419105466846,0.2131419105466846,0.8831992197025588,0.7028915195032291,0.000285628280311645,-0.001256156204518846,0.00046490004649000463,1.5600477454142183,64.47233452000204,257.64999999999833
2025-04-01 08:00:00+00:00,83658.4,False,not_opened,,,,,7.0,0.9177358490565928,0.9713207547169591,1.5835076187630852,1.3985223160434244,0.0005542545168288893,0.004741134263440737,0.0011176928139770739,1.6652596641045172,66.94220171728747,189.4857142857145
2025-04-01 08:15:00+00:00,83892.6,True,loser,-0.007999999999999896,-0.007999999999999896,stop_loss,23,6.0,0.6853965466784128,0.6856892010535701,2.041828503137138,1.6654365687230084,0.0007692107809218474,0.005364181283357567,0.0027083881146464013,3.5348859413913,75.65664931377157,205.17142857142815
2025-04-01 09:30:00+00:00,84295.6,False,not_opened,,,,,4.0,0.6152551878856414,0.7885586090858302,0.8753068237604276,0.8177023618436319,0.000849882967474791,0.008584599325282043,0.0001020323418795997,1.2247923908878924,92.18117408906777,218.04999999999876
2025-04-01 10:15:00+00:00,84378.6,False,not_opened,,,,,3.0,0.5720640569395202,0.5720640569395202,1.0873035066505583,1.0505023532160827,0.0007254601331421195,0.010218211645228067,0.00023234035491181523,1.4768764636272393,85.89618755149333,213.99285714285568
2025-04-01 14:45:00+00:00,84147.3,True,winner,0.01200000000000001,0.01200000000000001,take_profit,2,7.0,0.7157749175619663,0.8032124242101917,3.8512904547318287,2.200351082504397,0.0006038471896325781,0.007083397957767213,0.005538706416295627,2.6497165463477463,51.99231038098568,427.250000000001
2025-04-01 15:00:00+00:00,84865.8,False,not_opened,,,,,7.0,0.963519313304744,0.981759656652372,2.9039922103213724,1.6043033889187548,0.0013638702192408925,0.0081576752488307,0.006326164470789958,2.292085788957394,61.37232790743271,464.75
2025-04-01 15:30:00+00:00,85287.9,True,winner,0.00031305730355657424,0.00031305730355657424,max_holding,24,7.0,0.993169398907079,0.9964139344262196,1.8158139534883901,1.1331895836788939,0.0016103288552855588,0.010290036553986324,0.0010316901408450021,1.284114160092111,63.45868921038854,516.7714285714299
2025-04-02 08:15:00+00:00,84513.3,True,winner,0.01200000000000001,0.01200000000000001,take_profit,22,7.0,0.6037895927601711,0.8294683257918498,1.7049180327869013,1.4966290776068223,0.0002024728708425183,0.005145869155589175,0.0009735749030866243,1.1196332770080542,48.53175869773388,236.2642857142855
2025-04-02 08:30:00+00:00,84640.8,False,not_opened,,,,,6.0,0.6034074775201053,0.7709417889257287,1.0188042430086857,0.9021652942970542,0.0003271088046508108,0.005378922627197105,0.000794574193365271,1.39026032195165,58.81554386560313,234.21428571428572
2025-04-02 09:00:00+00:00,85273.2,False,not_opened,,,,,7.0,0.7792254362897318,0.8185512789863711,3.9933174224343952,2.987399887772307,0.00098329766366545,0.006345128272178757,0.006434708714946618,3.8953291057298904,74.47173798203924,280.0428571428565
2025-04-02 13:30:00+00:00,85427.7,False,not_opened,,,,,7.0,0.7914030517305549,0.9337551172311147,4.105423987776839,3.3599499821364565,0.0007743087985718766,0.00828374821704616,0.004583838500245219,4.210907626324458,56.51590290465708,319.8857142857128
2025-04-02 15:00:00+00:00,86147.5,True,winner,0.01200000000000001,0.01200000000000001,take_profit,2,5.0,0.47065693430656086,0.5740145985401417,2.3892570631322183,1.434297508300689,0.0011747690606866978,0.011744167271079594,0.002498463915990135,2.3090880580864908,69.20914345769826,477.58571428571094
2025-04-02 15:15:00+00:00,86509.1,False,not_opened,,,,,7.0,0.777634408602163,0.8045161290322705,1.5070491006320097,0.9397872125420502,0.0014658526290489693,0.012871514499742777,0.0008075030686273825,1.395026303292384,74.6926970354303,494.7928571428544
2025-04-02 15:30:00+00:00,87137.6,False,not_opened,,,,,7.0,0.7997200661661849,0.8086270517877653,2.0535667624770975,1.4893939599041572,0.00202584493848601,0.014427927704918212,0.006207852193995448,3.368494974622679,77.25439225528868,527.6642857142828
2025-04-02 20:00:00+00:00,87712.4,True,loser,-0.008000000000000007,-0.008000000000000007,stop_loss,1,6.0,0.39435713629261937,0.7854976564653968,5.903960933261003,4.29527287081811,0.0014950035489937896,0.02102682206456801,0.008311357475738424,3.4601376965231765,60.946833047489456,506.65000000000043
2025-04-04 08:00:00+00:00,84207.1,True,loser,-0.008000000000000007,-0.008000000000000007,stop_loss,9,6.0,0.7694784288474138,0.7694784288474138,1.5240431795877667,1.3549794341268484,0.0011565167883869076,-6.343482545581158e-05,0.0026206436710443978,3.24750951880207,87.26098582311748,229.22857142857123
2025-04-04 08:15:00+00:00,84342.4,False,not_opened,,,,,5.0,0.3681632653060908,0.3869387755101962,1.8032384690873149,1.4929054348141473,0.0011998669860218136,0.0009984359956922858,0.000755825611928009,2.692181199908775,90.13533107781565,246.1642857142859
2025-04-04 09:45:00+00:00,84532.3,False,not_opened,,,,,3.0,0.2508674531575421,0.4659958362248587,1.058197172755612,0.99533759281643,0.0008503574537999103,0.0057064756919218895,5.0870717395453703e-05,1.0629423727334009,80.88740413118123,289.5499999999998
2025-04-04 13:45:00+00:00,83304.2,True,loser,-0.008000000000000007,-0.008000000000000007,stop_loss,2,5.0,0.7808377690349416,0.8582118336804733,2.5293658536585424,1.9759379831457067,0.0005349252856940989,-0.004529556977131374,0.000142870349359955,1.5019466815248705,54.62975436705728,656.0428571428565
2025-04-04 15:00:00+00:00,83494.0,True,loser,-0.008000000000000007,-0.008000000000000007,stop_loss,2,6.0,0.8345511482254604,0.906924147529576,1.7629197975770716,1.5468245425188472,0.0008208644242220231,-0.004651519593270158,0.003616886496596402,1.9678679278335256,64.64371262959648,743.1999999999991
2025-04-04 17:30:00+00:00,84125.3,True,loser,-0.008000000000000007,-0.008000000000000007,stop_loss,11,5.0,0.5953314171239409,0.7711871788171799,1.79601095033243,1.5542469250406175,0.0012527768364294367,-0.0011852346736798381,0.006524288107202715,1.4341460161464323,60.87028917133822,738.6857142857158
2025-04-04 17:45:00+00:00,84433.9,False,not_opened,,,,,5.0,0.6015198752922815,0.715315666406846,0.8028157997653455,0.6981159575191611,0.0014855647684630657,0.00014077130701120014,0.0005439161966155635,0.8220757077398317,66.62285248815152,735.1214285714294
2025-04-05 09:00:00+00:00,83711.5,True,loser,-0.007999999999999896,-0.007999999999999896,stop_loss,17,7.0,0.9220365950676008,0.9220365950676008,1.9694477085781894,1.7623554153523295,0.00017519238442798013,0.0009768146113688912,0.0015733429050011965,1.273538749387552,51.32548488184988,142.64999999999938
2025-04-05 09:30:00+00:00,83750.0,False,not_opened,,,,,3.0,0.48442622950824443,0.9778688524590402,0.955738347042684,0.833333333333331,0.0001894597590577085,0.0012459039659433956,0.00022572258097641352,0.6244058376025001,54.50819672131147,146.4000000000004
2025-04-05 09:45:00+00:00,83804.3,False,not_opened,,,,,4.0,0.44921552436008355,0.7919075144509011,0.9770068576039425,0.8291275430360265,0.0002332430209570635,0.0014410717281990778,0.0006160995406715941,1.2273968275021638,59.4168181067239,146.0571428571441
2025-04-05 23:45:00+00:00,83506.1,True,loser,-0.0011364439244558877,-0.0011364439244558877,max_holding,24,4.0,0.5437297547431781,0.6094400740398207,2.600481347773681,2.1885918906210082,0.0005334475512435155,-0.002487970173821315,0.002763101013497356,5.864055926645913,70.49748370596438,197.4785714285733
2025-04-08 01:30:00+00:00,80377.5,True,loser,-0.008000000000000007,-0.008000000000000007,stop_loss,9,6.0,0.7566323174742373,0.8383030037272523,2.2385276073619162,2.05028255843822,0.0013709824097773993,-0.0026023227400927664,0.007906253526778437,2.5772652586137688,61.41790200294203,444.91428571428486
2025-04-08 01:45:00+00:00,80564.0,False,not_opened,,,,,3.0,0.29379882034114785,0.6735214410967608,1.4668537355313942,1.3290656496867423,0.001462569646341727,-0.0012805106673942175,0.0004843216392424713,2.4105975616331556,61.2016727831355,471.98571428571347
2025-04-08 11:45:00+00:00,79949.7,True,loser,-0.007999999999999896,-0.007999999999999896,stop_loss,11,6.0,0.7962586417242556,0.7964619764131654,1.6659891598915841,1.6805467415181938,0.0008682814254437066,-0.0031298265342171007,0.002285394785338408,2.3515694392592734,72.92540181691112,292.64285714285717
2025-04-08 13:00:00+00:00,80017.3,False,not_opened,,,,,4.0,0.34110970996218587,0.46059268600252173,2.155989804587916,1.8910298720378034,0.0006650341911889068,-0.000573997927981405,0.0008167400440264522,2.840810740377923,72.00171944404622,335.4785714285702
2025-04-09 16:45:00+00:00,78227.9,True,loser,-0.008000000000000007,-0.008000000000000007,stop_loss,2,5.0,0.7030452674896975,0.8288065843621399,1.2085944494180807,0.976082814974644,0.0012095269303937783,-0.006318833763610539,0.0042685447407677475,0.8574125822634071,66.06501457067324,622.3857142857097
2025-04-09 17:15:00+00:00,80804.9,False,not_opened,,,,,6.0,0.6329563637349802,0.869796327936429,6.288028649386152,4.561191761577021,0.004128029442344916,-0.001271561155054968,0.02592460927085045,6.285927954402018,75.61561561561548,808.4071428571395
2025-04-09 17:45:00+00:00,82161.9,True,winner,0.01200000000000001,0.01200000000000001,take_profit,12,7.0,0.9140362659502939,0.9141108872472163,2.160232127025081,1.5411293104864663,0.004992377349026356,0.006279264522647784,0.0037640280597845337,1.7465331602656975,82.96293105923554,869.55714285714
2025-04-09 18:00:00+00:00,82281.8,False,not_opened,,,,,3.0,0.1529336734693989,0.7854591836734731,1.2096898626755157,0.8814294318409989,0.0046400158481074705,0.010169924333772019,5.83395116497066e-05,1.6570933810928103,84.92693110647157,889.4642857142826
2025-04-09 18:15:00+00:00,82534.1,False,not_opened,,,,,4.0,0.29764150943397255,0.48903301886793826,1.2300551203945433,0.9596327012302596,0.004483561204363218,0.01387255794482121,0.001020012128562836,1.255886398960601,93.06291040033874,883.6714285714261
2025-04-09 20:30:00+00:00,82756.0,False,not_opened,,,,,7.0,0.8616904500548909,0.9463349188925475,1.3818151175528712,0.9396903882835403,0.002282305721690081,0.03155634132344573,0.0032744990355928205,0.5069465543635419,83.09008633337959,872.5214285714277
2025-04-10 09:45:00+00:00,81995.7,True,loser,-0.007999999999999896,-0.007999999999999896,stop_loss,15,5.0,0.7602297200287096,0.8255563531945269,1.0861598440546036,0.9196887526526923,0.00023573954386391094,0.022777356931513098,0.00019151012442055487,1.0107940961174287,48.7227477363549,302.92857142857247
2025-04-10 14:30:00+00:00,81604.0,True,loser,-0.007999999999999896,-0.007999999999999896,stop_loss,2,6.0,0.6433668801463968,0.6433668801463968,1.389524535977615,1.1132937547290622,0.00011954431317962033,0.01578945425689539,0.0018439900900878423,1.5510416110864793,51.529633705392285,490.88571428571385
2025-04-11 01:45:00+00:00,80405.9,True,winner,0.01200000000000001,0.01200000000000001,take_profit,23,6.0,0.9345197663360988,0.9701127564189644,2.9862068965516886,2.297287054994514,0.001027167742363,-0.004408140935517824,0.00675377035427863,3.1657872589823257,62.56134133042521,320.4214285714282
2025-04-11 02:15:00+00:00,80656.0,False,not_opened,,,,,6.0,0.6390728476821192,0.7615894039735099,2.4160000000000705,1.703808180535971,0.0011536897318544792,-0.002616293880773415,0.002635373676097658,2.2550215987780997,66.61149912283605,354.499999999999
2025-04-11 03:30:00+00:00,80764.7,False,not_opened,,,,,5.0,0.4266906044284635,0.9416517055655291,1.2208219178082085,0.9071837130392553,0.0009069465123698883,0.0007032276391205998,0.0011106276905760422,0.738321992395143,66.22464898595949,368.39285714285717
2025-04-11 03:45:00+00:00,80796.9,False,not_opened,,,,,3.0,0.15329512893979064,0.7225405921680638,0.7649315068492938,0.5761905697831957,0.0008581243547105544,0.0014575601375530407,0.00015720895917762496,0.6701589173883623,71.27307291347275,363.4214285714282
2025-04-11 04:00:00+00:00,80912.2,False,not_opened,,,,,4.0,0.4790195263814055,0.9310344827585957,0.8792694063926835,0.6617052193378559,0.0009127476384538369,0.0022506272980402694,0.0007074392430894452,1.0309710752714099,73.1947319473197,363.75714285714224
2025-04-11 04:15:00+00:00,80982.8,False,not_opened,,,,,4.0,0.34040501446483995,0.91755062680814,0.7702878365830796,0.6051814335438277,0.0009088861973254314,0.0030325242479556985,0.0006672531904587736,0.8087015041090501,82.3568007348602,342.7071428571414
2025-04-11 08:00:00+00:00,81408.6,True,winner,0.01200000000000001,0.01200000000000001,take_profit,7,4.0,0.16472278566599832,0.6062373225152169,4.620972466315109,3.3686779330120085,0.0007001913719351105,0.008582965963186888,0.00025310856637349264,6.249528561845525,63.536691723078334,351.2357142857145
2025-04-11 09:15:00+00:00,82025.0,False,not_opened,,,,,7.0,0.8041559920295976,0.8042983205237705,2.5479601087942187,1.7486933333333479,0.0011167786039472105,0.0112558173950368,0.0027322237367285443,1.828390649690056,72.87558985989656,401.7857142857143
2025-04-11 09:30:00+00:00,82173.4,False,not_opened,,,,,2.0,0.5296428571428156,0.5478571428571221,1.0222709017889686,0.7081180678492716,0.0011834227880500592,0.01217046861986884,0.0001326639281910139,1.4737566349032145,71.47308890855194,395.41428571428594
2025-04-11 09:45:00+00:00,82388.0,False,not_opened,,,,,5.0,0.7877341167829516,0.9713551230260637,0.9860583016476606,0.6855734992626761,0.0013209622815431032,0.013184751957549593,0.001069258809234508,1.0020885283868568,77.069542580885,397.1857142857147
2025-04-11 10:15:00+00:00,82696.8,True,loser,-0.008000000000000007,-0.008000000000000007,stop_loss,6,7.0,0.7672666387609953,0.7777312683131091,1.7693019811146,1.1615412665613307,0.0014461463007218178,0.015133426281772014,0.002386669559599572,1.4975912021338544,78.56644819411515,411.34999999999957
2025-04-11 13:30:00+00:00,82873.9,True,loser,-0.008000000000000007,-0.008000000000000007,stop_loss,3,5.0,0.590861423220965,0.6823970037453183,4.028972385694991,3.2198046410667236,0.0010148483471790204,0.018313691807943455,0.007267003743497425,3.6023201790082076,59.542869180534936,414.62142857142834
2025-04-11 15:30:00+00:00,82485.9,True,winner,0.01200000000000001,0.01200000000000001,take_profit,8,5.0,0.5973435861586684,0.6705697308633328,1.4660517550601917,1.0054850572981309,0.00048618953841117474,0.017220388206071337,0.0020980839039181696,1.001363353250254,55.84377202355231,569.0785714285729
2025-04-11 16:30:00+00:00,82916.8,False,not_opened,,,,,7.0,0.9997157071783979,0.9998578535892093,1.6237738026543567,1.1804398633666928,0.0008787507688881036,0.017784970952268164,0.0038718113248665557,1.1736685362538366,60.74069379304518,595.9642857142857
2025-04-11 17:30:00+00:00,83912.2,False,not_opened,,,,,7.0,0.9173406056046693,0.9174346435960096,2.4544720138488034,1.9632086294884734,0.0017506253757064716,0.020168723264279792,0.01029046142732441,2.1868321010243097,65.16444917509305,541.6642857142849
2025-04-12 06:00:00+00:00,83490.0,True,winner,0.0016540903102169047,0.0016540903102169047,max_holding,24,5.0,0.8660308810172552,0.8664850136240029,1.2291375941947826,0.9329943708007793,0.0003324192185303332,0.016511364558037075,0.00013057160414995105,0.9568363074882599,58.41374978587325,236.01428571428758
2025-04-12 06:15:00+00:00,83577.3,False,not_opened,,,,,5.0,0.29653532608697225,0.5343070652174118,1.6401114206127145,1.301051169544458,0.0004005588910258595,0.01668720425838715,0.0006932521066962733,1.3331321048098628,78.63314447592089,226.2785714285731
2025-04-12 13:30:00+00:00,84131.2,True,winner,0.01200000000000001,0.01200000000000001,take_profit,4,5.0,0.3652584321399777,0.5534707033498291,4.916242218449294,3.4354396768453275,0.0005830315270025643,0.016179143650909344,0.00060656373319759,4.348298437537133,72.94976675005087,252.86428571428613
2025-04-12 14:15:00+00:00,84856.7,False,not_opened,,,,,6.0,0.5720548720124523,0.7974826757177219,3.8118598382748856,2.041576440017301,0.0011929575517404256,0.018065531363296545,0.0012696300019704194,2.859749350694413,87.61821546052656,346.34999999999957
2025-04-12 15:30:00+00:00,85251.9,True,loser,-0.007999999999999896,-0.007999999999999896,stop_loss,5,4.0,0.3534136546184739,0.635609103078967,1.3464311463590413,0.8556280987678558,0.0011675605629848373,0.021339936166162556,0.0010497578159400461,1.3396656837523344,85.20204647936161,436.52142857142877
2025-04-13 16:15:00+00:00,84255.1,True,loser,-0.008000000000000007,-0.008000000000000007,stop_loss,13,4.0,0.5540720961281709,0.6170894526034868,1.2487495831944224,1.1231069125806032,0.00022353778305217453,0.0024961312417063467,0.0006377566168734919,1.3488000633436543,46.53789628385488,333.4499999999981
2025-04-13 17:15:00+00:00,84684.9,False,not_opened,,,,,5.0,0.3239929947460595,0.44833625218914186,1.836898825800234,1.8279102737063595,0.000627769162812486,0.003505288604431555,0.0021881656804733037,1.8323956078832078,77.34070381521127,312.3785714285706
2025-04-14 00:15:00+00:00,84740.1,True,loser,-0.008000000000000118,-0.008000000000000118,stop_loss,6,4.0,0.5751839224834119,0.6161851785393938,2.2442363837712764,2.255459998554587,0.0011775731944925205,-0.0010247276657218637,0.006702631038100117,2.937292381083369,68.15759312320952,494.17857142857036
2025-04-14 02:30:00+00:00,85262.4,True,loser,-0.008000000000000007,-0.008000000000000007,stop_loss,2,5.0,0.4484343090537736,0.5364193328794996,1.4096197673024058,1.1861122325393803,0.0012142975003410772,0.004002889927308451,0.0030870588235293434,2.5960493904449344,74.15717794150478,495.3999999999973
2025-04-14 10:15:00+00:00,84594.3,True,winner,0.01200000000000001,0.01200000000000001,take_profit,17,5.0,0.8514492753623188,0.8815217391304453,1.0592976396085383,0.9196934355214942,9.606636828451975e-05,0.004762047184234396,0.00032755248526010374,1.1091325368409863,50.33642125792304,300.09999999999957
2025-04-14 14:15:00+00:00,85045.7,False,not_opened,,,,,6.0,0.8533851442235765,0.9666716484830329,2.3176307585729568,1.8559229687159622,0.00039557034760040466,0.006022771628987771,0.00041171287849647164,1.5517687653974404,59.21046911003855,360.52142857142877
2025-04-14 14:30:00+00:00,85475.8,False,not_opened,,,,,6.0,0.5804318488529093,0.7649122807017583,2.455675227837614,1.9016717993840697,0.0008412105400603664,0.00667956676268713,0.004793812009216191,3.2087841461487954,63.75367022098582,389.6571428571437
2025-04-14 16:30:00+00:00,84634.9,True,loser,-0.000586046654512451,-0.000586046654512451,max_holding,24,6.0,0.8398085067206525,0.9998158718467947,1.19310193321617,0.9045636242505072,7.401660512629249e-05,0.003921671508576933,0.0018359418464531316,0.7615371427080071,44.559518582608,600.4000000000015
2025-04-14 17:45:00+00:00,84823.8,False,not_opened,,,,,5.0,0.6813273637081882,0.9151962075322694,0.8341388400702844,0.721255868226093,0.0003288782691390768,0.00357238654280591,0.002409598687779219,0.5209022527962403,46.64975692242665,526.442857142858
2025-04-15 01:30:00+00:00,84973.6,True,winner,0.00799542446124435,0.00799542446124435,max_holding,24,4.0,0.27305825242719167,0.6067961165048704,1.366217616580316,1.2852765862625761,0.0003574160963299988,0.003628734737698867,0.00045682099681170624,2.574377240159493,61.257596303550756,256.44285714285587
2025-04-15 02:00:00+00:00,85115.6,False,not_opened,,,,,5.0,0.705316031812491,0.9397237337798471,0.9972865790022899,0.9385979682325731,0.0004548722416630735,0.004215229794272167,0.00014570544938390955,1.3525510081632912,63.49844728401981,254.52857142856894
2025-04-15 02:45:00+00:00,85198.2,False,not_opened,,,,,7.0,0.7378097521982442,0.8357314148681094,2.0798004987531686,1.7163016316331003,0.0004886747440195904,0.004664274131864975,0.0005578345216187301,1.9050934322204656,62.62125640699774,291.5571428571399
2025-04-15 12:00:00+00:00,85651.9,True,loser,-0.008000000000000118,-0.008000000000000118,stop_loss,9,4.0,0.4619540747410562,0.6807744259342329,1.0441937000470205,1.0192748967416592,6.13090908729852e-05,0.009755595223935997,0.0005361773707449732,0.7994707897026706,43.857518720906576,217.89999999999833
2025-04-15 12:45:00+00:00,85783.1,False,not_opened,,,,,7.0,0.8027027027027115,0.9852852852853028,1.4879356568364417,1.3889882016446278,0.00022475463733973022,0.009438915807467753,0.0007034301259408571,0.8220881697516517,48.96670493685442,239.74285714285568
2025-04-15 13:30:00+00:00,86012.0,False,not_opened,,,,,6.0,0.3903144896777962,0.868801852209146,2.2321274763135635,2.0611862288376472,0.00042081754258371795,0.009852007194265452,0.0019418651923867362,3.6333270014006573,57.766608126930215,251.45714285714243
2025-04-16 14:15:00+00:00,84318.9,True,winner,0.01200000000000001,0.01200000000000001,take_profit,12,6.0,0.6336169473866794,0.7964924466052963,2.744995233555866,1.8661266057169845,0.00057813820799546,-0.004387772199743624,0.0017928428856571878,2.710289191660464,59.35389911293515,308.6071428571387
2025-04-16 14:30:00+00:00,84634.3,False,not_opened,,,,,6.0,0.6544926333264423,0.8752853289064287,2.2065018315017904,1.4597658870112746,0.0008809745798221691,-0.0035462223727993434,0.0023473372171381327,2.4631266584064173,63.66433897502659,330.1214285714242
2025-04-16 15:15:00+00:00,85039.6,False,not_opened,,,,,4.0,0.527027027027027,0.6750000000000098,2.1849049640155247,1.551943674631124,0.0011072774167166788,-0.0010978252930984918,0.0025299145299145986,2.8836057771842913,68.31633921909975,381.45714285714035
2025-04-16 17:15:00+00:00,85265.1,False,not_opened,,,,,3.0,0.4619362252226571,0.48635449583455087,0.9704488430443102,0.9100143782794382,0.0008096525312271119,0.00364778819970014,0.00046934529850947666,0.9904738073781528,81.72284945156477,382.52142857142877
2025-04-16 19:45:00+00:00,84286.0,True,winner,0.00015898251192369983,0.00015898251192369983,max_holding,24,2.0,0.4957732471406972,0.5447538538040763,1.049308635533547,0.6852372433767966,4.978373014941084e-05,-0.00035762720263953624,0.0010618005952733741,0.8835160401193808,45.35466705279732,586.9500000000013
2025-04-16 20:15:00+00:00,84557.8,False,not_opened,,,,,5.0,0.8281189648513463,0.9219775975280126,0.6848300489353053,0.44945129890258684,0.00034179598669337174,5.267799444010047e-05,0.0010500881387394572,0.46161570477915115,46.047999428152735,576.0357142857154
2025-04-17 06:15:00+00:00,84562.6,True,winner,0.0025992578279285805,0.0025992578279285805,max_holding,24,5.0,0.5777325186694389,0.8071961982349286,1.6133625410733494,1.6299399304457254,0.0004503435192224625,-0.0005865245287214591,0.0012432273708937974,1.4675382557208845,61.74107454761411,180.74285714285776
2025-04-17 06:30:00+00:00,84720.4,False,not_opened,,,,,5.0,0.6809153713298495,0.6925734024179194,1.2683461117196477,1.2595757905368918,0.000585751500181253,-5.825978100726023e-05,0.0011935797228531519,2.133122825558235,70.86962438758817,183.8714285714294
2025-04-17 07:15:00+00:00,84891.6,False,not_opened,,,,,7.0,0.7629950495049753,0.8867574257426003,1.7028451001053326,1.7518293391149364,0.000632189877279199,0.0013362318160427857,0.0005586710700319966,1.621712173329402,84.79566861974341,184.49285714285674
2025-04-17 15:00:00+00:00,84561.9,True,winner,0.0040325489375239165,0.0040325489375239165,max_holding,24,7.0,0.8350734094616544,0.8350734094616544,2.920438303954244,2.2516660544681693,0.00020971189054819206,0.0008923778122895307,0.004596376596376527,2.28935616788405,48.066717210007305,272.24285714285776
2025-04-17 16:15:00+00:00,84896.5,False,not_opened,,,,,7.0,0.8816249663707282,0.9609900457358082,1.4216867469879169,1.1825743114262184,0.0005244946307165765,0.0017027708724208137,0.0016281552882601745,2.0165517861414894,53.62520671947099,314.3142857142874
2025-04-17 18:00:00+00:00,85234.6,False,not_opened,,,,,5.0,0.6477449455676816,0.8234836702955105,0.9464581416743223,0.8622605363984548,0.0006117709993684883,0.0043089721353434625,0.000649218765592144,1.1850816046256698,76.88179702711723,298.2857142857153
2025-04-18 08:00:00+00:00,84715.9,True,loser,-0.0027373845995851687,-0.0027373845995851687,max_holding,24,5.0,0.9577754891864919,0.9845520082389275,0.8410567345169996,0.7556000222332868,6.242143919266141e-05,0.0013039184901580947,0.0008435279315253109,1.4236903704486674,53.58631747728446,128.50714285714017
2025-04-19 01:15:00+00:00,84526.5,True,winner,0.007020283579705744,0.007020283579705744,max_holding,24,2.0,0.1936579841450199,0.7882219705549663,1.0131956397016804,0.885783892232757,9.017362092511583e-05,-0.0008331682863778147,6.507258551129306e-05,0.8290577758069426,45.69343065693485,99.6857142857147
2025-04-19 02:00:00+00:00,84626.0,False,not_opened,,,,,4.0,0.3755287009063532,0.5166163141993958,3.553408480944657,2.8866878465084356,0.0001879537755182792,-0.0005856282547178828,0.0007805108798486282,3.3092405378851204,58.86533824089323,114.66428571428592
2025-04-19 03:00:00+00:00,84826.1,False,not_opened,,,,,5.0,0.41765036537380135,0.41821247892077057,1.8311888831704175,1.3967808872189411,0.0003321123868216258,0.0003161447780804874,0.0006299197737008345,3.8727063058978373,70.6185567010312,127.36428571428716
2025-04-19 04:15:00+00:00,85045.8,False,not_opened,,,,,5.0,0.9780219780219294,0.9881656804734222,0.9907872696817543,0.8097985527087969,0.00044118599642795076,0.0016619835074416672,0.0010028177767105822,2.527296734220399,79.13283968239848,146.0857142857151
2025-04-19 04:30:00+00:00,85188.0,False,not_opened,,,,,7.0,0.7318579516211784,0.7323726196603231,1.5972050965885787,1.2947168015230948,0.0005589013115854247,0.002140288254934961,0.001655551270353438,3.438664688182226,79.5969993021637,150.0714285714296
2025-04-19 17:45:00+00:00,85189.8,True,loser,-0.0016774308661366977,-0.0016774308661366977,max_holding,24,7.0,0.6587395957194006,0.9183511692429955,1.7995720399427997,1.2807570977917484,6.374567953604249e-05,0.00383165283421119,0.0006859983507848895,0.9403585765975352,41.35945561953224,196.99285714285568
2025-04-20 01:00:00+00:00,85206.4,True,loser,-0.004358827505914986,-0.004358827505914986,max_holding,24,5.0,0.572344975053362,0.8175338560227705,1.389108910891018,1.4214792299898649,7.036624844558581e-05,0.0029413953757893465,0.00021012225828596792,1.3866480317180938,44.59480239889286,98.70000000000229
2025-04-20 23:00:00+00:00,85069.9,True,winner,0.01200000000000001,0.01200000000000001,take_profit,5,7.0,0.9992732558139641,0.9996366279069556,1.6643483519806441,1.266285413790827,0.0003316590501656336,0.00042994117669500735,0.0023778074447288007,2.0747890138377496,66.31792909667004,217.3285714285708
2025-04-21 00:00:00+00:00,85295.4,False,not_opened,,,,,5.0,0.6359203575782052,0.7939861844778121,1.2004878048780345,1.2182306767555635,0.00046876532069228816,0.0016003512076338713,0.000338937331777359,1.8820033455231981,56.24536418928929,202.0142857142855
2025-04-21 00:15:00+00:00,86182.6,False,not_opened,,,,,7.0,0.8560540279787775,0.8560540279787775,4.901868053913353,3.97757798366318,0.0014189506439996613,0.0028201643840417624,0.009801268013418305,7.023271577337089,74.60554951033762,260.58571428571406
2025-04-21 00:30:00+00:00,86644.2,True,winner,0.01200000000000001,0.01200000000000001,take_profit,21,7.0,0.7239321608040168,0.7239321608040168,2.7887015546310794,2.227018385291778,0.0017989617102418531,0.0043583721214158835,0.0036185970870524437,4.784319548416726,84.36499039077509,285.94285714285695
2025-04-21 12:00:00+00:00,87287.3,True,winner,0.01200000000000001,0.01200000000000001,take_profit,9,7.0,0.7393045310853591,0.762486828240259,2.8532772098616457,2.165254237288125,9.056892710934683e-05,0.017027874449400588,0.001918039673921844,2.2836670362929374,42.79710875777465,219.1428571428582
2025-04-21 13:30:00+00:00,87406.3,False,not_opened,,,,,6.0,0.30249266862170515,0.7775659824046963,2.8959660297239913,2.3477918756762057,0.00026148975838524713,0.01579491783685167,0.0023141007631487243,3.0873160681348293,50.849109131403246,290.4857142857145
2025-04-21 14:00:00+00:00,87637.1,False,not_opened,,,,,7.0,0.8630338733431662,0.9828624983264314,2.9983942191890747,2.05773772040301,0.0005091656828575264,0.01570572723464541,0.0009034011740789628,1.6635557158815248,56.73102008870333,362.97142857142796
2025-04-21 14:15:00+00:00,88312.1,False,not_opened,,,,,7.0,0.7646992183074682,0.9230769230769295,3.543556804496195,2.125159071367152,0.0011975301946678396,0.016489699425137953,0.007555057107880462,3.946474350567327,63.75457575260873,415.3571428571418
2025-04-22 00:45:00+00:00,87672.7,True,winner,0.01200000000000001,0.01200000000000001,take_profit,2,6.0,0.6272178180445471,0.9522461306153213,2.829372496662232,1.9903931302831184,0.00044405542606851256,0.010789598650298833,0.00011407360256985013,2.0032957268099976,65.57249159865611,266.17857142857144
2025-04-22 01:00:00+00:00,87718.1,False,not_opened,,,,,5.0,0.14034003091192807,0.7622874806800798,1.7276368491321763,1.238480680357682,0.0004511116890764111,0.011078786798486848,0.0002291956487035716,2.1142725474314323,66.42083699151348,261.20714285714246
2025-04-22 01:15:00+00:00,88355.8,False,not_opened,,,,,5.0,0.5617017528406548,0.5646965559763976,5.746899519109016,3.4296133264284614,0.0011032999448676861,0.011866100496581175,0.006387607494732079,5.520780645865483,74.70793104968526,331.028571428571
2025-04-22 12:45:00+00:00,88947.2,True,winner,0.01200000000000001,0.01200000000000001,take_profit,3,5.0,0.4884038199181395,0.5688949522510139,3.0336264873254395,2.6120267260578443,0.0005105804509690781,0.01584364115999234,0.0005860840473770912,3.563812770389975,65.25799516259052,224.50000000000313
2025-04-22 13:00:00+00:00,89648.4,False,not_opened,,,,,7.0,0.9071964794201254,0.974631115713169,3.94485575695706,2.8200756094381325,0.0012161510657833219,0.016638660985662506,0.005026905829596347,4.91134683894269,77.19468291332021,273.96428571428885
2025-04-22 13:30:00+00:00,90116.1,False,not_opened,,,,,7.0,0.673599217029618,0.9585270369464223,4.085978505373717,2.3462500512567823,0.001503885559164253,0.01843095927320014,0.002403781979977818,4.821660721041676,78.7500460354289,348.385714285717
2025-04-22 13:45:00+00:00,90180.6,True,winner,0.01200000000000001,0.01200000000000001,take_profit,5,4.0,0.10503996085468621,0.5475452617843882,3.028402074586281,1.6754963009233088,0.001427753615179439,0.019494216044937365,0.00033943427620638735,3.757106756753278,87.7085407127216,365.92142857143125
2025-04-22 14:30:00+00:00,90642.9,False,not_opened,,,,,7.0,0.6152906029331693,0.7964421510048793,2.34971282705809,1.6608563972033514,0.0015231836473814653,0.02250355661763139,0.001689689468449488,1.7179070759086055,83.53951570396563,443.38571428571595
2025-04-22 15:00:00+00:00,91310.0,False,not_opened,,,,,7.0,0.8133084219603217,0.9127622880138017,1.9042145593869735,1.4080948250939578,0.001942862892793329,0.024889313901227332,0.004352450604580326,2.2950735975580105,89.02449013023178,494.1428571428592
2025-04-22 21:45:00+00:00,92974.3,True,winner,0.0016316336880191074,0.0016316336880191074,max_holding,24,5.0,0.5415374955852915,0.5415767374328,8.742024013722137,5.136000460676911,0.0019393612869862409,0.03235307692649854,0.01168988030467903,6.154037198039663,77.64841428658062,496.16428571428594
2025-04-22 23:00:00+00:00,93122.6,False,not_opened,,,,,6.0,0.827968923418424,0.8281908990011227,1.5840365682137754,0.8453856980095168,0.001386232601653381,0.03654824986418932,0.0006597808753810259,0.8322041740023247,80.94130222906887,532.8928571428571
2025-04-22 23:15:00+00:00,93562.9,False,not_opened,,,,,6.0,0.5189112760692773,0.838458819370795,2.745269286753916,1.488854081824445,0.0017086985793746123,0.037517512005264146,0.0038937768240342725,1.4360983357705919,82.26915089648696,570.0357142857132
2025-04-23 07:45:00+00:00,94102.5,True,loser,-0.008000000000000118,-0.008000000000000118,stop_loss,9,7.0,0.7377959183673375,0.7379591836734694,2.5942397289284362,2.0699560662386056,0.0007755350938321026,0.03718426377222232,0.0018684723242518126,2.7353800139834634,75.12551134250637,295.89999999999833
2025-04-23 08:00:00+00:00,94343.6,False,not_opened,,,,,6.0,0.450046685340803,0.8946778711484703,2.067168500289496,1.6566857445915284,0.0009469367327510358,0.037559844801789956,0.0008550544752448556,2.719646436459731,76.72061254676755,323.2357142857124
2025-04-23 16:15:00+00:00,93330.4,True,winner,0.0004382280585961684,0.0004382280585961684,max_holding,24,3.0,0.47686322686322064,0.9631449631449627,1.208312716476964,0.7582925774361926,0.00016910599286434902,0.023989053475846844,0.00034084112730510806,0.6094430677065944,45.48287374799058,644.0785714285739
2025-04-23 16:30:00+00:00,93481.0,False,not_opened,,,,,3.0,0.2934190031152558,0.4386682242990661,1.155975692099938,0.7828756832088556,0.00030689993404409144,0.023986047028604483,0.0014204849788534762,0.8434469105632711,44.36002927888145,656.0428571428596
2025-04-23 17:00:00+00:00,93806.1,False,not_opened,,,,,3.0,0.43839427662958486,0.8372416534181346,1.0489889514279762,0.8780645885006969,0.0005728872897108328,0.02427863273459589,0.00039245254043703974,0.5323414988893149,55.54022242065097,573.0785714285729
2025-04-24 16:00:00+00:00,93416.4,True,loser,-0.008000000000000007,-0.008000000000000007,stop_loss,6,4.0,1.0,1.0,0.9694806353738958,0.8463507467669537,0.000584347051412637,0.008033258996016646,0.0004498020870816841,0.6286620002222688,78.00281293952217,320.9071428571416
2025-04-24 16:15:00+00:00,93467.1,False,not_opened,,,,,4.0,0.31393188854496373,0.7969040247678739,0.5764768873817717,0.5057599821049116,0.0005803616530086764,0.008465590819628768,0.0005427312548975517,1.0481445628919068,77.15787936322528,319.32142857142753
2025-04-24 18:00:00+00:00,93268.2,True,winner,0.0038791356539529254,0.0038791356539529254,max_holding,24,6.0,0.8714365567356075,0.913638904415851,1.0359004053271827,1.1243490752379341,0.0002931384401603232,0.008404183947471947,0.0023438986094586815,0.5841455413891734,53.962713884395995,318.22857142857123
2025-04-25 01:00:00+00:00,94123.6,True,loser,-0.008000000000000118,-0.008000000000000118,stop_loss,5,5.0,0.46086391685612466,0.535725885027618,3.108531044926842,2.400178178679813,0.0005882570374047269,0.011306260497745607,0.0027763868617027565,2.737333965884137,76.10028465075575,256.5642857142863
2025-04-25 04:00:00+00:00,93423.1,True,winner,0.0031202133091281503,0.0031202133091281503,max_holding,24,5.0,0.6568265682657068,0.8925789257892737,0.8150375939849915,0.7529935828169699,4.2901480454160534e-05,0.008123809987134101,0.0008216706803905844,0.569313453306576,40.62111801242237,323.9071428571437
2025-04-25 11:00:00+00:00,93983.3,True,winner,0.01200000000000001,0.01200000000000001,take_profit,12,6.0,0.9829212337496889,0.9829212337496889,2.1291723202171964,1.862520347259905,0.0004029926089348379,0.008288188111219619,0.0003650916986876168,1.3946990829849166,63.45279383429695,210.62857142857268
2025-04-25 11:15:00+00:00,94139.9,False,not_opened,,,,,7.0,0.6056501547987412,0.8966718266253454,1.4024423337857201,1.2523713909852796,0.0005237635823696074,0.008658545132849142,0.0015948505160122799,2.3334704384681424,64.98560141770648,206.32857142857392
2025-04-25 11:45:00+00:00,94602.3,False,not_opened,,,,,7.0,0.8743971942130613,0.9116615519508946,2.2673956262425534,2.072223483988219,0.0008920172302244733,0.00970950509056389,0.0036740366661008627,2.5790136595433126,77.48968768414835,220.1500000000025
2025-04-25 12:00:00+00:00,94764.2,False,not_opened,,,,,5.0,0.3034276081663266,0.5583442592245637,2.653578528826951,2.1470098236341326,0.0009707119763724403,0.010456993384872111,0.001284833679548018,4.989889894936217,85.46563333756808,248.67142857143023
2025-04-25 14:00:00+00:00,95273.9,False,not_opened,,,,,7.0,0.9339423752635106,0.9406686075695156,2.8935366739287867,2.1599343287280885,0.0011493460481102336,0.01275663103408572,0.00659909793310665,2.7173323826643383,72.40992838007753,461.1714285714302
2025-04-25 14:45:00+00:00,95338.4,True,loser,-0.008000000000000007,-0.008000000000000007,stop_loss,12,4.0,0.1692998985360007,0.37498188143208266,1.5555806087937063,1.2316343836472496,0.0009735905704086889,0.014417531726228451,5.664355469768264e-05,2.6388043182930816,63.637604970301155,560.1500000000015
2025-04-25 16:30:00+00:00,95304.0,False,not_opened,,,,,5.0,0.7377321874133552,0.9456612143055027,0.7813278457706159,0.6968509369911597,0.0005737500321838507,0.016367700603553813,0.001499559169536325,0.4421642281117413,62.779291553133596,517.6142857142883
2025-04-26 15:15:00+00:00,94336.5,True,loser,-0.0016865158236738509,-0.0016865158236738509,max_holding,24,4.0,0.266059443911804,0.9415148609779598,1.1696103167927836,1.171393044803627,0.00016073122874704637,0.002073389115081198,0.00012191889742910151,0.9879447357598701,60.72096128170869,178.07857142856872
2025-04-26 22:15:00+00:00,94587.0,True,loser,-0.0043726939219977945,-0.0043726939219977945,max_holding,24,4.0,0.266230733302188,0.6398879028491186,1.6871552403467562,1.5962296304186405,0.00034692500307609286,0.0023117703608090626,0.00045164013060541023,3.250264368294723,73.87970523800041,134.12857142856956
2025-04-26 22:30:00+00:00,94712.0,False,not_opened,,,,,7.0,0.645510835913333,0.8544891640867045,1.4959475106136515,1.3934569359560747,0.0004400507803261622,0.0026780098388613765,0.000505999634497071,1.5435404978436906,76.69894287998576,139.07857142856977
2025-04-27 00:00:00+00:00,94740.5,False,not_opened,,,,,6.0,0.6618473895582446,0.8690763052208602,1.7424772568229354,1.466492785326673,0.00030021092786314263,0.0039295115358188235,0.00012245471023104694,1.492571818858227,71.30264446620932,169.79285714285547
2025-04-27 00:15:00+00:00,94910.0,False,not_opened,,,,,7.0,0.7645466847090262,0.8506991429859987,1.3697868396664419,1.2814499814211526,0.00044241394650934573,0.004277823679095334,0.001444502712267449,3.890717958549302,81.75690526778443,173.00714285714224
2025-04-27 01:00:00+00:00,95076.0,False,not_opened,,,,,5.0,0.5257969798657625,0.6413590604026868,2.6831738885763126,2.4511438328498767,0.0005036485465146345,0.0051760488628190176,0.0013997857664221432,2.5917870799108784,78.70493009565816,194.52142857142775
2025-04-28 10:30:00+00:00,95150.0,True,loser,-0.008000000000000007,-0.008000000000000007,stop_loss,13,7.0,0.95313232307452,0.95313232307452,3.6123024830700694,2.90163191296466,0.0006507931235899544,0.005002965830582351,0.0038095177810904637,4.479091864653975,71.18021547502441,220.60000000000062
2025-04-28 11:00:00+00:00,95203.9,False,not_opened,,,,,4.0,0.3730290456431294,0.5101659751037224,2.6578439481665503,1.9523203332947527,0.0005984812745416512,0.005840188226341407,0.0001806975134130828,2.2165512057229826,64.52053980143863,246.8857142857149
2025-04-28 12:30:00+00:00,95448.4,False,not_opened,,,,,6.0,0.6925898752751078,1.0,1.2493125572868695,0.9812814974801709,0.0005464441810680842,0.008128636297400703,0.0005943913359338087,1.0417425154763933,67.81134535970418,277.7999999999998
2025-04-29 14:30:00+00:00,95110.2,True,loser,-0.002467663825751587,-0.002467663825751587,max_holding,24,7.0,0.6742994395516273,0.7601281024819809,2.9923334930521657,2.2267216788916255,0.00026810515051023387,0.003993471025501455,0.000850263181710112,1.9627053448737173,48.61339672091179,280.45714285714035
2025-04-29 16:15:00+00:00,95088.4,False,not_opened,,,,,6.0,0.6415224913494608,0.8276816608996439,1.1976792374637597,0.9628289943363041,0.00021245901476407703,0.0039846945360644745,0.0014681565893268406,0.8184425683462336,59.42028985507247,300.1571428571416
2025-04-29 16:30:00+00:00,95401.3,False,not_opened,,,,,7.0,0.8018964633521555,0.9356740133265211,1.567383008636279,1.234614776143011,0.000506208987043566,0.004383031484787505,0.0027654506812195925,2.8147176699607512,66.77818329278168,316.04999999999876
2025-05-01 09:45:00+00:00,95478.3,True,winner,0.01200000000000001,0.01200000000000001,take_profit,14,4.0,0.22903225806452335,0.22903225806452335,2.961058045554771,2.5890234948605375,0.0004546400032270359,0.004949077533869991,0.0001288416818553507,4.251872731063404,75.99959407347369,155.65714285714057
2025-05-01 10:15:00+00:00,96281.9,False,not_opened,,,,,7.0,0.8941478905186538,0.8942991078179217,4.417501670006786,3.353205360376725,0.0011560685213851674,0.006379495606896452,0.005145684786353279,5.388290910188343,93.57016850173383,197.21428571428365
2025-05-01 12:00:00+00:00,96202.2,False,not_opened,,,,,2.0,0.3496368038740779,0.6523002421307366,1.1111111111111198,0.7927932868973857,0.0005885967150600635,0.009830204649503878,0.00012579257116887568,0.6914774873398294,77.96873482862443,260.47142857142796
2025-05-01 12:30:00+00:00,96373.0,False,not_opened,,,,,6.0,0.6341127922971114,0.8850068775790841,1.7615701478071362,1.258563126004699,0.0006569212014044812,0.01061884959701815,0.00031138743863072565,0.9661179234707318,78.0641362442253,288.82142857142856
2025-05-01 13:00:00+00:00,96448.0,False,not_opened,,,,,4.0,0.6160194174756999,0.9902912621359223,0.9983038526774968,0.7086343309253496,0.0006165585392836626,0.011426586419759473,0.00034434547393135794,0.5307014629531323,74.87700885536276,290.70000000000124
2025-05-01 13:15:00+00:00,96586.4,False,not_opened,,,,,5.0,0.4365930599368902,0.6037854889589722,1.446497832534784,1.1140117475776847,0.0006949587615288078,0.011914521336141431,0.0014142042509071454,1.7188530171754755,75.40930979133257,284.55714285714413
2025-05-01 14:45:00+00:00,96768.2,True,loser,-0.004377471111377429,-0.004377471111377429,max_holding,24,7.0,0.7916807575245209,0.8481569157930271,1.9566583953680536,1.6789552662529765,0.0007284764738733074,0.01257583087102272,0.000996152966891133,1.1000964256029557,65.22187467775777,352.24285714285674
2025-05-01 15:00:00+00:00,97326.4,False,not_opened,,,,,7.0,0.7999140031532085,0.911709903970179,2.116808252427185,1.8119388587964644,0.0012117908691411383,0.013450840877122965,0.004835945404612878,2.6142963788942493,69.1834434867362,385.057142857142
2025-05-01 16:30:00+00:00,97270.9,False,not_opened,,,,,5.0,0.6744186046511235,0.8528816986855137,0.6389920852850947,0.4737805608308172,0.000735212070550384,0.016056490828277318,0.0011743902639855498,0.6394455592418419,61.15554591546245,417.49285714285674
2025-05-02 03:00:00+00:00,97139.1,True,loser,-0.008000000000000007,-0.008000000000000007,stop_loss,18,6.0,0.9195668986852704,0.9195668986852704,1.1565295169945642,1.0893007582139462,0.0003951276856586361,0.012208752632586339,0.001434020618556761,1.167362397698049,74.81088841035859,237.4000000000004
2025-05-02 08:30:00+00:00,96660.1,True,winner,0.006702869125937205,0.006702869125937205,max_holding,24,6.0,0.33636046105484435,0.7949703108627436,1.4311422144463821,1.2908856682769738,1.3478614487638652e-05,0.008615158294612927,0.0005568994982729171,1.0720161189874222,42.44739311084316,221.78571428571635
2025-05-02 09:00:00+00:00,96719.0,False,not_opened,,,,,5.0,0.4217936945209799,0.9635751453933447,1.6330917270681946,1.3713720316622462,7.648399745097123e-05,0.008449782402515033,2.0678503041506883e-06,1.3907167394435347,48.91228515253368,238.2285714285733
2025-05-02 10:00:00+00:00,96722.5,False,not_opened,,,,,4.0,0.8928571428570891,0.8933747412008044,0.933784436926068,0.8915845337377261,8.964140131140219e-05,0.008041068728510105,3.6187305493232976e-05,0.5964842347548842,54.56682117908184,216.69285714285903
2025-05-02 10:15:00+00:00,96819.9,False,not_opened,,,,,5.0,0.7631372549018695,0.7639215686274053,0.6162397293378183,0.6076388888888847,0.00017708371787827915,0.008111337453643482,0.0007938550656324673,0.7985975712277584,55.21014352835146,209.82857142857287
2025-05-02 14:30:00+00:00,97308.0,False,not_opened,,,,,5.0,0.3544658493870301,0.41453590192643974,2.9036359013475503,1.7888471177944907,0.0004680602287669977,0.008681100289006871,0.0011780623189822364,4.526347463120436,58.887179232640314,319.1999999999992
2025-05-02 14:45:00+00:00,97690.1,True,loser,-0.008000000000000007,-0.008000000000000007,stop_loss,19,5.0,0.6774822695035564,0.6891843971631412,2.7579462102690466,1.6368498517796823,0.0007989191477806301,0.00927060248399541,0.0004895419300856587,2.6710898650155914,66.84423609631367,344.5642857142853
2025-05-05 22:30:00+00:00,95146.1,True,loser,-0.008000000000000007,-0.008000000000000007,stop_loss,8,6.0,0.9406620861961296,0.9406620861961296,1.4701561065197768,1.3107219087161537,0.0006855585995293456,-0.00395112420383612,0.0020652975250132263,1.9784179214102093,59.93977415307417,244.29285714285965
2025-05-06 16:00:00+00:00,94763.3,True,winner,0.0037472312593587187,0.0037472312593587187,max_holding,24,5.0,0.5835277648156846,0.9876341577228118,1.6913970007892793,1.2573392284642828,0.0006266743265364028,-0.003905463285737383,0.000698014302429278,1.085337776048615,66.55604719763983,340.8785714285706
2025-05-06 22:15:00+00:00,95616.0,True,winner,0.01200000000000001,0.01200000000000001,take_profit,4,7.0,0.9249070631970369,0.9659851301115188,2.940694178737407,2.1515082266910404,0.0009317937510793239,0.0017483367889825356,0.0013604074310291673,2.874788919285985,65.13374485596692,250.05714285714308
2025-05-06 22:30:00+00:00,96000.0,False,not_opened,,,,,7.0,0.6626402070750647,0.7364969801553113,3.167532112599121,2.082712943471783,0.0012281315775140023,0.0028098339362319772,0.0038239418284025405,3.3467396063915578,71.37543252595142,278.24285714285776
2025-05-06 22:45:00+00:00,96206.2,False,not_opened,,,,,7.0,0.7169680111265763,0.8515299026425647,1.4565712838693112,0.9966583331270288,0.001316750938310518,0.003939012030820206,0.0005564066323670579,1.6176655077937592,73.04825901038473,288.5642857142853
2025-05-06 23:15:00+00:00,96592.2,False,not_opened,,,,,6.0,0.6674687922996041,0.6909309670627135,3.143735224586261,2.001763365016542,0.0014672036264520294,0.00612681655984229,0.002118520977715038,1.9738582222465668,80.09594043101592,332.1571428571427
2025-05-06 23:30:00+00:00,96837.9,True,loser,-0.005428659646687928,-0.005428659646687928,max_holding,24,5.0,0.5878410722833642,0.9882719004308074,1.8462218294299493,1.1881614495521031,0.001571152434924894,0.0074346301790283,0.0004152991238427885,1.1580718971245665,81.56070706065725,351.63571428571385
2025-05-07 00:00:00+00:00,96979.2,False,not_opened,,,,,6.0,0.5399820305480865,0.7879604672057378,1.4754750331418025,0.9335383632224183,0.001426892910084021,0.009739865268902404,0.0010291134863412495,1.9412874281504613,89.10342965163413,357.6714285714271
2025-05-07 00:15:00+00:00,97213.6,False,not_opened,,,,,5.0,0.43300683792276234,0.5133986324154637,2.185821046253221,1.401398549652196,0.0015224664963970902,0.010961650792532834,0.0016857290056672418,1.865503817096073,90.95800234199457,386.11428571428405
2025-05-07 13:30:00+00:00,97184.7,True,loser,-0.008000000000000007,-0.008000000000000007,stop_loss,17,7.0,0.8289085545722801,0.8677482792527081,5.034653465346632,3.4507998061075855,0.000318341601235117,0.013223468038318746,0.002553199390945891,3.814625948160753,59.71550890760897,176.82857142857185
2025-05-07 14:15:00+00:00,97409.0,False,not_opened,,,,,7.0,0.7405345211581352,0.9646436525612551,2.603841971728921,1.600662061940976,0.00047830352545030763,0.013505972004666815,0.0014763728931357484,1.7125398574948552,62.063536688220374,224.40714285714265
2025-05-07 20:45:00+00:00,96723.8,True,winner,0.01200000000000001,0.01200000000000001,take_profit,17,5.0,0.9116373086919078,0.999711233034966,1.030961595712993,0.7712326805911022,0.000267652761154924,0.006407113201141642,0.0032725398124435344,1.1127967054183734,52.037450438143544,449.02142857142775
2025-05-07 21:00:00+00:00,96770.0,False,not_opened,,,,,3.0,0.22400388726921852,0.8032069970845509,0.6126823459363099,0.45379660109307535,0.00028770321644877583,0.0065972010802436195,0.00047661436315125656,0.5767764231627606,53.99415734864504,453.50714285714224
2025-05-07 21:15:00+00:00,97102.0,False,not_opened,,,,,5.0,0.867293625914309,0.971786833855792,1.0919982884039812,0.8656996090847492,0.0005878651536823654,0.007032442144823405,0.003011037025942434,0.78472747542258,63.49414151993218,442.1857142857137
2025-05-07 21:30:00+00:00,97199.9,False,not_opened,,,,,4.0,0.357717629846344,0.999634235552283,0.7799172728569483,0.67512126289795,0.0006281222187152213,0.00751426696602083,0.0008968951569720085,0.8360420594518647,66.63723759073969,404.9642857142847
2025-05-08 02:15:00+00:00,98561.6,True,winner,0.00938905212577712,0.00938905212577712,max_holding,24,7.0,0.8894728198390721,0.937099687961917,2.4424388287204364,1.8056002711174963,0.0011868815163451618,0.013249681779518286,0.00552540297898394,2.74584559379666,74.91054122558516,337.22857142857123
2025-05-08 02:30:00+00:00,98626.7,False,not_opened,,,,,2.0,0.22576177285317325,0.34729916897507584,1.1584436421981867,0.8344409130309254,0.001136185422953906,0.014114669635572648,0.00027180554949855844,1.935364527908113,74.84208559147815,346.09999999999957
2025-05-08 03:30:00+00:00,99076.8,False,not_opened,,,,,7.0,0.7399415599011046,0.9406608226567891,1.7845968712394784,1.1658368584584182,0.0011767406734712882,0.01713473545639661,0.0024394019569852375,1.2633044141855256,86.83261183261183,381.61428571428405
2025-05-08 09:45:00+00:00,99741.1,True,winner,0.01200000000000001,0.01200000000000001,take_profit,23,6.0,0.9073435189749192,0.9073435189749192,1.1541524459612675,0.99422491337367,0.00051811917260558,0.023273055283039197,0.0009141996989463705,0.8190277139816949,84.34409540430548,204.07857142857185
2025-05-08 14:30:00+00:00,99581.0,False,not_opened,,,,,5.0,0.41820624790057515,0.4709439032583086,1.5830896038287903,1.240010710779211,0.0002300463120599172,0.020086157750610203,0.0009287496255851843,1.6730316365835116,50.47534368374237,240.07857142856872
2025-05-08 15:15:00+00:00,100597.4,False,not_opened,,,,,7.0,0.6741334947782597,0.7460269411230458,6.548067393458983,3.6121448794298696,0.0011542104015969112,0.02057224692236814,0.008222335808853686,6.509264167847304,73.05265529933165,365.82142857142543
2025-05-08 15:30:00+00:00,101230.3,False,not_opened,,,,,6.0,0.570180180180188,0.7631531531531583,4.396910279263271,2.539464653397406,0.0016488265146334946,0.021691641262989655,0.002945518314129204,4.0131471539788155,78.92239399969412,437.0999999999975
2025-05-08 16:45:00+00:00,101235.9,True,winner,0.01200000000000001,0.01200000000000001,take_profit,16,4.0,0.40140140140136643,0.7337337337337214,0.8638132295719833,0.5653497898027353,0.0010983415558372123,0.025143220493965182,0.000966004931865478,0.6085710272670058,72.61434080148395,530.114285714283
2025-05-08 17:15:00+00:00,101486.7,False,not_opened,,,,,5.0,0.5892380365578098,0.5892380365578098,1.3177266576454512,0.928312678741653,0.0011386958303862826,0.026430864328164095,0.001687793698311318,1.0605610049994143,76.01838458308063,524.4999999999969
2025-05-08 21:15:00+00:00,103307.5,True,loser,-0.008000000000000007,-0.008000000000000007,stop_loss,3,5.0,0.4405139593908667,0.47239847715735805,5.183500068521322,3.7162507368834654,0.0018302233576892313,0.03148993914301957,0.00449217515593779,4.012914534500367,87.19839142091139,508.90000000000043
2025-05-08 23:45:00+00:00,103228.1,True,loser,-0.008000000000000007,-0.008000000000000007,stop_loss,15,5.0,0.6363953894516584,0.8536500174642202,0.6694726996375586,0.4571656686626793,0.0008091377073711215,0.0359146166840478,0.000757149781871118,0.5199538671217332,70.43406845575987,626.25
2025-05-09 07:30:00+00:00,103865.9,True,loser,-0.008000000000000007,-0.008000000000000007,stop_loss,4,6.0,0.20980769230767551,0.7421153846153734,2.362025891437719,2.162868772096629,0.0008396087318909284,0.03087878295376876,0.0008566445358797631,2.441714599453831,83.66376748960036,240.42142857142713
2025-05-09 10:00:00+00:00,103006.8,True,loser,-0.002313439501081538,-0.002313439501081538,max_holding,24,3.0,0.38164099339832286,0.7981766740018991,0.9087273246679136,0.6251351085781784,2.3247251028868376e-05,0.027620059657496893,0.0003952757266711771,0.6912258309716587,49.917466528092035,508.84999999999957
2025-05-09 10:30:00+00:00,103229.7,False,not_opened,,,,,4.0,0.5457585892368597,0.9568257829127476,0.9395800599914054,0.6537653339391073,0.00022131935333757902,0.027266605598607906,0.0013862104556547896,0.7382486744414068,45.89525130440518,503.08571428571406
2025-05-09 10:45:00+00:00,103323.8,False,not_opened,,,,,3.0,0.37101220953128733,0.5695155573060293,0.7253249535780791,0.5125594808940335,0.00028719468149573935,0.027227126719341025,0.0007738956006118399,0.691832346238313,42.38492105355721,495.35714285714283
2025-05-09 17:15:00+00:00,102997.4,True,loser,-0.0009631311081638172,-0.0009631311081638172,max_holding,24,5.0,0.9009074410163234,0.9009074410163234,0.774202613460731,0.619857289791718,0.00011624709550828172,0.01972537037439651,0.0012014720949356519,0.9218654309594759,39.295166962764014,444.4571428571445
2025-05-09 17:30:00+00:00,103089.9,False,not_opened,,,,,3.0,0.34648628335210474,0.6666666666666302,0.7477869888998367,0.6111721761955645,0.00019078968052954615,0.019682089898407494,0.000632857945715902,0.5501565558516518,42.502529267235,435.3928571428592
2025-05-10 05:45:00+00:00,103319.9,True,winner,0.000529423663786055,0.000529423663786055,max_holding,24,5.0,0.5896504766227529,0.964139809350846,1.738067061144107,1.482360857445004,0.00022830163258857894,0.013391074454104,8.517961767891696e-05,1.470143096107801,69.86147088636136,148.61428571428405
2025-05-10 06:00:00+00:00,103356.6,False,not_opened,,,,,3.0,0.25918079096052354,0.25918079096052354,1.039647577092576,1.0045097542437782,0.00024041411007136304,0.013467876428006544,0.0002787246026723003,2.5525248843071164,64.09017713365571,140.96428571428467
2025-05-10 06:15:00+00:00,103684.5,False,not_opened,,,,,7.0,0.9915305505142515,0.9978826376285629,2.3257122757649515,2.1634103019537823,0.000520299107881872,0.013755107475054575,0.002155391135833136,3.306300463214265,78.15077132046284,152.81428571428427
2025-05-10 06:45:00+00:00,103908.0,False,not_opened,,,,,7.0,0.7415435921867831,0.9716531681753346,2.8616223585547096,2.249559825461184,0.0006394692387694523,0.014365434589546183,0.0006548536209553159,2.9248485975968297,84.79234682256534,186.61428571428405
2025-05-10 23:00:00+00:00,103961.2,True,winner,0.001085982077929204,0.001085982077929204,max_holding,24,7.0,0.9244644870349493,0.987147688838789,2.6862507571169227,2.2330516094227773,0.0005351225851080166,0.008244695841943464,0.0013841597033255192,2.0751599964063563,72.58093687827795,198.6071428571418
2025-05-10 23:15:00+00:00,104772.2,False,not_opened,,,,,7.0,0.780537106554998,0.7806333622100233,6.064798598949418,3.9422670352903304,0.0012306256489014178,0.00918746939166425,0.0077457344597174965,9.879196366144626,83.7378439032498,263.528571428571
2025-05-11 08:15:00+00:00,103806.8,True,winner,0.0006117132981653395,0.0006117132981653395,max_holding,24,3.0,0.22309929372662127,0.2235147486497863,1.0077454469332157,0.9630201188843096,2.4986237843416248e-05,0.007370347664413219,0.0004809318705551991,1.5806558747383457,42.072549419197266,249.9428571428559
2025-05-11 09:00:00+00:00,104228.9,False,not_opened,,,,,7.0,0.9930819013613227,1.0,1.9125053350404853,1.659102930286657,0.00039932734909253753,0.007576712708600206,0.0022616754668792157,1.3827789361251777,56.36798723743662,270.08571428571304
2025-05-11 09:15:00+00:00,104267.7,False,not_opened,,,,,3.0,0.1985670419652204,0.9370522006141081,0.8339735381988551,0.7233018693318356,0.00039673950130669766,0.007852346341975146,0.00037225759842042766,1.0909146396151885,60.85705000232112,270.14999999999833
2025-05-11 09:45:00+00:00,104313.1,False,not_opened,,,,,2.0,0.35804701627489816,0.35804701627489816,0.9440887750747285,0.8320481474516188,0.00036909476017443765,0.008312199822532229,0.0002406796563363553,1.1405453653660962,59.978706929926325,265.84999999999854
2025-05-11 10:15:00+00:00,104455.8,False,not_opened,,,,,6.0,0.7002947920078973,0.9734687192925268,1.3030303030302373,1.1954132289189965,0.00043885549216882147,0.008764733910008853,6.701443969677781e-06,1.0669810596606024,65.55090655509014,255.39285714285506
2025-05-11 10:45:00+00:00,104608.0,False,not_opened,,,,,7.0,0.8326458456098955,0.9127872716558484,1.420975507640824,1.333295920085341,0.000509654451970043,0.009277392416256747,0.001148457239108797,1.337088960469787,71.28931635040246,254.55714285714203
2025-05-11 15:00:00+00:00,104450.1,True,loser,-0.0045524130661435125,-0.0045524130661435125,max_holding,24,7.0,0.6626008262836927,0.8526460751524814,1.8186046511628011,1.7077513798896247,0.0002021584340117233,0.008862062746020298,0.0020213086414543027,1.358553285633374,49.3714614720277,297.6428571428561
2025-05-11 18:30:00+00:00,104442.1,False,not_opened,,,,,7.0,0.7512677155116351,0.8313613314263475,2.894073377234344,2.4458022896602234,0.0003640427069708796,0.006371866983299168,0.003621767891668,2.0913932350823514,49.761989765559925,314.45714285714035
2025-05-11 23:45:00+00:00,104072.7,True,loser,-0.0015988823197629065,-0.0015988823197629065,max_holding,24,4.0,0.5206335973322102,0.886202584410156,0.9902992776057551,0.7870919359752324,4.124478599765169e-05,0.004620509560307031,0.0008924801812658303,1.133246649752967,44.31406306632826,304.79285714285754
2025-05-12 00:00:00+00:00,104273.0,False,not_opened,,,,,5.0,0.7496257485030131,0.9367514970060091,1.0906122448979474,0.8569792215527604,0.00022068376639561293,0.004762917404624604,0.0016618635926993275,1.1665773702832027,50.49708604730882,311.79285714285754
2025-05-12 00:15:00+00:00,104362.6,False,not_opened,,,,,3.0,0.47235387045821164,0.6556082148499411,0.7751020408163027,0.5961788581423335,0.0002816302047343733,0.0049629392498206516,0.0006970953083665019,1.4329753516582187,52.88842544317,318.528571428571
2025-05-12 01:00:00+00:00,104713.1,False,not_opened,,,,,5.0,0.23947001394701764,0.3343096234309786,2.775842044134774,2.0062357596834115,0.0005181462816372662,0.00578726528140134,0.0010812619502868625,4.994988144689261,64.20887684228369,357.3857142857149
2025-05-12 07:00:00+00:00,105570.6,True,loser,-0.008000000000000118,-0.008000000000000118,stop_loss,2,7.0,0.8071193144363934,0.8071852340145023,6.957119926622242,4.837262270811997,0.0014037002104643204,0.0046505839324873215,0.011454850299401253,11.057746643556747,81.1105731630105,313.6071428571418
2025-05-12 08:45:00+00:00,104560.6,True,loser,-0.008000000000000007,-0.008000000000000007,stop_loss,12,3.0,0.3878231859883189,0.48540450375315813,1.0182590233545772,0.5270329670329734,0.00020008644773694684,0.005837201205122262,0.000732168818030686,0.6249857226438137,61.53889964688467,455.0
2025-05-13 15:00:00+00:00,103697.9,True,winner,0.01200000000000001,0.01200000000000001,take_profit,19,7.0,0.7499317871759851,0.8293315143246851,2.3899576133029243,1.7207726876383334,0.00033537681116446727,0.0019708718481398365,0.0027297622408997127,1.3245453669719645,48.71232354063335,425.97142857143
2025-05-13 16:00:00+00:00,104286.6,False,not_opened,,,,,7.0,0.8061174148988696,0.9847064627528439,2.4366641622840057,1.8112364570535022,0.0007872031646889432,0.003112137476163985,0.004927959666664181,1.6481638499251838,58.56120072457511,447.65000000000146
2025-05-14 10:00:00+00:00,103610.4,True,loser,-0.008000000000000007,-0.008000000000000007,stop_loss,20,4.0,0.8119374703931846,0.920416864045459,1.0368369351669215,0.7939074840165135,0.000104176684442292,-0.00010974815063754216,0.0014169207007667538,1.6811825842061014,48.52475800446739,265.90000000000043
2025-05-14 10:15:00+00:00,103793.0,False,not_opened,,,,,6.0,0.45581627558662796,0.7229156265601638,1.9319990354473529,1.4142626588662683,0.0002622562624594593,0.0001257464349738121,0.0015999660320842686,2.1191395476384054,51.856365614798776,283.25714285714326
2025-05-14 11:00:00+00:00,103918.7,False,not_opened,,,,,5.0,0.9872389791183185,0.9872389791183185,1.175187457396096,0.9261703760552745,0.0003236970859716859,0.0006783864809801295,0.0001414767477671417,0.9138245905549722,57.18818429637569,279.21428571428675
2025-05-14 11:30:00+00:00,104039.5,False,not_opened,,,,,6.0,0.6683339746055839,0.7302808772604714,1.1297544012171503,0.9795138234581787,0.000380478923768246,0.0012190997956754279,0.0008629165231678857,0.9257277085523815,61.569166629706785,265.33571428571616
2025-05-14 16:00:00+00:00,103558.4,True,loser,-0.008000000000000007,-0.008000000000000007,stop_loss,5,3.0,0.47691552062866127,0.9361493123772074,0.7508758989488649,0.5453119320464247,1.71520113232404e-05,-0.00010266959556953759,0.0005632844799182644,0.6830003821221896,37.706890114904205,373.3642857142872
2025-05-15 15:45:00+00:00,103211.2,True,winner,0.000290666129257211,0.000290666129257211,max_holding,24,4.0,0.7564327485380032,0.9099415204678277,0.953044447540759,0.7109659217462336,0.0009037922425312317,-0.006353362205586407,0.0016352444180907527,1.4679854877083742,60.95964125560548,481.03571428571325
2025-05-15 16:30:00+00:00,103553.8,False,not_opened,,,,,6.0,0.743869209809273,0.9768392370572354,1.6015273421519334,1.1944323366169718,0.0010081684721472417,-0.004095470048234785,0.001971940009675887,0.932785181309264,62.61343012704191,491.6142857142851
2025-05-15 16:45:00+00:00,103798.9,False,not_opened,,,,,4.0,0.8756698821007373,0.9960700250089108,0.7633983362880093,0.5627180952654377,0.001138808214089737,-0.00303736694496105,0.002235259357674326,1.1579338085462576,68.44558378000464,497.4071428571416
2025-05-15 17:15:00+00:00,103921.8,False,not_opened,,,,,4.0,0.6218450826805902,0.6218450826805902,1.1455633100698135,1.0399030303030459,0.0010586473083225023,-0.0012671897600581342,0.0006335695578493579,1.0507862277519957,76.51823037621932,441.9642857142847
2025-05-15 22:00:00+00:00,103737.9,True,winner,0.002641271897734665,0.002641271897734665,max_holding,24,7.0,0.8770969450821249,0.9487903937842123,1.3205083362480603,1.331150623751212,0.0005505938195453641,0.0012984397520097997,0.00443455115661421,1.7819111019457539,56.660852657764494,425.4214285714282
2025-05-16 09:45:00+00:00,103752.4,True,winner,0.0037743705205857125,0.0037743705205857125,max_holding,24,4.0,0.8851612903225619,0.8858064516128281,0.850480109739369,0.7103807247847518,6.617971008981982e-05,0.003339584171477701,0.000313343919537138,0.6024181099558272,44.933366859441385,218.19285714285903
2025-05-16 13:45:00+00:00,103953.8,False,not_opened,,,,,7.0,0.7275457275457218,0.7275457275457218,2.0907534246575854,1.7257950530035386,0.0003116708913093458,0.0025252665806612274,0.0006372271570427759,2.463130779642435,59.93361454947807,212.25000000000105
2025-05-16 15:00:00+00:00,104060.8,False,not_opened,,,,,7.0,0.7246417142062126,0.7246417142062126,3.695115681233918,2.2450354768173324,0.0004137868591094218,0.002461479270549214,0.0013279087938354239,3.0206042237802184,59.12369577616012,320.1285714285727
2025-05-16 16:00:00+00:00,104257.3,True,loser,-0.007999999999999896,-0.007999999999999896,stop_loss,24,5.0,0.28895689875033265,0.31930629941341465,1.2834697217675655,1.0809735733133492,0.00047572196749601225,0.003507540763504583,0.0010869554780347335,2.8093092582528865,60.36517019644864,362.7285714285733
2025-05-16 17:15:00+00:00,104230.0,False,not_opened,,,,,2.0,0.5421469740633892,0.5425072046109606,0.882811257751636,0.7403371749690562,0.00033793174500096335,0.004252871411554039,7.38805418801647e-05,0.6198011065629451,54.21422032346653,374.96428571428777
2025-05-17 03:45:00+00:00,103464.7,True,loser,-0.005927625557315741,-0.005927625557315741,max_holding,24,1.0,0.26854358419053626,0.4585814834867267,0.8626809901914916,0.6816216786166083,0.00020575805034428463,-0.001773049545805406,5.316105285948471e-05,0.7932493761166742,56.620149761742454,270.97142857142796
2025-05-18 07:30:00+00:00,103571.7,True,winner,0.008180806146852904,0.008180806146852904,max_holding,24,3.0,0.17564402810305646,0.9238875878220089,0.8700967906265198,0.7793494557068804,0.00017152675327580802,0.0012566844513318253,0.0001448481846177022,0.8169563481136817,69.28820308611236,109.57857142857081
2025-05-18 07:45:00+00:00,103893.0,False,not_opened,,,,,7.0,0.7884662576687188,0.8611042944785133,3.794227188082142,2.964714441615151,0.00045109310914348555,0.0016423920027603671,0.0030392495718211255,5.855792971770851,78.6334736276526,137.44999999999916
2025-05-18 13:45:00+00:00,104708.2,True,winner,0.01200000000000001,0.01200000000000001,take_profit,12,6.0,0.5332718894009271,0.866728110599073,5.683603981142133,3.4475714934180663,0.000783013893747686,0.0049839297412853055,0.0018006123230003548,4.294847502211397,84.63570327977128,157.35714285714286
2025-05-18 14:30:00+00:00,105176.0,False,not_opened,,,,,7.0,0.8570235858902125,0.8570235858902125,4.6067307692308255,2.092270260153486,0.0010169032016311697,0.006800497545791986,0.002807930855298599,3.7277796525911024,81.6846411305322,228.98571428571555
2025-05-18 15:45:00+00:00,105484.2,False,not_opened,,,,,4.0,0.2164224664224448,0.4471916971916892,1.645817633760367,1.059924660858329,0.0008649661633199912,0.01023200297555061,3.9817974971530994e-05,1.159938907363968,85.37562889059475,309.0785714285718
2025-05-18 16:45:00+00:00,105789.2,False,not_opened,,,,,5.0,0.5066343042071056,0.6593851132686084,1.917170777105596,1.5718619988009408,0.0008668833635112616,0.01231177975824278,0.0016161941326566565,1.819159311257953,85.30490937110184,393.16428571428486
2025-05-18 22:45:00+00:00,105899.2,True,loser,-0.008000000000000007,-0.008000000000000007,stop_loss,9,7.0,0.8675577156743621,0.9433778857837111,2.0528810177101446,1.814602494645322,0.0013045953135446542,0.007407188017945487,0.004998457851906305,1.7579236187918632,66.88483565137889,453.54285714285965
2025-05-18 23:45:00+00:00,106407.6,False,not_opened,,,,,7.0,0.6918788133810305,0.7662528929097457,2.2939189189188847,2.005515453819377,0.0013630093244658692,0.010774295172836974,0.004282998816465317,3.160442526661981,80.82661094372648,473.99285714285986
2025-05-19 14:45:00+00:00,104276.2,True,winner,0.01200000000000001,0.01200000000000001,take_profit,21,6.0,0.9296924042686706,0.9296924042686706,2.6056021263545635,1.7355642023346223,0.0011780812002155638,-0.005140869896764715,0.004366088791586471,2.0699395948853883,71.23499027302599,367.14285714285717
2025-05-19 15:00:00+00:00,104520.1,False,not_opened,,,,,5.0,0.7380520266182569,0.9095583787054033,1.2613506295307426,0.8675538894095748,0.0012898789665503063,-0.00393816001813572,0.0019085323185169412,1.5853890641850503,73.64541213063767,381.07142857142856
2025-05-19 15:30:00+00:00,104819.9,False,not_opened,,,,,6.0,0.7720854453294795,0.8549963794351798,1.8496567888832798,1.3424524371614939,0.001340769842255618,-0.0017492232184254356,0.0017718821230090858,1.3731683395995524,82.55140628692936,411.48571428571347
2025-05-19 16:15:00+00:00,105058.4,False,not_opened,,,,,7.0,0.977836213373371,0.9926746806911934,1.433494884221881,1.2347347844813525,0.0012397108454460515,0.0011234121121669323,0.0013171915417621877,1.1625269188274776,84.40434157185817,431.1857142857137
2025-05-19 16:45:00+00:00,105314.4,False,not_opened,,,,,7.0,0.7440029298662956,0.8432521516205733,1.3105351571874482,1.1894826915597172,0.001260254525253357,0.0030711263749412412,0.002326068335395395,1.2602051222300785,84.86788842275725,459.10714285714283
2025-05-20 01:30:00+00:00,106290.0,True,loser,-0.008000000000000118,-0.008000000000000118,stop_loss,19,5.0,0.4487034949267272,0.4550920706501286,2.1140019860973074,1.3852417870489082,0.0006770107521980595,0.012878466738107424,0.0005648121999435188,1.796065485976538,65.16834902784368,384.19285714285695
2025-05-20 15:15:00+00:00,105044.5,True,winner,0.01200000000000001,0.01200000000000001,take_profit,11,7.0,0.6154803901224516,0.9539323511101944,1.839664058026339,1.4416736115562843,0.0002542685070270334,0.0011970031306493861,0.0013775023832221162,0.8554518103506586,47.64582734698912,334.2642857142845
2025-05-20 15:45:00+00:00,105294.5,False,not_opened,,,,,4.0,0.7922291735264952,0.7922291735264952,1.0215270770266016,0.884538570358692,0.00043438123173156207,0.0017682261658979847,7.123386552945758e-05,0.773086682836627,61.44163763066175,343.3428571428573
2025-05-20 17:00:00+00:00,106051.1,False,not_opened,,,,,7.0,0.9054438350599174,0.9055453991468623,3.158806544754546,2.3891016863961765,0.0009780272703228121,0.003452283679828923,0.005469584030976378,2.903973236229082,80.31708825731668,412.12142857143044
2025-05-20 17:30:00+00:00,106157.7,False,not_opened,,,,,3.0,0.3461024498886285,0.9746102449888772,0.7202438241899162,0.5813695386778116,0.0008931283892110731,0.004971769810630677,0.00012812770563781943,0.64311354157174,79.24975117548124,386.1571428571447
2025-05-20 19:15:00+00:00,106267.0,True,winner,0.004426585863908761,0.004426585863908761,max_holding,24,7.0,0.6873620715021319,0.8153597175224355,1.8430043383947714,1.5572101852457834,0.0007048560841516061,0.0070318792276021615,0.0023202950358891163,1.4262676514903811,63.341290092462984,436.4857142857155
2025-05-20 19:30:00+00:00,106476.9,False,not_opened,,,,,4.0,0.6210059171597461,0.6357988165680302,0.9030189687416441,0.7836772548110349,0.0008266520634840901,0.007682101288809755,0.0007932890006343885,1.397551755026098,68.85850991114148,431.3000000000008
2025-05-20 19:45:00+00:00,106972.2,False,not_opened,,,,,6.0,0.6382731958762924,0.6382731958762924,2.0732033128506386,1.69925235399005,0.0011938020885453593,0.008626288527339245,0.003491557223264513,3.084676368926303,71.85013098709898,456.6714285714292
2025-05-21 06:15:00+00:00,107827.6,True,loser,-0.008000000000000007,-0.008000000000000007,stop_loss,4,7.0,0.6839502472651082,0.836505319946065,2.1004091910607774,1.8822178345489085,0.0006804511459275187,0.014816809445447623,0.001268443973962595,1.89035762229959,71.44234800838568,354.528571428571
2025-05-21 13:30:00+00:00,107088.3,True,winner,0.01200000000000001,0.01200000000000001,take_profit,5,7.0,0.9175243951343448,0.9175243951343448,3.6201306556981705,3.0262944983819233,0.0005057751250006071,0.007252040977203975,0.004551462387116295,2.5949188786361783,67.0297212479233,247.19999999999814
2025-05-21 13:45:00+00:00,107208.3,False,not_opened,,,,,5.0,0.19436345966958396,0.3171363783608759,2.7648902821316894,2.251523834331853,0.0005646082663972596,0.007674484308747943,0.0005440970601960141,3.6577992586154418,72.9110637113976,274.2142857142836
2025-05-21 14:30:00+00:00,107715.7,False,not_opened,,,,,5.0,0.5377081292850092,0.958006856023503,3.3544147843942627,2.2877263178953897,0.0008518573129143725,0.009184683127734232,0.00015134717556460772,2.0578752040949304,74.57004830917901,357.03571428571223
2025-05-21 14:45:00+00:00,108963.1,False,not_opened,,,,,7.0,0.9173407854096235,0.9816884836005338,5.331503626739957,3.1247455846628758,0.001881893151820302,0.01064181586656562,0.011258468677494254,5.656532314908666,81.99923400995817,435.1714285714271
2025-05-21 16:30:00+00:00,109455.6,True,loser,-0.007999999999999896,-0.007999999999999896,stop_loss,3,6.0,0.6265832681782825,0.6803752931978199,1.4386951631046119,0.9964717798034456,0.0013693015413942522,0.017802179698537677,0.0019048490812147265,1.6718998928900926,91.99074704041361,641.7642857142845
2025-05-21 19:30:00+00:00,108060.0,True,winner,0.01200000000000001,0.01200000000000001,take_profit,15,7.0,0.7313950607086827,0.7313950607086827,1.7293243822311093,1.4453653960944794,0.0005490009435267229,0.011654782407240709,0.006426376082704666,1.0035996151019784,41.84773703011835,837.6428571428571
2025-05-21 19:45:00+00:00,108547.3,False,not_opened,,,,,6.0,0.544651838605124,0.7175589583100503,1.2779602913869432,1.0220303856133386,0.0009281605290443196,0.01231017958606066,0.0014955916490443882,0.7189787107823851,46.147892987754034,875.4142857142859
2025-05-22 01:00:00+00:00,110072.0,True,winner,0.01200000000000001,0.01200000000000001,take_profit,10,4.0,0.20685279187816932,0.3261421319797009,1.7178151871139629,1.221870808156631,0.0009533125752467786,0.021013816380030758,0.00015446822043523693,1.6824991820068413,71.90172040795288,580.4214285714281
2025-05-22 02:15:00+00:00,110405.3,False,not_opened,,,,,6.0,0.4809276777540325,0.7131522734208156,1.367553468961938,1.0164617259333264,0.0009045628952444318,0.02295767963860657,0.0009292601819718085,0.8900330324511708,72.01888106476824,644.7857142857132
2025-05-22 03:30:00+00:00,111290.0,False,not_opened,,,,,7.0,0.6702851007992273,0.7494930215913166,1.40973681997814,1.5542577142100407,0.0012773407335378018,0.02555330923869758,0.003788220438351222,1.4984615509300527,71.08899076807135,539.3571428571439
2025-05-22 03:45:00+00:00,111755.9,True,loser,-0.008000000000000007,-0.008000000000000007,stop_loss,8,6.0,0.8081597222222222,0.8081597222222222,0.9596001665972511,1.0431812889705296,0.0015577478170845094,0.026566126232871932,0.0022950672645739387,1.9893984718417386,81.20779413952106,552.1571428571436
2025-05-22 15:30:00+00:00,111457.3,True,loser,-0.0047695395456377465,-0.0047695395456377465,max_holding,24,6.0,0.8070692194403608,1.0,1.0798591389299133,0.9667025016706907,0.0004163183951295668,0.02183595838199202,0.0018813821372069871,0.78868992733087,59.85590354359662,491.6714285714292
2025-05-23 02:15:00+00:00,111534.6,True,loser,-0.008000000000000007,-0.008000000000000007,stop_loss,9,4.0,0.5394932935916754,0.8375558867362314,0.9088036117381622,0.7301603751586995,0.00019806743665107263,0.016025945722935277,0.0005795281241590187,1.3104270512100207,64.58832101592608,275.692857142858
2025-05-23 14:00:00+00:00,109856.0,True,loser,-0.008000000000000007,-0.008000000000000007,stop_loss,4,4.0,0.6638633377135501,0.7014454664914433,0.8633991377354266,0.5356406672632751,0.0002113126487952588,-0.001833556655440716,0.0014403179638644277,1.0039611662852603,38.34413421355463,710.3642857142861
2025-05-24 11:00:00+00:00,109251.0,True,loser,-0.0016237837639929698,-0.0016237837639929698,max_holding,24,3.0,0.522813208974025,0.5230652886312113,1.6791534391534269,1.3112811068612231,0.0008689353568291924,-0.005416665970175047,0.0002655142736811265,1.631665901558054,74.47989442633126,302.5285714285679
2025-05-25 22:00:00+00:00,108316.8,True,winner,0.01200000000000001,0.01200000000000001,take_profit,12,6.0,0.6747238081115162,0.7596203751760972,6.85837782862948,4.6486286867890945,0.0007691575531587613,-0.004629512246045719,0.004630041848455142,8.624391882204366,72.24169741697422,290.12857142857166
2025-05-25 22:45:00+00:00,109122.6,False,not_opened,,,,,6.0,0.7629577464788896,0.9346478873239519,2.723436900652045,1.845696778386403,0.0012612572312002968,-0.002012523721326275,0.004423703540067431,3.5790589279639895,77.43813682678321,384.67857142857247
2025-05-26 00:30:00+00:00,109140.6,False,not_opened,,,,,7.0,0.7285360746240627,0.7938320959451918,1.611102591627001,1.0859075069399071,0.0007580754092764153,0.002326690944096684,0.0008583454840573865,1.2263113665488323,68.02776643527956,483.74285714285776
2025-05-26 00:45:00+00:00,109500.1,False,not_opened,,,,,6.0,0.7707975986277729,0.8477701543739308,1.175551354757426,0.96240069568295,0.0010013220237088394,0.003183353552823752,0.002299336652359993,1.2762582996880354,78.85734778890442,484.6214285714294
2025-05-26 09:15:00+00:00,109858.5,True,loser,-0.00020480891328389372,-0.00020480891328389372,max_holding,24,2.0,0.4497354497354497,0.5740740740740741,0.8675694285058875,0.7124586014701538,0.00017121011184362267,0.010267856458186325,0.00022579590781338432,0.7972454848520857,57.342503438789265,265.278571428571
2025-05-26 15:15:00+00:00,109836.0,False,not_opened,,,,,7.0,0.8340997523877091,0.9504775380261756,1.2970864877265467,1.1616671558555796,0.00014597789842540898,0.00809996337560328,0.0012397447584320874,1.1227927479924507,54.07869875955003,243.35714285714286
2025-05-26 15:30:00+00:00,109914.9,True,loser,-0.008000000000000007,-0.008000000000000007,stop_loss,9,5.0,0.13989361702126626,0.13989361702126626,2.5184192900201263,2.0873978903957506,0.000200564512651491,0.008192842759172007,0.000590805644060029,5.401144659779799,60.04235217462113,270.19285714285695
2025-05-27 13:00:00+00:00,110331.4,True,loser,-0.008000000000000118,-0.008000000000000118,stop_loss,6,7.0,0.7594591965761929,0.7831922964692077,6.012280701754165,4.23459841129741,0.0007118974870568007,0.004777663794090441,0.005025519289996212,5.858663877929998,68.80613156533573,242.7857142857174
2025-05-27 15:30:00+00:00,109952.4,True,loser,-0.008000000000000007,-0.008000000000000007,stop_loss,23,5.0,0.7293000206483481,0.7943423497831814,1.2192849949647473,0.8991115236706044,0.00025856763887333045,0.005014892107679929,0.0024707926777010505,1.0584772313367414,53.982073606081514,538.6428571428581
2025-05-27 15:45:00+00:00,110091.3,False,not_opened,,,,,2.0,0.5706655710764328,0.5706655710764328,0.6127895266868228,0.45068708751605124,0.0003544889343041202,0.0052750040084096825,0.0003571039145131657,0.8187221257183392,54.41756340787099,540.0642857142874
2025-05-27 16:30:00+00:00,110394.2,False,not_opened,,,,,5.0,0.8369776482021262,0.8644314868804613,0.9717860937315618,0.8177444761377768,0.0005275344225308398,0.006087223381639435,0.0008712752078230836,0.5974111078265678,51.00345136137037,503.33571428571514
2025-05-29 10:45:00+00:00,108712.7,True,loser,-0.008000000000000007,-0.008000000000000007,stop_loss,11,5.0,0.6702188940091858,0.6705069124423823,1.8854194949770438,1.4962292609351948,0.00046550106036336025,-0.0009221699795834918,0.0014988484569322625,2.8636775498148275,76.74306226701668,232.04999999999978
2025-05-29 11:00:00+00:00,108844.9,False,not_opened,,,,,3.0,0.7996368038740532,0.9085956416464522,0.8970947597067733,0.7173252279635138,0.0005372978022237795,-0.0004334223597218193,0.0001635622009590291,1.3069059388596385,86.17249740214716,230.29999999999978
2025-06-01 16:00:00+00:00,105050.0,True,winner,0.005954307472632037,0.005954307472632037,max_holding,24,4.0,0.566046034305824,0.6554757366955022,3.5674686192469465,2.7854621824227848,0.0006117143294717131,-0.001367190121343915,0.0027682321496754485,4.966306996973893,82.6301339160643,244.87857142857268
2025-06-01 21:30:00+00:00,105318.4,False,not_opened,,,,,6.0,0.6228145600458355,0.6228145600458355,1.721262950172665,1.289867701814134,0.0003649559601461849,0.002745529779486751,0.000937085985717434,1.8599258192197765,57.14559901731196,270.4928571428557
2025-06-02 06:30:00+00:00,105114.8,True,loser,-0.008000000000000007,-0.008000000000000007,stop_loss,15,7.0,0.7213930348258856,0.9232409381663408,1.4147812971341986,1.3861093519104788,0.00017020653020916043,0.0012640530110509258,0.0016905316884162247,1.7112060800831408,64.20506560878883,203.01428571428343
2025-06-02 08:00:00+00:00,105476.0,False,not_opened,,,,,5.0,0.5315832649713055,0.7202625102543221,1.2486555697822987,1.156977729568518,0.0003622141647670052,0.0025932953315420024,0.0007353045821335218,1.3590549993885592,71.93105381165901,210.72142857142586
2025-06-02 08:15:00+00:00,105763.2,False,not_opened,,,,,6.0,0.5654656428430801,0.730655640874179,2.6012804097309874,2.209358687546606,0.000587814201304715,0.0030836911099062884,0.0020749600641247934,3.3108675202211,82.07659149122217,229.8857142857118
2025-06-02 22:15:00+00:00,105719.1,True,loser,-0.004315208888460154,-0.004315208888460154,max_holding,24,7.0,0.861707200762996,0.9206803369893598,2.371277798718428,1.9914079634612407,0.0009997715138496677,0.0005266735323448556,0.005017525213587083,4.589496253524415,73.85406447684461,315.9071428571447
2025-06-03 13:30:00+00:00,105542.5,True,winner,0.0066996707487505525,0.0066996707487505525,max_holding,24,6.0,0.2328949312841778,0.8469040933944081,6.1855575868373185,4.707946131292659,0.0002603295730079225,0.0025834229046678933,0.0011895603274989937,4.879033817027802,68.25720847154929,143.73571428571344
2025-06-03 14:15:00+00:00,105739.5,False,not_opened,,,,,7.0,0.959341563786013,0.9756378600822997,4.887369267900413,2.6685701735119776,0.00041761732774592275,0.0028377224353120897,0.0008840837475306157,2.6543539762528603,65.00531475138783,227.64999999999938
2025-06-03 14:30:00+00:00,106299.9,False,not_opened,,,,,7.0,0.989931107578146,0.999823352764519,4.554304102976876,2.1540510423178527,0.0008844326664072533,0.0035794168402502654,0.0051591282813085735,3.797090815937733,73.17702439686786,262.80714285714305
2025-06-03 14:45:00+00:00,106495.1,False,not_opened,,,,,6.0,0.33333333333334164,0.7080129847941341,4.56730394069447,1.9776034753227978,0.0009758490597240321,0.004402336360598452,0.00183537158984013,4.98720613472425,78.32195037607029,295.96428571428675
2025-06-03 22:15:00+00:00,105755.0,True,loser,-0.002154035270199972,-0.002154035270199972,max_holding,24,4.0,0.5877576514678476,0.8182386008744237,0.6484406642365528,0.5609109109109273,2.272799606517495e-06,0.004496379998930523,0.0008413294329969042,0.6303987108944746,45.21864936762045,285.4285714285735
2025-06-03 22:30:00+00:00,105828.2,False,not_opened,,,,,3.0,0.5736677115986971,0.9890282131660763,0.5168084244633661,0.44665583197901454,6.797831877758398e-05,0.004509393443257381,0.0004168868478343273,0.4691658004547054,45.18283285854381,285.6785714285735
2025-06-04 09:30:00+00:00,105619.9,True,loser,-0.008000000000000007,-0.008000000000000007,stop_loss,12,7.0,0.8180619644034339,0.9996704021094073,2.8474894415767866,2.2862371494697586,0.00023195253616359324,0.0005603723040073359,0.0016111901375058717,1.5558232769786924,70.4292343387466,132.70714285714453
2025-06-04 09:45:00+00:00,105783.4,False,not_opened,,,,,6.0,0.6541232986388802,0.6545236188951085,2.17595818815328,1.7243725654553428,0.0003575668707063162,0.0008729503854232286,0.0015470554819162485,3.5508881495676943,75.71976024368645,144.8642857142882
2025-06-04 10:00:00+00:00,105902.3,False,not_opened,,,,,5.0,0.4817518248175471,0.7368207623682219,2.1231166594919344,1.6400171013252787,0.0004308078751666944,0.001247354778691914,0.00030792568600842185,2.317858514679116,76.82423560307606,150.36428571428718
2025-06-04 15:15:00+00:00,105357.1,True,loser,-0.007999999999999896,-0.007999999999999896,stop_loss,20,6.0,0.7832369942196867,0.783477842003866,1.6691457286432043,1.371008066418217,0.0003225020251544919,-0.0023899865187278144,0.0022202414869340477,1.639054138073422,57.9344960454268,302.8428571428573
2025-06-05 12:00:00+00:00,105061.1,True,loser,-0.008000000000000007,-0.008000000000000007,stop_loss,8,6.0,0.705479452054836,0.7986790606653847,3.2625698324022556,2.764029749830881,0.0003461753655817912,-0.0028249235655695443,0.0023976765531467754,3.6954621171322044,69.3748065614365,147.9000000000004
2025-06-05 12:15:00+00:00,105354.5,False,not_opened,,,,,6.0,0.7131745260087465,0.7401555663587854,3.02277736958118,2.408262251212552,0.0005799399536614569,-0.0022728202259081178,0.0020077341991984834,3.7558791728174996,73.89354264230629,170.8285714285708
2025-06-05 12:45:00+00:00,105600.7,False,not_opened,,,,,4.0,0.5139904209730166,0.6370052936727979,2.7106252135292177,1.9767930236696982,0.0006941924695522683,-0.0011103130774960835,0.0011756150884508142,3.664685546377916,76.63518299881964,200.67857142856934
2025-06-05 13:00:00+00:00,105764.5,False,not_opened,,,,,3.0,0.5900576368876062,0.5900576368876062,1.8531375166890114,1.3230297872340768,0.0007763430430554052,-0.0004079515876515248,0.00018724342685735466,2.804617116425921,77.91294642857171,209.82142857142753
2025-06-06 13:30:00+00:00,104308.8,True,loser,-0.0008513183930790591,-0.0008513183930790591,max_holding,24,6.0,0.6698355213520608,0.7368341632714729,4.167924528301868,2.6664942231419024,0.0006182199428408364,-0.00012583652242443167,0.0029923767471556756,2.9141057149543776,69.67031491304665,248.52857142857206
2025-06-06 14:15:00+00:00,104507.9,False,not_opened,,,,,6.0,0.7030812324929727,0.9044506691565162,1.8783981292020526,1.03966162806823,0.0006640588995512342,0.001179612645652586,0.0002364016416035984,1.1603621620230502,71.05980209379032,309.04285714285965
2025-06-06 14:30:00+00:00,104729.9,False,not_opened,,,,,6.0,0.49366244162773903,0.9561930175672423,2.629055831628314,1.3622260207283268,0.0008040006100757946,0.0018793727965428844,0.0018299460677681579,1.903930727620783,72.44047890016849,330.12142857143147
2025-06-06 15:00:00+00:00,105114.8,False,not_opened,,,,,7.0,0.7061442564559216,0.9168299198575297,2.4291585550508175,1.5359515435716946,0.0010105972264438101,0.0033588108470231815,0.0024002723550991443,2.098840748944097,75.70866141732313,365.5714285714317
2025-06-06 17:45:00+00:00,104874.9,False,not_opened,,,,,6.0,0.8543736370244579,0.8822389144656987,1.132702072183314,1.1285426880481173,0.00035198762628274594,0.006285303489174606,0.0008206976120562388,0.6269580858209799,56.905765467409346,365.692857142858
2025-06-07 03:00:00+00:00,104686.4,True,winner,0.0013898653502268932,0.0013898653502268932,max_holding,24,7.0,0.6493386650261073,0.7886804060288821,2.1014867485455504,1.6865782257467008,0.0003062084653042696,0.003500009834327669,0.0010174029451137329,2.6955155695170054,66.1796066661401,192.75714285714432
2025-06-07 09:15:00+00:00,104877.2,True,winner,0.005014435930783989,0.005014435930783989,max_holding,24,3.0,0.43461538461535665,0.8163461538460979,0.8862377503195679,0.5732509153903677,8.563352148693859e-05,0.0057204089293484035,4.767503172773362e-06,0.5562859775138158,51.70400456939763,181.4214285714292
2025-06-07 10:00:00+00:00,104899.8,False,not_opened,,,,,4.0,0.9339464882943582,0.9991638795987351,0.9311015959516326,0.6640755136035066,0.00010303686060386674,0.005596109827718274,3.3366286513442324e-05,0.49989552082130173,51.61617366412205,180.0999999999996
2025-06-07 12:30:00+00:00,105585.5,False,not_opened,,,,,7.0,0.6732460426030916,0.7762360758256779,4.010188087774089,2.98890186915884,0.0005305688998171743,0.007143506386526478,0.0032705791357575125,5.757540025547281,77.11571675302255,171.20000000000124
2025-06-08 01:30:00+00:00,105603.3,True,loser,-0.0020936845723571462,-0.0020936845723571462,max_holding,24,6.0,0.8525411596278333,0.8525411596278333,1.244543429844072,1.0940314370419884,3.328462521379194e-05,0.007121532047797533,0.0005201405232102877,0.8206218947512954,46.16387999525691,127.69285714285694
2025-06-08 01:45:00+00:00,105644.5,False,not_opened,,,,,4.0,0.2237343494828877,0.3685356559607957,1.537238493723825,1.393929539295371,6.728153313617646e-05,0.007108130944924924,0.0001950316168973672,1.4745604530942515,43.65148318232573,131.78571428571428
2025-06-08 10:30:00+00:00,105383.6,True,winner,0.007082695979260478,0.007082695979260478,max_holding,24,7.0,0.8980392156862745,0.8983006535947865,3.7703302119268955,2.890688259109289,9.506703662487404e-05,0.002856144005901495,0.002008131410902591,2.4806785850229858,46.20790629575422,132.3214285714296
2025-06-08 11:15:00+00:00,105537.0,False,not_opened,,,,,4.0,0.5123780945236416,0.5138784696173931,2.3718861209964626,1.6535530746057125,0.0002143301265569164,0.00305579813827695,0.00021134495951751663,1.7364337296100392,56.17800220924739,161.22857142857433
2025-06-08 12:00:00+00:00,105702.7,False,not_opened,,,,,5.0,0.4410987849973519,0.8816693079767122,1.5631709331130785,1.0594019827310537,0.00029977292516369936,0.003632869742340562,0.0003416405940949294,1.3237604336263802,61.513867202022276,178.68571428571678
2025-06-08 13:30:00+00:00,105805.9,False,not_opened,,,,,5.0,0.7666882696045764,0.8165910563836528,0.9775102945834928,0.8772029562251372,0.000286408109562597,0.004381665476087041,0.0010492454704573932,1.44644792429589,79.1583304587785,175.90000000000146
2025-06-08 15:00:00+00:00,105973.4,False,not_opened,,,,,7.0,0.7142363510711861,0.7408431237042105,1.6424517593643528,1.4228121927236657,0.0003508382648671482,0.004973328332969005,0.0010438028808959514,1.4522480531541007,65.35200884629594,203.4000000000004
2025-06-08 16:00:00+00:00,106102.6,False,not_opened,,,,,5.0,0.5940912010276284,0.6875401412973983,1.9359651849549082,1.5015499070055622,0.00036010945313758036,0.005766812182224003,0.0009301535791102772,1.4158541068952153,72.7755229472375,207.38571428571282
2025-06-09 08:45:00+00:00,105889.8,True,winner,0.01200000000000001,0.01200000000000001,take_profit,5,7.0,0.7826249067859792,0.9373601789709091,2.354697102721758,2.000213083315651,0.00032463755071154843,0.0012996645774551435,0.001637395037870136,3.097554988393482,73.56289919466803,134.0857142857151
2025-06-09 09:15:00+00:00,106100.7,False,not_opened,,,,,7.0,0.7040723981900276,0.9070889894419218,2.411786104037883,2.1638381201044212,0.00045772952449274484,0.0019205313872903498,0.0017145160787807984,2.3491230766772144,80.05607039950056,153.20000000000124
2025-06-09 09:30:00+00:00,106571.5,False,not_opened,,,,,7.0,0.9633797054009644,0.9754500818330607,3.530516431924978,2.794739851343618,0.000838382993286757,0.0026372609150242454,0.004145800257228062,4.723872095801419,85.25873481839558,174.90000000000146
2025-06-09 10:00:00+00:00,107140.4,False,not_opened,,,,,7.0,0.7525370804059196,0.8183710642726975,5.380469023450994,3.2411819633121355,0.0011980835279445934,0.00428652644940746,0.002461701408998836,4.280738226225091,87.61944716356611,237.135714285717
2025-06-09 11:30:00+00:00,107682.0,True,loser,-0.008000000000000007,-0.008000000000000007,stop_loss,9,7.0,0.6476459101757308,0.7986548058147078,2.0822227241925084,1.4154473863162886,0.0011011347629334978,0.009147972799003652,0.0018234932921496754,1.9417716044822249,91.35533980582554,325.62142857143147
2025-06-09 12:30:00+00:00,107873.4,False,not_opened,,,,,7.0,0.9675913210655939,0.9678659708870875,1.3952864533435902,1.0694220077625165,0.0009309171747720058,0.011718190468196828,0.001080208246331971,1.0555603737974388,87.07948243992647,340.46428571428885
2025-06-09 14:30:00+00:00,107787.2,True,winner,0.007588099514599156,0.007588099514599156,max_holding,24,6.0,0.841426858513166,0.84172661870503,1.0685458039718416,0.9899949126674679,0.0005499856435224881,0.013210765258662726,0.001424272464344439,1.019348872526269,57.64687835557618,336.9714285714311
2025-06-09 17:00:00+00:00,108218.5,False,not_opened,,,,,7.0,0.8768049155145974,0.9500768049155146,2.067322959669679,1.6772175193227779,0.0006022765240203398,0.01488148059141614,0.0010962072155411655,1.1277230693148868,63.06567071272974,388.1428571428582
2025-06-09 21:15:00+00:00,110530.1,True,loser,-0.008000000000000007,-0.008000000000000007,stop_loss,18,7.0,0.9443011502265638,0.9443011502265638,6.517492049068433,4.178474086095318,0.0018980831042090252,0.019657700272446045,0.010681040946581132,4.0328366187922935,86.15275722282976,343.30714285714413
2025-06-10 09:45:00+00:00,109475.5,True,loser,-0.008000000000000007,-0.008000000000000007,stop_loss,19,4.0,0.8494444444444121,0.9194444444444444,0.8239871824215903,0.8400560037335815,0.00015981620452487633,0.015258756661083436,0.0003581992446747294,0.7517777973666582,53.81820628406105,214.27142857142877
2025-06-10 20:45:00+00:00,109910.6,True,loser,-0.002442894497891923,-0.002442894497891923,max_holding,24,7.0,0.7072181670721807,0.8580697485807008,1.2859377715974514,0.9915750775476068,0.0005543283626880946,0.010322241825984377,0.0020622805066172734,0.6407307619454191,70.01975929585033,373.0428571428565
2025-06-10 22:00:00+00:00,109969.8,False,not_opened,,,,,4.0,0.4508503891611554,0.521475929662739,1.1988940729220727,0.9236416195964544,0.0004302105313755966,0.011309994014996159,0.00074439429237044,1.0579511546209863,67.1700734998353,375.5785714285718
2025-06-11 12:30:00+00:00,109769.0,True,loser,-0.008000000000000007,-0.008000000000000007,stop_loss,22,7.0,0.7435390481570339,0.7435390481570339,5.225830258302345,3.5185093167702153,0.0003843226107578257,0.004949197952678169,0.0030740382664762983,7.315275101174346,63.14561544650098,201.25
2025-06-11 14:00:00+00:00,109948.2,False,not_opened,,,,,7.0,0.807290339026242,0.9227631914351193,1.939678615574798,1.3107563065320762,0.00040665506982007216,0.0058908767308568435,0.0009194590303621758,1.253231586756303,69.38649963648615,299.2928571428565
2025-06-11 14:15:00+00:00,110191.0,False,not_opened,,,,,6.0,0.6143724696356394,0.6591599190283449,1.881904761904748,1.2568261323883472,0.0005789041124830696,0.006334699375501133,0.0019321958382774816,2.523052713870876,72.11979219720946,314.44285714285587
2025-06-15 13:00:00+00:00,105371.8,True,winner,0.0011587540499449211,0.0011587540499449211,max_holding,24,4.0,0.38265786993404766,0.5975494816211249,2.5023584905660035,1.9512216481302354,0.0002487432639901588,-0.0022186574082936356,0.001078299763534087,3.279226212019231,68.39408215554994,163.12857142857163
2025-06-15 14:45:00+00:00,105620.0,False,not_opened,,,,,4.0,0.4167686658506606,0.4167686658506606,1.7513397642015298,1.5047525078112287,0.0003272490122980809,-0.0006717942409372427,0.0005683971201212581,2.2857473586110846,77.28013029315962,217.17857142857142
2025-06-15 23:15:00+00:00,105379.6,True,winner,0.01200000000000001,0.01200000000000001,take_profit,24,3.0,0.8170515097691047,0.8432504440497832,1.017623136014467,0.8577180477719019,0.0002662177580092795,-0.002025492484636439,0.00024109147997904907,0.6144233968338592,53.15810315810329,262.55714285714305
2025-06-15 23:30:00+00:00,105555.4,False,not_opened,,,,,4.0,0.8928934010151989,0.9187817258883249,0.890194306371459,0.7601356006945394,0.0004000826839616334,-0.0016452142902401976,0.0013328286608439604,0.9922750591158075,63.362571616893746,259.16428571428594
2025-06-16 01:45:00+00:00,105756.5,False,not_opened,,,,,5.0,0.48856290402785035,0.7593237195425072,1.4951672862453018,1.4090385866573205,0.00044332652674761164,-0.00022564538169052463,0.0015085627270420324,2.4079451289303795,67.13245211761549,285.44285714285587
2025-06-16 02:00:00+00:00,105873.3,False,not_opened,,,,,4.0,0.6175382989963388,0.7416798732171505,0.7677955789900656,0.6678763136009794,0.0005065532276800067,0.00022807605357039602,0.0001889407321264429,1.5429346117397849,68.3433797547288,283.4357142857137
2025-06-16 03:15:00+00:00,105880.9,False,not_opened,,,,,3.0,0.2878151260503678,0.7584033613445305,0.9189189189189038,0.6692274861288732,0.00034476098251623455,0.0016173085590849479,0.00024467431864337233,0.5683355680727553,59.20569939922335,284.50714285714326
2025-06-16 04:15:00+00:00,106180.0,False,not_opened,,,,,5.0,0.40764196748997483,0.5533037787629288,2.4455343314404687,1.7956785443518273,0.000495645397854183,0.002776414936996513,0.0018219232754237158,3.1958619321171646,70.6403585595798,263.7999999999998
2025-06-16 07:30:00+00:00,107145.7,True,loser,-0.004044026031842618,-0.004044026031842618,max_holding,24,7.0,0.7481811781271968,0.7552217789251314,2.498387569627773,1.834660925726621,0.0007510062286353314,0.007963920616083559,0.002852840064057893,4.390797733185929,82.27136014258706,232.24999999999895
2025-06-16 13:45:00+00:00,107109.0,True,winner,0.01200000000000001,0.01200000000000001,take_profit,21,7.0,0.6438490442738302,0.9470674726351991,3.5607911576497155,2.930009915546855,0.00034110394985420456,0.00875138488705067,0.003317883598676566,2.973262568993054,52.56726734139708,208.90714285714265
2025-06-16 14:15:00+00:00,107290.5,False,not_opened,,,,,7.0,0.6278183023872661,0.8587533156498716,3.403102961918178,2.3058733582721294,0.00045773044381824946,0.009088517477382867,0.000961866786581313,2.6798523911729135,62.35431235431254,261.5928571428553
2025-06-16 14:30:00+00:00,107575.9,False,not_opened,,,,,6.0,0.6036379018612361,0.6110406091370397,2.611433305716627,1.65219778848316,0.0006683885071074869,0.009568597882390355,0.0018644814422629802,3.943083184253815,69.84748652260066,286.16428571428384
2025-06-16 22:00:00+00:00,108733.7,True,loser,-0.008000000000000007,-0.008000000000000007,stop_loss,2,6.0,0.612444651596363,0.612444651596363,1.447461629279845,1.4538370320176461,0.0003871211415951148,0.017298046009790045,0.000628534933842814,1.3193688325660826,67.54930145760807,295.14999999999833
2025-06-17 02:45:00+00:00,107436.3,True,loser,-0.008000000000000007,-0.008000000000000007,stop_loss,18,7.0,0.6157303370786517,0.8666292134831494,2.018598321614872,1.8253735716378554,0.00018282818889381325,0.00630192813248387,0.0023398687322445937,1.0542984421252388,48.995215311004856,487.57142857142856
2025-06-20 07:15:00+00:00,105123.0,True,winner,0.01200000000000001,0.01200000000000001,take_profit,4,6.0,0.8664327002477336,0.8664327002477336,3.912762520193952,3.1940467219291735,0.0005226672589573322,-0.0009594094052044546,0.0037793429023214877,5.004195779814455,70.79762689518739,151.65714285714057
2025-06-20 07:30:00+00:00,105417.2,False,not_opened,,,,,6.0,0.8240896358543336,0.8523809523809606,2.883683360258583,2.0608609599208583,0.0007405009843837185,-0.0002891932087404421,0.0021818140333898354,4.036934618977221,77.99566965666511,173.22857142856915
2025-06-20 07:45:00+00:00,105763.5,False,not_opened,,,,,7.0,0.8194937307783217,0.9945587887390515,3.414378029079056,2.17630185348633,0.0009845418107881088,0.0005872797820042852,0.002783732609967449,3.704467172375715,84.45086705202279,194.22857142856915
2025-06-20 08:00:00+00:00,106196.3,False,not_opened,,,,,7.0,0.9147991543340319,0.9911205073995834,3.7659235668790245,2.2193920300298524,0.0012832698585003577,0.0017129846729651208,0.004070313844361788,4.580041438197904,92.99749259174813,213.1214285714263
2025-06-20 08:15:00+00:00,106358.6,False,not_opened,,,,,6.0,0.6117602713908825,0.6856388993592414,2.112261146496863,1.1926275567543498,0.0013068903677311283,0.0028478591309894696,0.001488693556056759,2.6531852130933102,97.22737306843256,222.44999999999814
2025-06-23 13:30:00+00:00,101948.7,True,loser,-0.008000000000000118,-0.008000000000000118,stop_loss,10,5.0,0.5192674082723857,0.7368324012045975,6.607512690355099,4.694266990891436,0.0005592608072000349,-0.0027868686395738397,0.0029385145105754757,5.964012937141668,58.81366589813444,346.6142857142872
2025-06-23 17:15:00+00:00,102014.9,True,winner,0.01200000000000001,0.01200000000000001,take_profit,5,6.0,0.7040462427745638,0.7363272565584704,2.227173697761959,1.7489113046569515,0.0007151400300735578,-0.003229960679867809,0.004137030905185791,1.4624368125722391,46.916952526150745,642.971428571428
2025-06-23 17:30:00+00:00,102326.0,False,not_opened,,,,,3.0,0.4544086668672846,0.48420102317183283,1.2526623315427599,1.0225064838014957,0.0009389745803540794,-0.002355436147816997,0.0001427015953257,1.5284256071267524,51.30350036546733,649.971428571428
2025-06-23 18:00:00+00:00,102800.1,False,not_opened,,,,,4.0,0.5665009322560636,0.7282473586078424,1.1487728692547925,0.9701850914690023,0.0012021648484095149,-0.00040255073062696886,0.001278869529983821,1.2206683063265529,60.689222804214594,663.3785714285726
2025-06-24 09:15:00+00:00,105348.0,True,winner,0.0023360671298933156,0.0023360671298933156,max_holding,24,5.0,0.5599381283836184,0.6577726218097428,1.71884346959125,1.5058021045626482,0.00022964937843283906,0.019199079100797517,0.0008369759044042967,0.9004199803222723,50.10057471264361,343.471428571429
2025-06-24 14:15:00+00:00,105330.0,False,not_opened,,,,,5.0,0.40055457524576593,0.5810436097806949,1.5269438029252989,1.2907109158939287,0.00018776681315468835,0.015890647774096777,0.0007600950118764845,2.360412624187599,53.88478581979314,307.34999999999854
2025-06-24 14:30:00+00:00,105550.1,False,not_opened,,,,,6.0,0.5833554200901474,0.9276437847866705,1.403123837857889,1.1952301217359549,0.00036921901710518235,0.01602909237323495,0.0005109188766989592,1.8333544239594723,64.39517222674291,315.6714285714261
2025-06-24 16:30:00+00:00,105756.8,True,winner,0.0010231020605766528,0.0010231020605766528,max_holding,24,7.0,0.7709084012895843,0.8211644225298647,1.78988458927361,1.4302708567443037,0.00044878769673650787,0.015801438405534537,0.0030254804254261753,1.1784796551370558,65.36271615352155,368.6714285714282
2025-06-24 16:45:00+00:00,106160.1,False,not_opened,,,,,7.0,0.7399119589141799,0.886463683052101,1.6466324373301102,1.4427642522304491,0.0007705988859760815,0.01626932780132046,0.002919194982385634,2.477689141424373,75.3300935264987,377.88571428571385
2025-06-25 02:00:00+00:00,106691.5,True,loser,-0.001061940267031658,-0.001061940267031658,max_holding,24,7.0,0.7120797498045527,0.8907349491790556,2.223381138635352,1.597608850820816,0.0005806511489778732,0.016383531547291576,0.000887455451331191,3.537713732398608,65.02017228219378,320.22857142857123
2025-06-25 09:00:00+00:00,106781.6,True,winner,0.01200000000000001,0.01200000000000001,take_profit,19,5.0,0.5045846068352563,0.6710197277021503,2.2945489321007173,1.8717634384635227,0.000362778459593871,0.01469098803644553,0.0015156631026074453,3.495753573098751,68.6353173298261,192.27857142856996
2025-06-25 10:15:00+00:00,107066.8,False,not_opened,,,,,7.0,0.7675319643548999,0.8072452537776045,3.0454277286135523,2.1208510638297753,0.0005197436770247865,0.014975214169028464,0.0010920991117344826,3.3347114949827676,67.13202840145854,243.39285714285714
2025-06-25 11:30:00+00:00,107147.3,False,not_opened,,,,,7.0,0.9117879746835863,0.938291139240538,1.2809728908030922,0.9846701722170793,0.00041949979132338555,0.015717525622420465,0.0006285020545386898,1.2522119660027873,62.28467815049883,256.73571428571347
2025-06-25 12:45:00+00:00,107177.9,False,not_opened,,,,,4.0,0.6054033485539936,0.6967275494672346,1.2358335292734592,1.0695037934943898,0.0003195424739204089,0.01602270017329869,0.00026505023355213213,0.8725822154629456,59.13719317231544,245.72142857142794
2025-06-25 13:15:00+00:00,107820.1,False,not_opened,,,,,7.0,0.9230619778511658,0.9232562657858965,2.335829362378103,2.0524082144180054,0.0008193469996120584,0.0167241021021726,0.004072346781793759,4.6548137474209526,77.92201897326476,250.778571428571
2025-06-26 01:30:00+00:00,107568.0,True,winner,0.0033876245723634124,0.0033876245723634124,max_holding,24,5.0,0.2892874773737103,0.5033733750205622,2.86380772855799,2.7679344112958217,0.00020487464257001875,0.012255373952396256,0.0014085333099974483,4.235494913334628,56.82174185463646,219.54999999999978
2025-06-26 14:30:00+00:00,107592.9,True,loser,-0.008000000000000007,-0.008000000000000007,stop_loss,4,7.0,0.7920188716335689,0.8228818557106224,2.4863147605083125,1.8664954397735618,0.00034489105965329614,0.005743626322137841,0.003047563999776203,2.827822800176462,57.4083226252838,272.5428571428555
2025-06-27 09:45:00+00:00,107042.6,True,winner,0.002043111807822351,0.002043111807822351,max_holding,24,2.0,0.3468354430380238,0.563713080168801,0.6814261069580446,0.545329038196048,2.2405492510202407e-05,0.0010757865156015775,5.32526633339684e-05,0.8750371809140424,45.32868315366766,217.2999999999977
2025-06-27 15:30:00+00:00,107130.0,False,not_opened,,,,,6.0,0.7563057819169718,0.8463329452852193,2.1153293658936634,1.5765944894793074,0.0003524530311440621,-0.0010218943102254033,0.0036067263103658253,2.032337405355484,54.98395409899827,326.9071428571416
2025-06-27 15:45:00+00:00,107261.3,False,not_opened,,,,,3.0,0.34949387320190206,0.6875332978156629,1.3847288823312827,1.1293379461504018,0.00043588953461215496,-0.0006219173276613999,0.00048596575667019085,1.6278732050814113,53.42824085718598,332.4071428571427
2025-06-27 16:30:00+00:00,107396.1,True,loser,-0.008000000000000007,-0.008000000000000007,stop_loss,5,4.0,0.35283107159570654,0.3827795975667011,1.404304254969595,1.2796407185628569,0.0004542935816143068,0.00035352606320904277,0.00016297474543344764,1.951141965916367,68.38583774742095,334.0
2025-06-28 02:15:00+00:00,107135.0,True,winner,0.0022308302608857744,0.0022308302608857744,max_holding,24,5.0,0.8889728096676908,0.9667673716012509,1.0064614215127219,0.9769157794876652,0.0001535220333277465,0.0006091553995140092,0.00045944466960135786,1.1270650302257572,53.31259011914712,135.5285714285731
2025-06-28 15:30:00+00:00,107246.9,True,loser,-0.00023590425457509223,-0.00023590425457509223,max_holding,24,7.0,0.999039385206616,1.0,2.113705583756168,1.6084317404259856,4.68062273693004e-05,0.001418817355408001,0.0005056314469175335,1.3258033350766976,46.82675814751204,64.72142857142379
2025-06-28 15:45:00+00:00,107407.6,False,not_opened,,,,,5.0,0.5367156208277697,0.5647530040053683,5.9092702169629785,3.646987218502976,0.00018511582938351978,0.0015680518749194312,0.001498411609100232,5.527594941838731,61.746584516474954,82.14999999999625
2025-06-28 17:30:00+00:00,107361.2,False,not_opened,,,,,6.0,0.704225352112693,0.777961888980915,1.4919653893696634,1.1117105263157945,9.861742056171963e-05,0.0017989515865382709,0.00038110217731402335,0.6540362558468584,65.03674014695972,108.57142857142546
2025-06-28 17:45:00+00:00,107424.5,False,not_opened,,,,,4.0,0.4192052980132643,0.5397350993377483,1.6899832120873246,1.340604984463217,0.00014542132477202152,0.0019100315911054393,0.0003398890006332179,1.6096711742610905,65.85779517286345,112.63571428571179
2025-06-29 00:15:00+00:00,107379.6,True,loser,-0.000908924972713665,-0.000908924972713665,max_holding,24,7.0,0.7204707860445668,0.7301387137452933,4.426046511628069,3.3123818995525354,0.00012545008185926854,0.001330433320325728,0.0011253145426627688,4.671346295422552,71.58765510658606,71.8214285714296
2025-06-29 08:30:00+00:00,107649.9,True,winner,0.0015271728074062185,0.0015271728074062185,max_holding,24,7.0,0.8390328151985982,0.8393782383419689,8.166431593794746,4.554956169925588,0.00031600125088449005,0.0015819076910195532,0.0018314967181029523,8.359065463059899,87.1896722939412,63.55714285714618
2025-06-29 09:00:00+00:00,107700.0,False,not_opened,,,,,4.0,0.24041213508872752,0.6491127647395311,4.406052963429778,2.325789273487902,0.00030227853763542534,0.002078585278891731,3.3427301191180215e-05,2.7451930409941463,91.94574681848545,75.11428571428821
2025-06-29 09:30:00+00:00,107870.4,False,not_opened,,,,,7.0,0.6993939393939042,0.7,3.552206673842508,1.9293410172888483,0.00039372068189069687,0.00266964716291224,0.000922326043184105,3.8097726180757103,92.97297297297212,85.52142857143086
2025-06-29 10:00:00+00:00,108113.6,False,not_opened,,,,,7.0,0.9409859661749027,0.9409859661749027,4.998201438848293,2.4785627826972374,0.0005390544432593014,0.0033904474919880002,0.0016454195078565615,3.646311251665457,93.06412804686789,112.12142857143044
2025-06-29 11:45:00+00:00,108448.3,False,not_opened,,,,,7.0,0.9603361344537718,0.9606722689075728,2.9543197616681938,1.6273345315308314,0.0005712333920384616,0.005560697732330462,0.0023087196218062444,2.1305836997128895,84.76330373238983,182.8142857142853
2025-06-29 22:15:00+00:00,107971.8,True,winner,0.0039102802768871125,0.0039102802768871125,max_holding,24,7.0,0.8919678714859671,0.9385542168674582,1.9560094265514085,1.6878903791216866,0.00040423537346878646,0.0015126377507057801,0.002035219600473334,3.0904971664105,63.91759728098813,147.52142857142775
2025-06-29 22:30:00+00:00,108081.0,False,not_opened,,,,,6.0,0.25621773815108895,0.7205537306428846,2.969000348310714,2.4982415005862406,0.00046228017699667667,0.001908056046058305,0.0008695483071588567,3.9255535440215503,70.27340287720767,170.5999999999996
2025-06-29 23:15:00+00:00,108339.8,False,not_opened,,,,,7.0,0.7538677918424788,0.8588842006563613,2.3805803571428314,2.0355134453495345,0.0005791654047915262,0.0029838534099816943,0.0010533532669659176,2.307915211294663,80.42266462480893,209.57857142857185
2025-06-30 00:15:00+00:00,108611.7,False,not_opened,,,,,7.0,0.6479621972829014,0.8868871825162367,1.6610252636743108,1.3673310450258358,0.0006307006637655821,0.004632201615381417,0.0019649682145634587,2.928924186453676,85.19373188794691,247.6357142857149
2025-06-30 00:30:00+00:00,108719.3,False,not_opened,,,,,5.0,0.42080563159955825,0.7473601877200157,1.2337756332931535,1.023853106051925,0.0006651901919310088,0.005173132115911758,0.0006378278877128662,1.9672229278522588,85.59344159573936,249.74285714285776
2025-06-30 13:15:00+00:00,107783.5,True,loser,-0.008000000000000007,-0.008000000000000007,stop_loss,6,7.0,0.8138957816377171,0.8138957816377171,1.4351851851851702,1.3711480509380811,0.00012223477501493996,0.00010781849486806577,0.0006935366469591815,1.346341443605468,66.24920010969933,146.95714285714243
2025-06-30 17:15:00+00:00,107687.1,True,loser,-0.005402689830072527,-0.005402689830072527,max_holding,24,2.0,0.5895806861500076,0.9288437102922957,0.859796067006505,0.6860238263251608,0.00022310143724779685,-0.0013487863155355823,0.00039202971994039334,0.439155570006532,53.941000230468084,344.1571428571416
2025-07-02 07:30:00+00:00,107030.9,True,winner,0.006376663187920517,0.006376663187920517,max_holding,24,6.0,0.7355371900826293,0.7413911845729775,1.8875528111797004,1.775448709550582,0.0005354048127064193,-0.0010268468837122124,0.0006160893750291607,1.7628416915804328,81.90580503833563,163.56428571428737
2025-07-02 08:00:00+00:00,107335.3,False,not_opened,,,,,7.0,0.8496839791151471,0.8496839791151471,2.5928037050231416,1.9976473356075415,0.0007103590046777519,4.979342375459198e-05,0.0017817076767428699,2.873277161473924,84.55850901313859,182.1642857142859
2025-07-02 08:15:00+00:00,107596.4,False,not_opened,,,,,7.0,0.8231399747792991,0.8783102143757687,2.2600641254007865,1.6644677661169263,0.0008754846252774229,0.0008260529311727174,0.0019219666635626612,2.4920150759462145,85.62407554898235,190.57142857142858
2025-07-02 10:15:00+00:00,107698.7,False,not_opened,,,,,2.0,0.49923547400612733,0.6077981651376012,0.7584807190489974,0.6786746720035738,0.0004821095165574718,0.004745330994575875,0.0003687569083866383,0.485022277180173,75.31196139262359,192.72857142857123
2025-07-02 10:30:00+00:00,107755.3,False,not_opened,,,,,4.0,0.675417661097898,0.9642004773269702,0.544686382840453,0.4385138670853118,0.0004862647104657558,0.0051288948814478125,4.91879350348298e-05,0.4462353659657446,82.03627016992769,191.0999999999996
2025-07-02 10:45:00+00:00,107784.8,False,not_opened,,,,,3.0,0.2727272727273832,0.859925788497283,0.7006824829378575,0.5654340414371325,0.00046593352698098833,0.005491693834740868,0.00024592073186009803,0.5357049646113305,84.81468154012235,190.64999999999833
2025-07-02 13:30:00+00:00,107713.4,False,not_opened,,,,,6.0,0.49025069637883656,0.8769730733519001,2.405360134003305,2.2776435045316856,0.0002814757471811813,0.0058328062750082595,0.000778596222600366,1.2992020757776919,52.63817438332672,189.14285714285506
2025-07-02 14:45:00+00:00,108096.5,True,winner,0.01200000000000001,0.01200000000000001,take_profit,5,7.0,0.9145577549486211,0.9233274868453887,1.9669788072942482,1.386245224036147,0.00048709791580980877,0.00693232485666577,0.0007851001326708394,1.7767340118496784,59.86189457304044,287.89999999999935
2025-07-02 15:00:00+00:00,108311.7,False,not_opened,,,,,5.0,0.5159434188443877,0.5988971469671528,2.0120598166908565,1.3886471189746008,0.000630971325352947,0.007411040027936241,0.0017072500788423185,3.1332139485119437,70.12558793579959,300.3642857142851
2025-07-02 15:45:00+00:00,108695.3,False,not_opened,,,,,7.0,0.7566702241195401,0.841782283884732,1.2793992148830766,1.1272664776145136,0.0008037302889036813,0.008846317236489945,0.0019939343098664525,1.5787741308171552,79.54206072672986,332.4857142857145
2025-07-02 16:00:00+00:00,109381.8,False,not_opened,,,,,7.0,0.6755240625922693,0.7655742545025138,3.3033159947984743,2.5834301903239973,0.001332696345676343,0.00988031497198236,0.005767112379614261,5.207697388569977,86.59838382494765,393.3142857142863
2025-07-03 05:00:00+00:00,109036.5,True,winner,0.005236778509948525,0.005236778509948525,max_holding,24,6.0,0.6070482786718344,0.6070482786718344,2.734057365636347,2.620529245786631,0.00020214062900048013,0.00957754332121674,0.0008123141315122811,2.7418491419821778,52.62341998569046,187.32857142856872
2025-07-03 05:45:00+00:00,109290.4,False,not_opened,,,,,3.0,0.5417901600473963,0.8488441019561326,0.9822416302765479,0.8999390336838862,0.0003562586207910279,0.010039523957964527,2.1960325012756928e-05,1.1589305862660302,73.51228978007806,187.45714285714035
2025-07-03 06:15:00+00:00,109410.0,False,not_opened,,,,,5.0,0.9994884910485636,0.9994884910485636,1.1320208453966607,1.022527739380593,0.00040231122440848033,0.010414636900064686,0.00029256340397520525,1.0854677262119043,72.8132387706859,191.19285714285485
2025-07-03 06:45:00+00:00,109419.9,False,not_opened,,,,,2.0,0.17589348283105663,0.32445690259277715,0.8262883613202056,0.7519572417946323,0.0003389938126605596,0.01081959433387416,8.9571255304477e-05,1.1684265936622875,73.94628504214904,189.7714285714267
2025-07-03 08:15:00+00:00,109497.7,False,not_opened,,,,,4.0,0.916035353535332,0.985479797979779,0.9367238320520138,0.8159240590161196,0.000313040603597603,0.0110212030435521,0.00022562641016503696,0.7937191363862637,75.40489894257841,194.1357142857149
2025-07-03 09:30:00+00:00,110217.1,False,not_opened,,,,,6.0,0.5528260435390383,0.904134212103058,2.8883761176810836,2.341595403527564,0.0007859837583816809,0.012242553147650694,0.0022907247019967113,3.7888635865158897,75.95939717230314,213.82857142857287
2025-07-03 13:30:00+00:00,110035.0,True,loser,-0.008000000000000007,-0.008000000000000007,stop_loss,8,7.0,0.9485510805501051,0.955304518664054,3.9210399614827978,2.6164861391591216,0.0005258265589915823,0.011028756390058753,0.006417989761582217,2.8506258504345623,52.63805141225009,311.2571428571464
2025-07-03 13:45:00+00:00,110220.3,False,not_opened,,,,,5.0,0.28728682170543085,0.591162790697679,2.7464338939748094,1.9383089703135898,0.0006366804224406941,0.011467035974710932,0.0013527583005213774,3.113593585984876,60.45172896262266,332.76428571428863
2025-07-04 09:15:00+00:00,108987.0,True,loser,-0.008000000000000118,-0.008000000000000118,stop_loss,18,7.0,0.6051371353939998,0.8946451893774602,1.33159420289859,1.2408550702268684,8.75205010117952e-05,0.0005799917370799576,0.0011933075564202443,1.661586980484113,50.80006737409463,185.11428571428613
2025-07-06 12:45:00+00:00,108193.1,True,winner,0.0021341471868352446,0.0021341471868352446,max_holding,24,5.0,0.9129886506936453,0.9129886506936453,1.3707865168540174,0.9447706578163743,0.00017977649479727908,-0.0011007275685931573,0.00037817076305436903,1.5523477844128095,65.9676535087718,83.93571428571575
2025-07-06 13:15:00+00:00,108418.4,False,not_opened,,,,,6.0,0.9107891727029795,0.9264201296225593,4.534140017286249,2.881965154606785,0.00034688867222465447,-0.0006341213518999298,0.0020184842883548444,3.3015977310809173,89.15843441290355,91.01428571428758
2025-07-06 13:30:00+00:00,108641.0,False,not_opened,,,,,6.0,0.9134181370537894,0.9302421009437825,3.9274778404510178,2.465173410404569,0.000509925749909268,-0.00017230738948753957,0.0018748092222539109,5.9603245456730845,90.88902900378207,98.8571428571439
2025-07-06 13:45:00+00:00,108713.2,False,not_opened,,,,,5.0,0.16438979963569028,0.1668943533697654,6.841121495326819,3.4756655926742934,0.0005247254811999724,0.0002968490222949255,0.000508015976734314,5.809067239140998,91.18006103763882,126.36428571428716
2025-07-06 21:00:00+00:00,108866.2,True,winner,0.004479810997352729,0.004479810997352729,max_holding,24,7.0,0.8971704623878447,0.9185645272601601,1.7681513117754748,1.4448203411559533,0.00024282927138252752,0.003111369493581583,0.0006240906337690403,0.8719598424229178,49.14397979230986,200.57857142857185
2025-07-06 21:15:00+00:00,109251.5,False,not_opened,,,,,7.0,0.8770771682221724,0.8895970862736179,2.557787481804966,1.963414634146349,0.0005574940396264605,0.0035658897891685396,0.003321706900003463,3.907181660506525,59.04833270887954,223.74285714285776
2025-07-06 21:30:00+00:00,109392.9,False,not_opened,,,,,5.0,0.26749905410517694,0.44797578509268304,2.858069748580695,2.13268011527374,0.0006280337781670031,0.0040845787535395105,0.0008499542543457839,5.42693193209451,65.43163789080714,247.85714285714286
2025-07-08 09:30:00+00:00,108448.0,True,loser,-0.0016219755089996735,-0.0016219755089996735,max_holding,24,4.0,0.9980372914621037,0.9990186457310519,0.9205058717254265,0.8371083206197115,0.00020797153976137572,-0.0006513436164796525,0.0009386568807610143,0.7532193683372381,62.66068759342331,121.72857142857227
2025-07-08 10:30:00+00:00,108830.1,False,not_opened,,,,,7.0,0.8749092668763997,0.90128236148079,3.5986068785371668,2.997254597254513,0.0004755673894876189,0.0002452702008831299,0.0017627252192130604,3.0218975389305123,77.203017491503,137.89285714285714
2025-07-08 11:00:00+00:00,108897.7,False,not_opened,,,,,5.0,0.6393264530146299,0.6393264530146299,1.6029603831084733,1.3465336189332187,0.00045256413450989186,0.0009840597245931678,0.00024616311613115085,1.9359249641387748,72.62165347701576,136.721428571429
2025-07-08 12:45:00+00:00,108903.2,False,not_opened,,,,,7.0,0.9982248520709887,0.9988165680473545,1.4543889845095028,1.1815230961298206,0.00028800586143873375,0.002303853309620631,0.0011546494866589378,0.9628056280715751,70.83333333333306,143.03571428571635
2025-07-08 13:30:00+00:00,108984.4,False,not_opened,,,,,6.0,0.3679999999999927,0.9984999999999854,3.372681281618928,2.3727808143722666,0.00029866132247358124,0.002804938538947638,0.0007437784311600924,2.3729053336457646,68.04570799201468,168.57857142857185
2025-07-08 17:00:00+00:00,108713.4,True,winner,0.0014607214933946011,0.0014607214933946011,max_holding,24,7.0,0.6994998912806936,0.7077625570776122,1.7154046997389454,1.3774468904435055,0.00023098834614088126,0.0008934447067481025,0.0019760550788485995,1.7355532501619753,44.233060946544036,333.8785714285737
2025-07-08 18:00:00+00:00,109067.0,False,not_opened,,,,,3.0,0.563839701770721,1.0,0.656771231828633,0.7080171560541229,0.00043602174226586854,0.0020055515832190117,0.00012654374195349526,0.7350110618894439,58.489867678356646,303.10000000000167
2025-07-09 05:30:00+00:00,108825.5,True,winner,0.0016760777575108854,0.0016760777575108854,max_holding,24,7.0,0.8148469719991243,0.8382895593661809,4.242173112338889,3.363124413390266,0.0002499129640227693,0.0005337866131109245,0.002244390864767365,2.4474387363443904,51.66812227074221,136.98571428571657
2025-07-09 06:45:00+00:00,108789.0,False,not_opened,,,,,6.0,0.8222357971900318,0.8509468540012547,1.5039044556728374,1.1373132847004876,0.00016205097433297233,0.0009438004444405842,0.00013973953286542428,0.5137243693787248,67.52351681102746,143.9357142857147
2025-07-09 08:15:00+00:00,108765.7,False,not_opened,,,,,2.0,0.5149948293692287,0.6556359875904456,0.8957850856877553,0.6878715512422922,0.00010155862081040468,0.0012030947631210816,0.0002335840530143303,0.6504303993040904,62.20711200955635,140.57857142857185
2025-07-09 12:00:00+00:00,109350.0,True,loser,-0.008000000000000007,-0.008000000000000007,stop_loss,10,7.0,0.7429876060013078,0.9151989562948456,4.640766902119081,3.5204767893268003,0.000487062673701244,0.0025203213568509735,0.002530392210792673,5.449901353072048,78.44184547380017,130.635714285717
2025-07-09 12:15:00+00:00,109453.1,False,not_opened,,,,,7.0,0.7781132075472137,0.9222641509434841,1.2857836001940441,1.013605813889932,0.0005306711805870279,0.002965487726269536,0.0005859821371436417,3.3202819825327166,89.33483019927037,130.72142857143106
2025-07-09 13:00:00+00:00,109664.0,False,not_opened,,,,,7.0,0.816176470588233,0.8388840830449806,4.331615925058493,2.834201654918744,0.0005928454587036391,0.004052553277773466,0.0017538731365097924,4.209638524508195,87.03528555838429,163.1500000000004
2025-07-09 16:30:00+00:00,109248.8,True,winner,0.01200000000000001,0.01200000000000001,take_profit,12,3.0,0.6628686327077816,0.6628686327077816,0.5997989949749387,0.4795224977043533,0.00020269317181709212,0.003438248441975724,0.0001135152751281508,0.44610877293616236,40.36837709937842,311.14285714285717
2025-07-09 16:45:00+00:00,109350.0,False,not_opened,,,,,2.0,0.5270833333333181,0.5833333333333334,0.7718592964824347,0.6151733607964298,0.0002717432600618519,0.003643546476036099,0.00046569459400849756,0.48910777600622857,45.60307995680543,312.10714285714283
2025-07-09 19:30:00+00:00,111354.7,False,not_opened,,,,,7.0,0.8570721649484512,0.9518350515463846,6.026341948310009,3.925853974421206,0.0017508933282868178,0.006895123448423138,0.0093790790427846,8.270604807245022,86.33558248856727,308.8500000000027
2025-07-09 19:45:00+00:00,111718.8,True,loser,-0.008000000000000007,-0.008000000000000007,stop_loss,3,5.0,0.4268292682926815,0.6271106941838662,4.238568588469107,2.3925293575407682,0.0018979464579145233,0.008470711046904516,0.0027438425104408465,4.23307272714575,87.51825670386128,356.4428571428601
2025-07-09 21:15:00+00:00,111187.1,True,loser,-0.0016045026806168483,-0.0016045026806168483,max_holding,24,4.0,0.6826889585510136,0.8192267502612569,1.144052600119549,0.5932431036264156,0.0008315802897518321,0.012498453159724091,0.0004210893798199475,0.4923648297036202,73.23244741489154,483.95000000000334
2025-07-10 08:30:00+00:00,111359.5,True,loser,-0.008000000000000007,-0.008000000000000007,stop_loss,20,6.0,0.9271746459878443,0.9271746459878443,1.1290445374952764,1.0295036445678802,0.00019299903936098595,0.012853524105262656,0.0010013654165778488,1.0874421239715062,66.06991932385665,144.04999999999978
2025-07-10 13:15:00+00:00,110986.9,False,not_opened,,,,,6.0,0.9387626262626424,0.9993686868686501,1.2009097801364097,1.033605220228368,2.0424932571927457e-05,0.009241460154066182,0.0005427007203855978,1.1485242077838245,49.498758392347625,153.24999999999687
2025-07-10 14:00:00+00:00,111050.7,True,winner,0.01200000000000001,0.01200000000000001,take_profit,9,6.0,0.5911146058580673,0.9266758403774266,3.497421794431126,2.1835965046757697,0.00010610274761213567,0.008754261181957363,0.0005649259379392104,2.3089295366222835,55.02344273275284,232.96428571428365
2025-07-10 15:15:00+00:00,111277.4,False,not_opened,,,,,6.0,0.886812600106759,0.886812600106759,1.7310536044363027,1.1823961762186286,0.0002734144284302076,0.008713030161937335,0.00024629213483140836,1.0909423930270887,56.53533190578157,316.81428571428427
2025-07-10 16:00:00+00:00,111409.5,False,not_opened,,,,,3.0,0.3355893965030966,0.7997743936830264,0.7296296296296635,0.5335081459829011,0.00032007980904813493,0.009105149075766886,0.00041306173027966974,1.3566724335219116,63.35207907293805,332.3285714285708
2025-07-10 16:15:00+00:00,112345.3,False,not_opened,,,,,7.0,0.8502634926403762,0.8503543521715462,4.079318013343305,2.732276483313838,0.0010919010553622766,0.009906200512325143,0.00807842433487373,6.211393021049495,73.58675960327946,402.8142857142863
2025-07-10 16:30:00+00:00,112585.9,True,winner,0.01200000000000001,0.01200000000000001,take_profit,19,5.0,0.7502338634237401,0.7502338634237401,1.090630845094351,0.7740500655127152,0.0011929093791256395,0.010841733930155611,0.0006746067016264704,2.9417140295786774,75.1967936334016,414.3142857142863
2025-07-10 17:00:00+00:00,113396.2,False,not_opened,,,,,7.0,0.8693478260869597,0.9625,2.8804007514088785,2.050857443115769,0.0016658905934887613,0.012963381495982454,0.006481103438481859,3.272895841371167,83.78392230223196,448.5928571428584
2025-07-10 17:30:00+00:00,113579.4,False,not_opened,,,,,3.0,0.48240509836516227,0.5990579107785865,1.0969604863222149,0.8365647300362747,0.0015146933770293636,0.015339329167055316,0.0013109325782173352,1.4862114477254615,83.49005377056122,431.40714285714574
2025-07-10 21:15:00+00:00,115690.1,False,not_opened,,,,,5.0,0.5242152238957369,0.5410771337288928,12.23642569035078,6.926498814497011,0.0022270937944286473,0.022546784015811755,0.017682090077410326,7.1921202964638375,73.30594052510632,569.3785714285716
2025-07-11 05:15:00+00:00,117440.4,True,winner,0.01200000000000001,0.01200000000000001,take_profit,17,6.0,0.7352864242741018,0.987967564739718,1.2255169097612004,1.2906819716407876,0.0009301720109748945,0.035806889196518976,0.0009264333509187806,1.85898857161779,79.7910648569507,296.20000000000124
2025-07-11 05:30:00+00:00,117926.7,False,not_opened,,,,,7.0,0.6682236570957389,0.7587580711636163,2.33338676069888,2.2211905228972015,0.0012386478918495758,0.036399408012664586,0.004101494316488544,3.779662988242778,83.02250590073473,327.7071428571445
2025-07-11 08:30:00+00:00,117978.8,False,not_opened,,,,,2.0,0.10460885385081775,0.5779260157671442,0.8943728813559401,0.8028795993600957,0.00048087376477301547,0.03856034377894545,6.950884372883658e-05,0.5709889077768351,62.981150007920164,410.77142857142877
2025-07-12 08:45:00+00:00,117871.2,True,loser,-0.004421775633063896,-0.004421775633063896,max_holding,24,5.0,0.416151809355695,0.8729037952338827,1.5584594222833807,1.4563650553184029,0.0001068412358093962,0.01597826351787784,0.000274951883420352,0.851720133292501,63.94266567386434,155.59285714285735
2025-07-12 09:15:00+00:00,117929.6,False,not_opened,,,,,3.0,0.5869947275923454,0.5875805506737236,1.1962158374211673,1.103222232480832,0.00013788787419732884,0.01583312621954761,0.00025106022052591876,1.6827417990052356,62.602405438383,154.72857142857018
2025-07-12 09:30:00+00:00,118011.8,False,not_opened,,,,,4.0,0.5173064820641445,1.0,1.1135248773651856,1.01177968799751,0.00019120887244938878,0.015835552730569913,0.00010000000000002467,1.029272468087654,64.06498618206228,157.04999999999978
2025-07-12 17:15:00+00:00,117419.9,True,loser,-0.0014120264111959768,-0.0014120264111959768,max_holding,24,4.0,0.9755264655662892,0.9755264655662892,0.7863056612217214,0.7554900334776687,4.8465600137159726e-05,0.008652487430978826,0.00040213780546921975,0.7677389078921756,48.191530441497875,232.56428571428737
2025-07-12 21:30:00+00:00,117527.8,False,not_opened,,,,,7.0,0.9280809541019357,1.0,1.8520749665328506,1.6457642960319596,0.000151983928493582,0.0072057153612597015,0.0016653541562263172,1.1182645152520285,52.68351109336698,168.1285714285685
2025-07-12 23:45:00+00:00,117389.3,True,winner,0.0027736769875958966,0.0027736769875958966,max_holding,24,6.0,0.783959202596236,0.784422809457577,1.4061277705345845,1.1824268765417532,4.1107735020196046e-05,0.006475377170578939,9.115801347091454e-05,1.3711184778852237,49.676567656765585,182.42142857142713
2025-07-13 11:15:00+00:00,118024.1,True,winner,0.01200000000000001,0.01200000000000001,take_profit,12,7.0,0.7104686815593937,0.8707840560665807,2.2360430950049577,2.182302335108603,0.00019595847609998884,0.006816502514872251,0.0013761868763358782,2.5267576647827026,53.875117665516434,104.61428571428509
2025-07-13 12:15:00+00:00,118150.8,False,not_opened,,,,,6.0,0.937643020595,0.9382151029748128,1.439275421984328,1.4960264090964754,0.0002396901856769329,0.007122927881503605,0.00037508519852847143,1.8205768547013648,64.69885515181676,116.84285714285839
2025-07-13 12:45:00+00:00,118382.1,False,not_opened,,,,,5.0,0.4504389465283506,0.5588188347964977,4.856589147286548,3.8633660749680363,0.0003868793939449944,0.007468408919177261,0.0018660884754437988,7.032336470421164,71.69999999999996,162.16428571428696
2025-07-13 14:15:00+00:00,119120.1,False,not_opened,,,,,5.0,0.5046763589221251,0.5046763589221251,6.215251798561118,3.486038414535703,0.0007908096743238779,0.009087078926475796,0.003351521450916583,6.978197237789226,81.12973308503989,309.77857142857204
2025-07-13 23:45:00+00:00,119038.3,True,winner,0.01200000000000001,0.01200000000000001,take_profit,15,7.0,0.7382079939382485,0.758098124644822,1.8640536723163827,1.805712331109947,0.00028514606045204616,0.00887121629288527,0.002436231041945641,1.8091965856349495,45.59104559104547,292.35000000000065
2025-07-14 02:15:00+00:00,119795.1,False,not_opened,,,,,7.0,0.7939160755080019,0.8788024528075162,2.7512404895798515,2.561159624309884,0.0006920849613438751,0.010100382649740796,0.004954510945476101,4.529419559179091,77.86001003512264,324.7357142857124
2025-07-14 03:30:00+00:00,121149.9,False,not_opened,,,,,6.0,0.6267904771312834,0.6788995357107557,6.812247644683634,4.294150620388751,0.001505581863244343,0.012639970806134049,0.009582499999999952,6.8775688330050615,79.72352907010468,471.47857142857225
2025-07-14 04:45:00+00:00,121370.0,True,winner,0.01200000000000001,0.01200000000000001,take_profit,11,4.0,0.588417786970018,0.8338503964150343,0.8632643951792554,0.5874848116646242,0.0011396088037982643,0.016543604566918974,0.0009896907216494846,0.8035431948138876,82.50896808148494,493.7999999999998
2025-07-14 05:00:00+00:00,121446.7,False,not_opened,,,,,3.0,0.23005398920215486,1.0,0.9874130016289054,0.676003302098559,0.0010907376892514975,0.017334367264651325,0.00023472593070890526,0.693832884673846,81.6880945201346,493.19285714285695
2025-07-14 05:15:00+00:00,122307.9,False,not_opened,,,,,5.0,0.581213307240699,0.6578716512585181,4.388864208499984,2.526437565454579,0.0016681231926771733,0.01850917192875808,0.007091176623160589,4.352754937935669,86.77510448435544,586.557142857143
2025-07-16 09:15:00+00:00,119142.3,True,loser,-0.008000000000000007,-0.008000000000000007,stop_loss,18,6.0,0.5143442622950968,0.789275956284165,1.2772082878953641,1.2422194611958028,0.0007725595048710954,0.0018002519571430715,0.0005341005570266204,1.7394796501414895,78.212904360056,235.70714285714348
2025-07-16 12:30:00+00:00,118932.3,False,not_opened,,,,,5.0,0.12590361445782547,0.7536144578313312,2.508816120906801,1.8734884720804028,0.0001861157503177946,0.004695853964772226,0.0003381217086753206,1.8438433273812067,48.32184427618955,265.8142857142853
2025-07-16 14:45:00+00:00,119019.8,True,winner,0.007279461064461534,0.007279461064461534,max_holding,24,6.0,0.6314333999078255,0.6770625288062698,2.253028729664269,1.7688873359732769,0.0003258803844028435,0.0037957894219965514,0.0021125058832742304,2.4951202907033463,52.42223716338175,367.97142857142796
2025-07-16 17:15:00+00:00,119598.9,False,not_opened,,,,,6.0,0.839751069622697,0.8496693893426617,0.9985435479172735,0.91409851053293,0.0005433165246535587,0.0057980867539173826,0.0018286053177818536,0.84880302129754,63.12974560771492,562.5214285714267
2025-07-17 07:30:00+00:00,118531.0,True,loser,-0.008000000000000007,-0.008000000000000007,stop_loss,19,6.0,0.9733104417043993,0.9734665209926642,2.161970642820936,2.2053992918961205,0.00014497356355303026,-0.0008644452595311898,0.000686367293458767,2.010968845989332,56.172212344424786,290.5142857142876
2025-07-17 09:00:00+00:00,118540.0,False,not_opened,,,,,5.0,0.5771093550853748,0.8111139434106417,1.5342197888150464,1.2510421174916406,0.00016826306984318862,-0.0009325348869373388,0.001113098586077678,1.2567517839984568,50.14984257046384,313.5785714285708
2025-07-17 09:15:00+00:00,119133.5,False,not_opened,,,,,6.0,0.8271777003484321,0.9308710801393647,2.67673941428835,2.0290469842039385,0.0006298077099495814,-0.0003583548104213139,0.004378906049112155,2.756678720849125,59.0839742192608,353.6142857142851
2025-07-17 14:00:00+00:00,118461.5,True,winner,0.002529935886342871,0.002529935886342871,max_holding,24,3.0,0.5142490372272218,0.9011553273427471,1.218710888610769,1.0821162089220517,0.0003023457405602059,-0.002460484151943524,0.00015619327440203305,1.2443694429468934,53.398489560195635,359.94285714285695
2025-07-17 14:15:00+00:00,118714.8,False,not_opened,,,,,5.0,0.5927485380117163,1.0,1.3376095118898683,1.1461564977593928,0.0004776955829550733,-0.00200515196013036,0.0018126582278481258,1.3675568328067993,56.611057493451185,372.9857142857145
2025-07-17 15:30:00+00:00,119087.5,False,not_opened,,,,,6.0,0.9788565629228686,0.9788565629228686,1.7231127951034306,1.3458211382113756,0.0006322180243880648,-0.0004364820155129609,0.001745457604306864,0.9782720664270842,67.18507414743848,439.2857142857143
2025-07-17 17:00:00+00:00,118903.9,False,not_opened,,,,,6.0,0.8215613382899537,0.8815055762081768,1.1543516159313285,1.0434481444923436,0.00035315691235293656,0.0005367939509390989,0.0012024139217301655,0.6386910466108272,67.91390915775769,412.4785714285702
2025-07-17 18:15:00+00:00,119687.4,False,not_opened,,,,,7.0,0.8572701354240801,0.8574483250178182,1.5051629341558248,1.4190402225152137,0.0008225373763850463,0.002383119960372629,0.0024548910626385955,1.9491477840727232,63.47979113175437,395.4785714285702
2025-07-17 20:45:00+00:00,119428.8,True,winner,0.01200000000000001,0.01200000000000001,take_profit,2,4.0,0.5696619950535805,0.9670239076669422,1.1565231209280376,0.909133088261551,0.0002881679595192477,0.0045604732732664,0.00032498534215598385,0.8039915639405335,61.49992171598559,400.2714285714319
2025-07-17 21:00:00+00:00,120094.9,False,not_opened,,,,,7.0,0.9057655697579502,0.9306499864019576,2.3372000635626593,1.7019771209415873,0.0007932812230844188,0.005194585415373961,0.0054763531389608175,4.007207464589329,68.82195938873764,432.0857142857172
2025-07-17 21:15:00+00:00,120900.1,False,not_opened,,,,,7.0,0.9398785897735237,0.939995330375912,2.5183007496692698,1.9490963463788828,0.0013605127102604975,0.006309855918723345,0.006277367767023358,4.018756942727221,70.41809424499729,439.4857142857176
2025-07-18 00:30:00+00:00,119731.5,True,winner,0.004460814405565783,0.004460814405565783,max_holding,24,5.0,0.9183222958057511,0.9326710816776942,0.5503138287102614,0.5360644652316043,0.00013026199648114023,0.007031101462814517,0.0011656288333426218,0.5721104728570658,45.32375952233894,507.02857142857414
2025-07-18 10:45:00+00:00,119240.1,True,loser,-0.008000000000000007,-0.008000000000000007,stop_loss,14,6.0,0.8227814569536578,0.9313907284768366,1.2254504138938658,1.080821301484729,9.978896351459099e-06,0.0013149223611364771,0.002531549786024818,0.9209554516349191,43.232521976452745,349.2714285714267
2025-07-20 13:45:00+00:00,118378.7,True,loser,-0.002090747744315502,-0.002090747744315502,max_holding,24,6.0,0.9411566913248139,0.9855413584398016,2.39452495974222,1.7650599855864502,0.0003304255532223799,-0.0008084532194208889,0.001674552888455605,1.4410870172029626,75.10922051046226,168.4928571428588
2025-07-20 14:00:00+00:00,118530.4,False,not_opened,,,,,4.0,0.3041299117882843,0.5597433841218834,4.016103059581202,2.4943563366195005,0.0004212864484147705,-0.00042377458017697734,0.0012451112068455283,4.981196731426077,78.59191140116657,199.97142857143106
2025-07-21 02:45:00+00:00,118156.0,True,winner,0.01200000000000001,0.01200000000000001,take_profit,18,5.0,0.7520698142761473,0.9565898411277816,1.0047212230215794,1.085197904742069,0.0005457033677889189,-0.003930179380705297,0.000787715033499064,0.5591786846898485,66.60974693487228,411.8142857142853
2025-07-21 03:00:00+00:00,118400.0,False,not_opened,,,,,5.0,0.6178779437832453,0.768295771081283,0.9192271880819263,0.9669441723800068,0.0006911543690812927,-0.00326856953216385,0.001900564753747445,1.421980881065402,69.04347275432966,408.39999999999935
2025-07-21 13:30:00+00:00,118590.1,True,loser,-0.008000000000000007,-0.008000000000000007,stop_loss,11,7.0,0.7210899424014271,0.836508639787352,1.5450966969022486,1.426127772888298,0.000140719138656209,0.0017929235673423915,0.0024734250512479625,1.5862774576638157,46.33016337478685,316.52142857142877
2025-07-21 13:45:00+00:00,118805.9,False,not_opened,,,,,5.0,0.4450402144771931,0.4450402144771931,1.5974304068522138,1.4719746742123478,0.00030083709375117174,0.0020404172900456504,0.0011966571130731418,2.8280593755201133,56.369532679194926,329.4214285714282
2025-07-22 09:30:00+00:00,118495.6,True,loser,-0.008000000000000007,-0.008000000000000007,stop_loss,18,5.0,0.8668950975224401,0.8671586715867292,0.9935838680109876,0.9567519858781902,0.0005836393598539491,-3.0924782259773116e-05,0.0013943984058223315,0.9584968659609222,63.662742034484815,396.54999999999774
2025-07-22 14:45:00+00:00,119043.8,True,winner,0.005707143085150079,0.005707143085150079,max_holding,24,6.0,0.554195494057141,0.8759978712080991,2.083148558758315,1.2096381110038092,0.000248210148599437,0.006029237679816629,0.002246226121218779,1.0627888635670584,49.91144845034802,466.00714285714326
2025-07-22 15:00:00+00:00,119169.7,False,not_opened,,,,,3.0,0.5671776375112771,0.9761045987375886,0.8196600147819811,0.47486657185240144,0.0003254760371196319,0.006253417265784258,0.0004701390352243277,0.9292026152769284,51.79571463355249,467.0785714285718
2025-07-22 16:00:00+00:00,119210.0,False,not_opened,,,,,5.0,0.590519703026833,0.9257567104511711,1.5874886672711157,1.011234101065664,0.00031006107762254764,0.006435309679032924,0.000318866847917296,0.6668911643815193,47.903212160523445,519.4642857142857
2025-07-23 11:15:00+00:00,118554.5,True,loser,-0.008000000000000007,-0.008000000000000007,stop_loss,9,6.0,0.9318620098564322,0.9318620098564322,1.977961432506899,1.7514542286556791,0.0001966760323515171,-0.001812755189367849,0.0011611508482734741,1.3590911244712875,54.509415262636274,266.4642857142836
2025-07-23 12:00:00+00:00,118614.7,False,not_opened,,,,,3.0,0.552486187845297,0.9974500637483816,1.0192765865280675,0.9619506497299036,0.00020143635138758498,-0.0013486402258054181,0.000239488035295765,0.7415955732910688,57.594322990126734,244.6071428571418
2025-07-23 15:45:00+00:00,118531.0,True,loser,-0.008000000000000007,-0.008000000000000007,stop_loss,3,5.0,0.49076948211075205,0.7449763110602772,1.6407988205334434,1.456736817053696,0.000382766100477383,-0.0031134525197486903,0.0025399494378363905,1.360089634191543,50.33000554631174,420.1857142857147
2025-07-23 22:15:00+00:00,118566.1,True,loser,-0.0026575893109413995,-0.0026575893109413995,max_holding,24,6.0,0.7410155344307991,0.9214004173429308,1.5030493117268071,1.219715180284828,0.00043512447713123237,-0.0024394169829214628,0.0024510425597035475,2.203085660094998,54.46266640941543,353.60714285714283
2025-07-23 23:00:00+00:00,118654.3,False,not_opened,,,,,3.0,0.7756324900133306,0.8541944074567603,0.6302979437683393,0.4379008746355613,0.00039640088025993947,-0.001385699933338124,0.00045784148397978844,0.8443869506382533,58.28405752870709,342.999999999999
2025-07-24 08:00:00+00:00,118689.1,True,loser,-0.0063611570059929345,-0.0063611570059929345,max_holding,24,5.0,0.5342876165113156,0.84870173102531,1.622030237581027,1.5412749894636608,0.0004949521551123048,-0.0020470071705508655,0.0020185732376530674,1.3880983333702797,64.76083837782981,389.80714285714305
2025-07-24 14:45:00+00:00,119021.5,True,loser,-0.0028868733800195834,-0.0028868733800195834,max_holding,24,7.0,0.8086021505376292,0.8146953405018026,1.9251336898395335,1.6870748299319676,0.000515282679285356,0.00036027780715692495,0.0030220060355848864,2.4014363314170946,59.07299449872736,330.750000000001
2025-07-24 15:00:00+00:00,119239.8,False,not_opened,,,,,5.0,0.4645669291338702,0.5103213449670267,1.6211833707089347,1.3098257839721092,0.0006415009999791721,0.0009266747803130111,0.0009645338631974401,2.9173659130963565,62.14687120291625,358.75
2025-07-24 17:15:00+00:00,118969.4,False,not_opened,,,,,2.0,0.33537886872999195,0.5891141942369136,0.9802536942591785,0.857483699115889,0.000269613556925119,0.0019008228354867286,0.00025307026357134497,0.613501668988474,61.19683537201214,437.0928571428553
2025-07-26 10:00:00+00:00,117603.1,True,winner,0.003823028474589485,0.003823028474589485,max_holding,24,5.0,0.517657992565206,0.9228624535317005,1.5999999999998702,1.3571171171169891,0.0001424897668260705,0.0016953457400126384,0.0004730002764840241,1.1201779233720806,66.9323308270678,79.28571428571533
2025-07-26 10:15:00+00:00,117744.2,False,not_opened,,,,,7.0,0.8672403196065999,0.9047326367547617,2.419330855018544,1.892331976406029,0.00024332210611666127,0.0018938103104798347,0.0011291422430138823,2.207390187967086,79.5170916983167,85.97857142857227
2025-07-26 10:30:00+00:00,118178.3,False,not_opened,,,,,7.0,0.8859183673469506,0.8951020408163384,6.872370266479383,4.135021097046414,0.000572030828136505,0.002377287127130934,0.0035546965557827154,8.82878915490995,87.08739524542418,118.5
2025-07-26 13:00:00+00:00,118100.0,False,not_opened,,,,,7.0,0.6862432173635749,0.8917969996808317,2.744634253175684,1.8476768187370352,0.00028857710501939415,0.003864406423799988,0.0010171215460247499,1.1463459972657692,68.20878528195595,169.5642857142853
2025-07-26 21:45:00+00:00,118013.2,True,winner,0.001260875902017844,0.001260875902017844,max_holding,24,5.0,0.6800000000000238,0.6808163265305647,1.3618677042801997,1.1515477069764521,1.962498722751782e-05,0.003922970220373027,0.0003517792826584681,0.6488322504015798,49.018663455749355,106.37857142856956
2025-07-26 22:00:00+00:00,118064.1,False,not_opened,,,,,4.0,0.3464942137509241,0.6249149081007934,1.4430255402750538,1.3109382967873233,5.884017280233245e-05,0.0039349213991789105,9.995569760185028e-05,1.2203739316239317,52.95409873973906,112.05714285714099
2025-07-27 01:00:00+00:00,118065.7,False,not_opened,,,,,6.0,0.5871131835523672,0.7532852903772848,1.9171068671272047,1.846368871247217,0.00010404480588421805,0.003135956314524099,0.0010318456216509284,0.9336544494335025,59.92985532661088,127.76428571428654
2025-07-27 02:45:00+00:00,118302.8,False,not_opened,,,,,5.0,0.48256880733944957,0.8047706422018456,2.2046925566343303,2.235045989806089,0.00022011000990351803,0.003705867382011968,0.0004795084150766671,2.46030558138736,77.2,121.92142857142815
2025-07-27 05:15:00+00:00,118243.6,True,loser,-0.000639358070965379,-0.000639358070965379,max_holding,24,5.0,0.515084621044908,0.7689477557027555,1.5558099599311406,1.1113966937320856,8.99570972971997e-05,0.003982382868126049,2.7063507904334237e-05,1.46376012839215,59.84682713347921,122.27857142856894
2025-07-27 10:00:00+00:00,118076.7,False,not_opened,,,,,7.0,0.9860943168077207,0.9860943168077207,1.5714964370545765,1.3651692017450199,3.051695519173947e-05,0.0025405929075028354,0.001280467277277133,1.1329573947457963,35.94443811909325,121.15714285714368
2025-07-27 10:15:00+00:00,118121.2,False,not_opened,,,,,3.0,0.4071363220493945,0.4071363220493945,1.0384798099762746,0.9649996846818626,6.351287238914871e-05,0.0025712050716837427,0.0003573878505068394,1.146059649093424,42.916716311211225,113.26428571428654
2025-07-27 13:00:00+00:00,118158.6,True,winner,0.006717242756769215,0.006717242756769215,max_holding,24,6.0,0.7603911980440515,0.8753056234719746,1.0293624161073833,0.9878090856814192,8.182638081488669e-05,0.0024103538115060573,0.0005978592236298846,1.1069295877857759,63.85688863913091,124.21428571428363
2025-07-27 14:00:00+00:00,118283.9,False,not_opened,,,,,6.0,0.5009861932938353,0.8259368836291795,1.797075764288928,1.622214604045305,0.00015773188736312171,0.0026140155283410505,0.0007352132456830053,1.7046109100455749,55.30964467005024,125.01428571428343
2025-07-27 14:15:00+00:00,118402.5,False,not_opened,,,,,6.0,0.8110882956878527,0.8117727583846756,1.2220828105396164,1.1560504154185902,0.00023832297312598172,0.0027983039231636937,0.0007040277486663442,2.8799864795137746,61.41455286058152,126.37857142856956
2025-07-27 15:45:00+00:00,118580.8,False,not_opened,,,,,6.0,0.6907927129493301,0.9881831610044595,1.447096544353355,1.0385711154941577,0.00027672313427795636,0.0036283085649388832,0.00011892040513909741,1.1457539944534358,73.7157145021975,195.55714285714097
2025-07-27 16:00:00+00:00,119156.5,False,not_opened,,,,,7.0,0.9886636894538109,0.988835451734799,4.034650034649933,2.565161290322591,0.0007138875632093367,0.004209396242752985,0.004834580277813408,5.500948249316684,85.67634854771805,226.96428571428365
2025-07-27 16:15:00+00:00,119365.9,False,not_opened,,,,,7.0,0.6728791773778796,0.9177377892030654,1.7838922327313804,1.3334149476648116,0.0008139386892316303,0.004882924427690569,0.001702709733726024,3.517932060976842,85.75985919366386,233.3857142857118
2025-07-28 00:15:00+00:00,119639.5,True,loser,-0.0013331717367591756,-0.0013331717367591756,max_holding,24,7.0,0.6545584045584082,0.8119658119658035,1.3991031390134876,1.2018343014368764,0.00030075420148456544,0.008893955845393792,0.0014128987274704418,1.4517551200368517,70.70139911634782,233.6428571428582
2025-07-28 02:15:00+00:00,119469.9,False,not_opened,,,,,6.0,0.8048120300751617,0.8051127819548785,1.240440216377528,1.274958231765762,0.0001825868169598177,0.007968034019949433,0.000794135460409988,0.8247142495809898,49.61358693137092,260.7928571428586
2025-07-28 02:30:00+00:00,119600.0,False,not_opened,,,,,5.0,0.36363636363636365,0.406993006993007,1.2761020881670468,1.3866186452417175,0.00026905941900778885,0.008120438716125934,0.0005462848863133711,2.665645146965968,59.18086049030229,257.82142857142964
2025-07-29 03:00:00+00:00,118371.3,True,winner,0.0035633637545586794,0.0035633637545586794,max_holding,24,6.0,0.8749284487693251,0.8749284487693251,1.4006814992984904,1.1004476839666022,0.0003181526339606222,-0.002648240239424105,0.002562914642068608,1.8872497246936426,57.71127918447873,317.5071428571412
2025-07-29 03:45:00+00:00,118745.6,False,not_opened,,,,,6.0,0.8382262996942074,0.9039755351682135,1.2871481991734133,1.0715288830633887,0.0005348621580545387,-0.001581902203730752,0.0023127905759692618,2.5761468874701783,60.209721380981314,305.1714285714271
2025-07-29 12:15:00+00:00,118908.1,True,loser,-0.008000000000000007,-0.008000000000000007,stop_loss,7,7.0,0.7885335148009683,0.7885335148009683,2.6877000457246303,2.474575251841801,0.00026072887262063027,0.0014867187041725533,0.0020604465059209393,3.239142370855072,50.52740971680965,237.5357142857122
2025-07-30 08:30:00+00:00,118319.9,True,loser,-0.008000000000000007,-0.008000000000000007,stop_loss,13,6.0,0.6996860830135797,0.9710498779211615,1.4835705045278544,1.4878600289135215,0.00021030788085019125,-0.0003569278581510004,0.0007544571756743138,0.8845397771171185,70.76981707317081,192.69285714285485
2025-07-30 10:00:00+00:00,118288.2,False,not_opened,,,,,4.0,0.8588110403397448,0.8593418259023311,1.0311986863710847,0.9996210111422449,0.0001447764976794108,-3.050202336784332e-05,0.00018094680840264707,0.8716920376997154,51.53759671979368,188.47142857142794
2025-07-30 14:45:00+00:00,118678.5,True,loser,-0.008000000000000007,-0.008000000000000007,stop_loss,5,6.0,0.9068477149948867,0.9798510731493609,2.0767131594906543,1.7399967336273345,0.000717532783150121,-0.0016742306416608647,0.004418719595383795,3.115588244121411,67.39282114892603,393.6214285714273
2025-07-31 02:30:00+00:00,118395.7,True,winner,0.0028058451447139365,0.0028058451447139365,max_holding,24,7.0,1.0,1.0,1.3640578129260608,1.1913170698512827,0.00041499178976756035,0.000273586705589408,0.0014015055400490323,0.9372639299862771,75.86937840160408,209.93571428571263
2025-07-31 09:45:00+00:00,118562.4,True,loser,-0.002556459720788329,-0.002556459720788329,max_holding,24,4.0,0.7144444444443151,0.8044444444443798,0.7610993657504818,0.6540018685767556,5.31969913699637e-05,0.003839958101625042,9.78483485559884e-05,0.42707734110985607,57.94927733842347,137.6142857142882
2025-07-31 12:45:00+00:00,118580.0,False,not_opened,,,,,7.0,0.7226227257123169,0.9086852042567609,2.2407692307692533,1.9400599400599674,0.00010689867331792335,0.00310145560069941,0.0006751054852320675,1.9589807564580304,54.04940271309999,150.14999999999938
2025-07-31 15:30:00+00:00,118244.7,False,not_opened,,,,,5.0,0.8293010752688513,0.8296370967741983,1.0564430244940954,0.8434349568808176,1.8814483137452598e-05,0.00108279453371378,0.0007778063659938163,0.9912789629614784,47.05500831002465,352.8428571428584
2025-07-31 16:15:00+00:00,118494.6,True,loser,-0.008000000000000007,-0.008000000000000007,stop_loss,7,5.0,1.0,1.0,0.6893858714945283,0.5613991616593673,0.00020994254943973445,0.0013137043046725458,0.0008733757238714426,0.6012746314481793,48.12406642650042,345.9214285714302
2025-07-31 16:30:00+00:00,118567.5,False,not_opened,,,,,4.0,0.20506329113922414,0.20534458509142053,1.2303166637826428,1.0280084273144081,0.0002486171677933413,0.0015218954894576566,0.0006152179086641431,2.3175267397568673,58.4208420842086,345.8142857142874
2025-08-03 11:00:00+00:00,114175.9,True,loser,-0.0008399320697274337,-0.0008399320697274337,max_holding,24,6.0,0.9319209039547858,0.9319209039547858,3.699059561128358,3.192270531401026,0.0004638014420403902,-0.002176439970799649,0.00288015599747026,5.135776057219561,75.85416874190516,110.89285714285506
2025-08-03 20:45:00+00:00,114370.2,True,winner,0.0033636384302904165,0.0033636384302904165,max_holding,24,2.0,0.2352941176469991,0.5144566301096436,0.5828006972689915,0.5062916892013166,0.00018565834134931514,0.0018972088238454218,0.00010668252330398476,0.6113188721950298,68.11401172083093,198.1071428571408
2025-08-03 21:00:00+00:00,114469.3,False,not_opened,,,,,4.0,0.6766712141882878,0.9993178717599503,0.8941750533698924,0.7476049976322796,0.00025061326487896274,0.0021005457544727773,0.0004404866678495313,0.49395229283297276,73.80708929788656,196.09285714285528
2025-08-04 00:30:00+00:00,114544.9,False,not_opened,,,,,7.0,0.7574508560557976,0.9679771718452568,2.116778523489997,1.6378338278931537,0.00027030186184839877,0.002220455446846045,0.0016290860503712739,1.6143226220183506,52.51296370163514,192.57142857142753
2025-08-04 00:45:00+00:00,114856.6,False,not_opened,,,,,7.0,0.9029266879165476,0.9032164589974105,2.316107382550488,1.6421603616464755,0.0005043203074883706,0.002641646586350553,0.0026327964733098147,4.49367333201079,62.16353478923324,210.14999999999938
2025-08-04 13:30:00+00:00,114746.5,True,winner,2.5273102011835746e-05,2.5273102011835746e-05,max_holding,24,7.0,0.8283010992069088,0.9412828718519587,4.671433214169671,3.6508708272859454,0.0003212800302885288,0.0019039937966237584,0.0025748830512058096,5.282616051767133,61.68274383708475,196.8571428571408
2025-08-04 13:45:00+00:00,114870.1,False,not_opened,,,,,6.0,0.32594936708862543,0.9760021097046642,2.4038034865293,1.7914557602753578,0.00039348796590665813,0.0022339476592040403,0.0007091290344782086,4.054659251890185,69.01473600740083,211.67142857142713
2025-08-04 14:00:00+00:00,115194.1,False,not_opened,,,,,5.0,0.5752573659921917,0.5784522541711106,3.54451085246945,2.315931646015664,0.0006255030692590147,0.002761995595969312,0.0027411402586369747,6.284549657370038,74.58440071946367,243.27142857142775
2025-08-04 16:45:00+00:00,115253.3,False,not_opened,,,,,5.0,0.6409625375991285,0.6409625375991285,1.2360993746831315,0.9235848035501957,0.00041960933187024096,0.004545683777013962,0.0009144752839823784,1.2471261728337633,66.79161333577134,395.9571428571435
2025-08-04 17:00:00+00:00,115663.7,False,not_opened,,,,,7.0,0.8715226162666948,0.9966022510086945,1.4352331606217947,1.2449203112017708,0.0007199674085838215,0.005124393941563126,0.0024188669891821893,1.600014932353512,64.80979138409869,378.2571428571443
2025-08-05 09:15:00+00:00,114545.6,True,loser,-0.008000000000000007,-0.008000000000000007,stop_loss,13,2.0,0.57739938080499,0.9576883384933077,0.9992266047950803,0.8289136013686971,0.0002187174893710786,-0.0011885734730562362,0.0004681549802606804,0.8604925749981884,55.42846309403444,233.80000000000186
2025-08-05 09:30:00+00:00,114686.5,False,not_opened,,,,,4.0,0.45091141669332047,0.6888391429485008,1.5913486005089499,1.262814780627088,0.0003152376107975474,-0.0008939301580220727,0.0011584076652192863,1.2164201669738224,58.614012439854584,247.62142857143044
2025-08-05 10:15:00+00:00,114917.8,False,not_opened,,,,,6.0,0.7033824804857128,0.7035993061578535,2.1946228884130092,1.675698121042235,0.0004358885767439258,-9.318980129726994e-05,0.0011674121261014184,1.7588909711285723,71.92225831746384,275.22857142857225
2025-08-06 05:30:00+00:00,114203.1,True,winner,0.0005805446612219267,0.0005805446612219267,max_holding,24,5.0,0.6314752806775806,0.6314752806775806,2.49177914110428,2.272750527594809,0.0004864463515914519,-0.0032453741098370016,0.0008369293543988305,3.114014285256556,69.83374464216213,223.38571428571282
2025-08-06 07:00:00+00:00,114200.0,False,not_opened,,,,,4.0,0.5415521978021661,0.8056318681318559,1.5088082901554438,1.1734500028784085,0.0003260001432097148,-0.0017602796739658402,0.0003565193549714924,1.1903226295598024,70.74928826700649,248.15714285714265
2025-08-06 13:30:00+00:00,114132.6,True,winner,0.01200000000000001,0.01200000000000001,take_profit,18,5.0,0.40158802870667637,0.9354099862574611,3.1030561478321967,2.593296563428064,0.00011976554540904516,-0.0003672805007406525,0.0007303858945210791,3.7843782174111498,51.74619419214548,252.53571428571428
2025-08-06 13:45:00+00:00,114218.6,False,not_opened,,,,,4.0,0.16505977632087787,0.7182799845738648,2.4572376214166507,1.9576671070725276,0.00018019077771280756,-0.0002022920298195628,0.0003827461202069075,3.4211939312740807,59.60309003729372,264.9071428571427
2025-08-06 14:45:00+00:00,115142.7,False,not_opened,,,,,7.0,0.8268769599704874,0.9663346246080058,4.924823983647467,2.853479715757427,0.0009036117273246713,0.0008915223554545455,0.005969802392813547,4.410342118537849,69.84680851063824,379.95714285714035
2025-08-06 15:45:00+00:00,115366.3,False,not_opened,,,,,6.0,0.4797021378813252,0.7076627432140373,1.2908527131783327,1.0166233494392125,0.0008160400811381141,0.0032737001613257306,0.0005836997718974398,1.6822872228581878,76.67732891047658,409.4928571428557
2025-08-07 08:00:00+00:00,114900.9,True,winner,0.01200000000000001,0.01200000000000001,take_profit,10,6.0,0.6297854438367645,0.6348338241480691,1.9161628375655417,1.6813864187550716,0.00022934646995387276,0.001686980615477824,0.0005790947660282981,2.202666759932705,73.07762724276851,141.37142857142524
2025-08-07 08:15:00+00:00,115117.1,False,not_opened,,,,,7.0,0.8286699885014046,0.8750479110770717,2.032723022984121,1.7775939264162044,0.00038704876843986824,0.0020122658749536773,0.0011253377535163215,1.876034391902921,83.12848246476605,146.77142857142462
2025-08-07 09:45:00+00:00,115020.4,False,not_opened,,,,,3.0,0.5527896995707655,0.8257510729613484,0.8600959763750646,0.7597354201602478,0.00018820873874525468,0.002803842756356239,0.0002313168188197213,0.8027384826260253,70.63409145704432,153.34285714285528
2025-08-07 10:00:00+00:00,115452.4,False,not_opened,,,,,7.0,0.7995186967789643,0.858200666419833,3.705075445816093,2.9089929994615105,0.0005285920183393245,0.003236309996331146,0.003578733439556584,4.481089936179474,77.84245952337642,185.69999999999814
2025-08-07 10:15:00+00:00,115824.9,False,not_opened,,,,,7.0,0.9004109257916428,0.966642494561269,2.837448559670705,2.070200521857238,0.0007868192851070432,0.0038926440395434673,0.0025612616745578527,5.392725695199767,81.28744814871729,199.83571428571304
2025-08-07 10:30:00+00:00,116347.0,False,not_opened,,,,,7.0,0.9250664304694368,0.9911426040744021,3.5127566894834144,2.4615336697190733,0.0011438323981645127,0.004848788176187255,0.004387998138791292,5.963866312865766,84.34983724516036,229.32857142856977
2025-08-07 11:00:00+00:00,116432.3,True,loser,-0.0008485617822545644,-0.0008485617822545644,max_holding,24,4.0,0.822429906542087,0.822429906542087,1.0041055718474903,0.7185729275970497,0.001009231252895093,0.006509280338786394,0.00039265688661750653,1.5590333198740083,86.25542933511508,238.25
2025-08-07 11:15:00+00:00,116759.6,False,not_opened,,,,,7.0,0.8647291941875902,1.0,2.1665712650257944,1.4492793260946846,0.0011824791089050102,0.007472396122655572,0.0025493140722309265,1.8388193921948477,87.65890426369654,261.16428571428594
2025-08-07 13:30:00+00:00,116563.2,False,not_opened,,,,,5.0,0.43220701454231986,0.6212574850299324,1.788145315487594,1.4697799730579388,0.0005139917443222064,0.010749329319157563,0.001402061855670078,1.2464122386492418,69.83146468613839,318.1428571428582
2025-08-07 15:30:00+00:00,116697.3,False,not_opened,,,,,5.0,0.8521494576135427,0.9931699477702004,0.929424943988019,0.8152636750736795,0.0004163684943909729,0.01169528758528246,0.0012827354956507116,0.6088370484363207,61.86560519562129,305.2999999999998
2025-08-07 18:45:00+00:00,116504.6,True,winner,0.006110488341232845,0.006110488341232845,max_holding,24,6.0,0.8393367638650754,0.9050886220697633,1.3415148609779595,1.0965026196766818,0.00016897121090431177,0.010842761829173582,9.442578819780657e-05,1.362623254004543,50.46559381118381,319.01428571428863
2025-08-07 19:30:00+00:00,117099.0,False,not_opened,,,,,7.0,0.9481854415775178,1.0,1.8827014218009581,1.4308869878432897,0.0006011439658055728,0.011355348002318591,0.003624564070962212,2.585172909012819,60.37594298337008,333.15000000000356
2025-08-07 19:45:00+00:00,117407.6,False,not_opened,,,,,7.0,0.7950038629925555,0.7950038629925555,1.533570300158007,1.123878437047755,0.0007959861746809072,0.011919724631685662,0.0026353769033040917,3.620794239836935,64.56050100648643,345.5000000000031
2025-08-08 07:15:00+00:00,116917.0,True,loser,-0.001916744357108091,-0.001916744357108091,max_holding,24,7.0,0.99966755319147,0.99966755319147,2.2223864056151172,2.1007682330639823,0.00017889598176079602,0.007914047499270887,0.0017401526296354232,1.76129638988064,62.127751402675614,143.18571428571366
2025-08-08 11:00:00+00:00,116720.0,False,not_opened,,,,,7.0,0.8389639639639823,0.8453453453453529,1.760158572844379,1.5646264211100165,0.00010405452026684969,0.005996853795323142,0.0011528010320313502,1.032058605953528,47.944676247875194,170.26428571428445
2025-08-08 13:30:00+00:00,116777.6,True,loser,-0.0033722220699859973,-0.0033722220699859973,max_holding,24,6.0,0.19063695701105354,0.7006527121314446,3.4282407407408018,2.4200287904135562,0.00013815655413473849,0.005564311189291086,0.0006649528706084474,2.26304463072876,57.83258594917792,183.59285714285943
2025-08-08 17:00:00+00:00,116374.0,False,not_opened,,,,,7.0,0.6409812409812577,0.7806637806637806,1.281908990011085,1.0970149253731416,2.7717728206422265e-05,0.0027869550930437,0.0011191985127822263,1.0814725783746502,38.671831144043814,315.8571428571408
2025-08-08 17:30:00+00:00,116514.5,False,not_opened,,,,,5.0,0.9534132841328151,0.9534132841328151,0.8020717721050705,0.7694959943210742,0.00014285893282428574,0.0028305146624664885,0.0005212367479635451,0.5399243655183295,44.53176522312598,281.74285714285674
2025-08-08 17:45:00+00:00,116665.9,False,not_opened,,,,,5.0,0.7735173824130054,0.9994887525562075,0.7236403995560626,0.6948313922509141,0.00025315603309494783,0.0030248195381152214,0.00121261948120816,0.6146813216553676,49.38886606409196,281.50714285714326
2025-08-09 04:00:00+00:00,116510.2,True,winner,0.010339008945139616,0.010339008945139616,max_holding,24,7.0,0.8432483474975865,0.9499527856468098,2.2555910543130953,2.0118054142072013,1.4373780558907256e-05,0.0023643254777297217,0.0006089009466734528,1.882986387492498,45.088586235988984,105.27857142857309
2025-08-09 05:15:00+00:00,116930.4,False,not_opened,,,,,7.0,0.9506776271939317,0.9562319484558733,4.44982698961937,2.740573217935891,0.00037577764985763373,0.0024022044677538042,0.0018892998794446745,3.375842995921384,66.99555994079881,164.23571428571657
2025-08-09 07:15:00+00:00,116844.9,False,not_opened,,,,,5.0,0.9987063389391226,0.9993531694695613,1.1721000758151072,0.7392581460482507,0.00022157637214359482,0.0028466855545901102,0.0012399293231716577,1.013708383917402,65.77362664372635,209.12857142857268
2025-08-09 08:30:00+00:00,117132.1,False,not_opened,,,,,7.0,0.8747531734837964,0.998307475317373,2.409925220938042,1.917474790402954,0.000394715764431286,0.003420287690860567,0.002653607493787562,1.8151507731311125,68.01969428064368,184.87857142857268
2025-08-09 09:00:00+00:00,117373.5,False,not_opened,,,,,7.0,0.8139721627409022,0.9997323340470936,2.227787716159786,1.963510774082156,0.0005247035997821836,0.0040826149089567354,0.001907810499359795,2.154061103951554,65.93767424570963,190.27142857142982
2025-08-09 09:45:00+00:00,117473.3,False,not_opened,,,,,7.0,0.823707186030895,0.9734721289456209,1.5021437578814776,1.5507532081086175,0.0004892526516049323,0.005004563636696565,0.0005391363597649511,1.3024064026611848,77.97454344216956,192.03571428571533
2025-08-09 10:00:00+00:00,117714.8,False,not_opened,,,,,7.0,0.7371794871794741,0.8925518925519034,1.652459016393472,1.5907325194228772,0.0006391394300262476,0.005513150101123466,0.001988403250903173,2.2858195309124363,81.18747983220386,205.94285714285903
2025-08-09 22:15:00+00:00,116636.6,True,winner,0.01200000000000001,0.01200000000000001,take_profit,20,6.0,0.670971709717109,0.6715867158672062,1.348817917876497,0.9866504854369422,2.8462378873328475e-05,0.0007315321156416264,0.000629701312249567,1.2189932504374745,52.17859064012952,164.7999999999977
2025-08-10 02:45:00+00:00,117273.7,False,not_opened,,,,,7.0,0.9702233250620044,0.970577809287477,2.6389148737137695,2.121508379888305,0.0005350946447371108,0.0012373862600552495,0.0015534819688483238,2.5130680417586344,86.23792069310248,132.971428571429
2025-08-10 03:00:00+00:00,117875.2,False,not_opened,,,,,7.0,0.8035261119273321,0.9000934953920086,7.003741814780046,4.152030104971265,0.0009748349193270389,0.0020829639304906717,0.005057894647089895,7.2440395669230275,90.75597336466913,180.32142857142858
2025-08-10 03:15:00+00:00,118339.4,False,not_opened,,,,,6.0,0.4641999999999971,0.8393999999999942,9.354536950420826,4.020331390173158,0.0012596581496608916,0.003167475311710244,0.0033013988978380176,6.07802511956425,92.65026471504211,248.7357142857145
2025-08-10 04:00:00+00:00,118679.1,True,loser,-0.008000000000000007,-0.008000000000000007,stop_loss,10,6.0,0.7717054263566117,0.7717054263566117,1.7719780219780397,0.8618879450224265,0.001205646032675478,0.006018056179032955,0.0015113924050633404,1.9506265075066063,88.34468116260358,299.3428571428584
2025-08-10 14:15:00+00:00,118783.9,True,loser,-0.004489665687016364,-0.004489665687016364,max_holding,24,6.0,0.7842178770949575,0.9500698324022234,1.1928363182007327,1.1424012764259879,0.0003481427897944478,0.010327344828997588,0.0011327481363174238,1.864771122401999,75.96558193698594,250.69999999999916
2025-08-10 15:00:00+00:00,118853.2,False,not_opened,,,,,4.0,0.2637055837563304,0.38883248730963726,1.6147540983606556,1.498058173325014,0.00031956666265475775,0.010770983783291527,9.676738047335237e-05,2.9313701372057768,68.68754660700938,263.0071428571412
2025-08-10 21:45:00+00:00,118678.0,True,winner,0.01200000000000001,0.01200000000000001,take_profit,17,7.0,0.9974248927038689,1.0,2.8962088253573386,1.747234794718682,0.0002074614531246688,0.007787972031737458,0.002103371727678006,0.6210131410715481,56.337830241709,266.70714285713933
2025-08-10 22:00:00+00:00,118825.1,False,not_opened,,,,,6.0,0.41777904004545124,0.7140017040613592,1.9193240665031965,1.2464031960353297,0.00030594340489420446,0.00797403640854122,0.0012394883634709536,2.440558228051527,56.87716863289394,282.49285714285463
2025-08-10 22:45:00+00:00,119046.6,False,not_opened,,,,,5.0,0.647459402828707,1.0,0.9891191709845012,0.6675825548284299,0.0003980583481886235,0.008599895961827793,0.000812947299661552,0.9330127063550158,61.622035884951984,285.9571428571414
2025-08-10 23:30:00+00:00,119223.3,False,not_opened,,,,,6.0,0.7425802543912757,0.792247122955809,1.431916738941842,1.1423629129908308,0.0004505588369749791,0.009205913328278335,1.1742808997413488e-05,1.4393188413066154,71.89804278561684,289.04999999999774
2025-08-11 01:30:00+00:00,119736.2,False,not_opened,,,,,7.0,0.8969924812030076,0.9040601503759355,2.508960573476675,2.5878363353346736,0.000632072904144465,0.010674273749495315,0.0035932359658864457,3.3388451114760436,73.081015351877,256.97142857142796
2025-08-11 01:45:00+00:00,120050.1,False,not_opened,,,,,7.0,0.6338852988691651,0.9089256865912934,1.868326730805477,1.7646998930916802,0.0008226883806476959,0.011270855592609291,0.0020876460767947063,2.3735585396004555,77.37004405286356,280.6142857142851
2025-08-11 02:00:00+00:00,121264.9,False,not_opened,,,,,7.0,0.8605936105404808,0.975136360416515,5.016702203269461,3.7966420777624084,0.0017149757178707148,0.012555555593859418,0.009739773113330068,7.152528276866192,84.75350963108068,371.8285714285708
2025-08-11 02:15:00+00:00,121462.4,True,winner,0.0020796559264431025,0.0020796559264431025,max_holding,24,5.0,0.24141303019190635,0.665444322209987,2.8959292035398434,1.96361953092856,0.0017066220363415319,0.013911825891055666,0.0013388293487221284,3.7729229955405534,85.08073884758365,416.6285714285706
2025-08-11 02:45:00+00:00,121837.5,False,not_opened,,,,,4.0,0.4846669016566846,0.8470215015862015,0.9757523645743666,0.652612553401242,0.0016726000384967854,0.016571800804825277,0.0005189929237942414,0.911992860787895,89.40985142920152,434.7142857142857
2025-08-11 03:00:00+00:00,121968.9,False,not_opened,,,,,6.0,0.30845070422533843,0.9504694835680615,1.465176268271711,0.9647675434339509,0.0016151201445799845,0.017811488252049153,0.0007220163290556601,1.5091187739203524,89.06659077973823,441.55714285714305
2025-08-11 04:45:00+00:00,122069.7,False,not_opened,,,,,5.0,0.4979331078541883,0.5236126769384923,2.522274881516597,1.539209475278899,0.0009793981317052225,0.022396374013195823,0.0014907127855079835,1.6738572078231146,88.662813712295,518.6428571428551
2025-08-11 16:00:00+00:00,120663.5,True,loser,-0.008000000000000007,-0.008000000000000007,stop_loss,5,7.0,0.6486441798941815,0.7759589947089958,1.5144609991235887,1.4215059179048133,0.00031465540994934926,0.009340257119981432,0.0022942619362673394,1.122954536880638,71.08824089956141,425.46428571428675
2025-08-12 12:30:00+00:00,119064.5,True,winner,0.0037156331232230944,0.0037156331232230944,max_holding,24,6.0,0.8376125823363499,0.8377470090065896,2.821543713256251,2.533287927805178,0.00044259762850917816,-0.00358484576360243,0.004162063236373144,7.011137663898202,59.74257425742563,293.65000000000146
2025-08-12 12:45:00+00:00,119225.8,False,not_opened,,,,,3.0,0.4804885314268821,0.9687220732797137,1.2348721721537572,1.116554214577579,0.0005298322749827111,-0.003072522353398847,0.0003406463218588031,2.308672178630351,61.30125252217594,300.6571428571437
2025-08-12 14:45:00+00:00,119419.0,False,not_opened,,,,,6.0,0.680996384089992,0.9963840899959765,1.649983427245594,1.1647558244476435,0.0004783805563028931,-0.0010134574421996729,0.0010033587791378248,0.7267846429838338,66.1539998002597,427.3857142857149
2025-08-12 15:15:00+00:00,119738.9,False,not_opened,,,,,4.0,0.9827387802071342,0.9827387802071342,1.152137885316494,0.7890904963434815,0.0006490737427684579,-4.7836536381104674e-05,0.0015800920117105327,0.9332155653910236,70.07812007811987,440.50714285714224
2025-08-13 04:00:00+00:00,119680.7,True,winner,0.005595722618600973,0.005595722618600973,max_holding,24,6.0,0.6409114719748434,0.6911995809324049,1.7366386172389938,1.369931826336577,0.00011552393422897822,0.002301812205865266,0.0007918987172411243,1.656022880075811,45.44953116381692,278.6999999999992
2025-08-13 06:45:00+00:00,119368.1,False,not_opened,,,,,6.0,0.8173545661358157,0.9463763405914872,1.1481343283582524,1.1174288604705946,1.4323792006942782e-05,0.0006499825106768349,0.0006698064016391289,0.7784051339606896,49.824455813020364,275.36428571428405
2025-08-13 08:30:00+00:00,119903.4,False,not_opened,,,,,4.0,0.8541806020066695,0.8795986622073578,0.6669640865492031,0.5592070107940575,0.0003738591938662328,0.0015454812076812314,0.00044555694618267984,1.1573287788757054,63.18839191648256,267.3428571428573
2025-08-13 13:15:00+00:00,120609.3,True,winner,0.01200000000000001,0.01200000000000001,take_profit,2,4.0,0.45383360522024735,0.51973898858076,1.3502202643171806,1.2360651015411155,0.0002739397253430642,0.0067630346431114124,7.711442786072066e-05,1.0175250861633294,67.04435092262868,247.96428571428675
2025-08-13 13:45:00+00:00,121777.3,False,not_opened,,,,,7.0,0.8021073427724773,0.8298759740972448,7.102709023582056,4.777392835071815,0.001171011730221494,0.007614830881563648,0.008453375180632123,7.0023849348313085,73.50562761989643,381.4214285714282
2025-08-13 16:00:00+00:00,121507.4,True,winner,0.01200000000000001,0.01200000000000001,take_profit,19,7.0,0.9827641752577133,0.9827641752577133,1.3941163260723082,0.9338046479645051,0.000523582521984256,0.010230685126979649,0.001405178474149249,0.5602108878509289,58.15657350319724,664.807142857143
2025-08-13 22:30:00+00:00,123531.7,True,loser,-0.002172721657679677,-0.002172721657679677,max_holding,24,7.0,0.7643508583690849,0.8154506437768176,1.9975887474882943,1.9399706357908986,0.0009019687242091123,0.018000646584479328,0.0035069049553208536,2.3305383753918494,78.01586483980635,384.33571428571406
2025-08-14 00:00:00+00:00,123887.2,False,not_opened,,,,,7.0,0.897260273972624,0.9797706275884082,1.6370273794002304,1.5170533001932984,0.0008576094277314983,0.019762374348883647,0.0013846239650683778,1.3106817379378033,66.04616968092938,413.82857142856875
2025-08-14 00:15:00+00:00,124300.0,False,not_opened,,,,,7.0,0.6600063938618771,0.9998401534526761,1.631290743155165,1.4122123865267306,0.00109519007069947,0.020470373172898376,0.003229219716884403,1.925331590932716,68.82661050812693,442.99285714285463
2025-08-17 04:45:00+00:00,118023.5,True,winner,0.002735895817358447,0.002735895817358447,max_holding,24,6.0,0.7007548088629291,0.7007548088629291,3.7201086956520983,3.0929532006455105,0.00040216371517765026,-0.0028418508358341163,0.0024121046887408217,5.812363303143864,88.76028023149468,132.78571428571325
2025-08-17 10:45:00+00:00,118346.4,False,not_opened,,,,,6.0,0.8063028439661892,0.9746348962336423,1.1153021860264865,0.9492885808098612,0.00021813504873779976,0.0012997331966626462,0.00052754387744745,0.8727559890971617,70.70500927643813,137.04999999999978
2025-08-21 01:45:00+00:00,114684.0,True,loser,-0.007999999999999896,-0.007999999999999896,stop_loss,11,6.0,0.7866931479642618,0.9612711022840119,2.196771378708579,2.199925098308492,0.00042275010750092434,-0.0005426850057803025,0.0026060904359716175,2.4192502087067944,57.95195837011575,228.8714285714263
2025-08-21 03:00:00+00:00,114313.9,False,not_opened,,,,,5.0,0.6088043060361378,0.6614763552479684,2.354378818737211,1.809031745243183,0.00013070407901305536,-0.0009240256300468085,0.0008948295139639555,1.563054771213963,50.45332119418828,287.557142857141
2025-08-22 14:00:00+00:00,115127.9,True,winner,0.01200000000000001,0.01200000000000001,take_profit,4,6.0,0.9845406037570342,0.9920327461442866,9.978847556528176,5.3084448878911195,0.0022759456985952387,-0.004533618732826832,0.022163407072260256,8.885815589037884,81.4146648585819,515.442857142858
2025-08-22 14:30:00+00:00,115715.0,False,not_opened,,,,,4.0,0.6006224066390041,0.6007261410788443,2.994718856787809,1.5259545696098047,0.002349498134540662,-0.0005879739640539893,0.0002333863494917364,2.4036913247599165,88.77399631344703,631.7357142857145
2025-08-22 15:00:00+00:00,116571.4,False,not_opened,,,,,7.0,0.8905761981690836,0.8905761981690836,2.5567947129285318,1.319280226527691,0.0026313148258514385,0.003568132899868054,0.004061157675415742,1.380142274510375,91.76596394744887,703.7928571428575
2025-08-22 15:15:00+00:00,116673.3,True,winner,0.002177876172183346,0.002177876172183346,max_holding,24,2.0,0.26173979984603735,0.3425712086220195,1.0222980062958884,0.540810055312143,0.002459792722977916,0.005676882142793043,2.5712889871942126e-06,0.9167073722427317,91.80679853312817,720.5857142857141
2025-08-22 17:00:00+00:00,116704.2,False,not_opened,,,,,6.0,1.0,1.0,1.397548161120817,0.8285784919653894,0.0013302411171778328,0.014440597136661947,0.001425284949728812,0.5213897711193823,83.40803660982965,722.3214285714286
2025-08-22 17:15:00+00:00,116890.1,False,not_opened,,,,,4.0,0.6477351916376611,0.699651567944261,0.6701692936368829,0.399403578528827,0.0013555735058161655,0.01547108222041486,0.0015929161075608996,0.4819839263692443,83.96341463414649,718.5714285714286
2025-08-23 16:45:00+00:00,114967.8,True,winner,0.002628562084340036,0.002628562084340036,max_holding,24,5.0,0.6805646749835815,0.6805646749835815,1.5664695294420694,1.41924318567581,1.0256563493848958e-05,0.0004111255339094167,0.0002540486833839727,0.846228524703918,49.521263367321744,214.62142857142732
2025-08-23 23:45:00+00:00,115377.1,True,loser,-0.0035206293103224873,-0.0035206293103224873,max_holding,24,7.0,0.9769408147578796,0.977709454265995,1.622194513715695,1.1133251833741131,0.00019072872257175355,0.001775212387371167,0.0008492425346463954,2.1016118076267336,58.32827538368152,116.85714285714494
2025-08-24 01:30:00+00:00,115454.2,False,not_opened,,,,,6.0,0.8342031312726222,0.9879566439181048,2.035130718954032,2.1196134443565366,0.00017373268288278787,0.002370733305194828,0.0001697931122903468,0.7096468834880469,63.082970360139534,117.52142857143086
2025-08-24 02:00:00+00:00,115579.2,False,not_opened,,,,,5.0,0.5653507090839528,0.7669605212725018,2.131535947712219,1.8668097720534875,0.00024721072224953566,0.0026646070758850455,0.00027001765500049406,1.8792520701692812,68.03451581974983,139.75714285714534
2025-08-24 04:00:00+00:00,115184.9,False,not_opened,,,,,6.0,0.6917409848778526,0.6917409848778526,1.5983885962193771,1.246883309735104,4.707007339233016e-06,0.0014972107507279005,0.0005559372798510088,1.2873105091351729,42.236294778667535,206.83571428571304
2025-08-27 11:45:00+00:00,111270.8,True,winner,0.009125484853168997,0.009125484853168997,max_holding,24,1.0,0.5701624815361921,0.5709010339734581,0.6492447854231229,0.6402972470866132,0.00023461901068655422,-0.001709573716365425,0.00013122864163979915,0.6999615120200056,72.51546912488936,211.46428571428572
2025-08-27 13:30:00+00:00,111509.4,False,not_opened,,,,,4.0,0.29158993247391035,0.6766114180478714,3.2982385098198406,3.0435594939411805,0.0003604572126414407,-0.0007607620764760399,0.0016537121391093602,4.116950981066516,62.47605873590121,267.6142857142851
2025-08-27 14:15:00+00:00,112141.2,False,not_opened,,,,,7.0,0.79384301138021,0.983221476510067,2.679960899315715,2.0240892695171504,0.0008061994863182154,0.0005399682899646692,0.002646515004667165,2.6001516638572375,74.00150417606795,338.6214285714273
2025-08-27 17:15:00+00:00,112255.3,False,not_opened,,,,,7.0,0.6499613003096107,0.8090170278637838,1.3052153049627648,1.1860400308181627,0.0004926923968613384,0.003816741074641502,0.0005035704481687861,0.7769248590660084,65.36532415032187,435.7357142857145
2025-08-27 20:45:00+00:00,112363.1,True,loser,-0.008000000000000007,-0.008000000000000007,stop_loss,4,3.0,0.26637279596978675,0.9826826196473555,0.9154056780515977,0.7906397809310571,0.000326596223862774,0.005389691185638264,0.0002243232248422985,0.6769489810516292,52.61371350984389,401.7000000000002
2025-08-28 06:15:00+00:00,112953.2,True,loser,-0.0013005386301583322,-0.0013005386301583322,max_holding,24,6.0,0.9301138594424692,1.0,1.2857142857142805,0.9936465474000914,0.00058568146568172,0.006882197879174842,0.00045526289217704395,0.9163422645764279,86.79135008766868,256.3285714285708
2025-08-28 12:45:00+00:00,113187.6,True,loser,-0.007999999999999896,-0.007999999999999896,stop_loss,16,4.0,0.3837902264600991,0.6098529996027087,1.5148961781523076,1.4882169102119647,0.0002490218443695902,0.009175717405369984,0.0002182694151529489,1.701476464266348,59.05977359578902,169.12857142857476
2025-08-28 16:15:00+00:00,112958.6,False,not_opened,,,,,2.0,0.2066961815163526,0.46181516325402516,1.0446596328949391,0.8900538296450287,0.00010355295540587228,0.007437706678136568,0.000331204415114334,1.2813748596681962,45.38715655466921,406.0428571428565
2025-08-31 00:45:00+00:00,109339.9,True,loser,-0.008000000000000118,-0.008000000000000118,stop_loss,23,6.0,0.7062805566001973,0.9432117337344635,2.856068743286994,2.2824034334763246,0.0005621687241978979,-0.004265255420260925,0.0014838167797695321,5.391151572647272,86.5057751901599,116.50000000000104
2025-09-01 07:30:00+00:00,108769.2,True,winner,0.00322241958201408,0.00322241958201408,max_holding,24,6.0,0.701349103677686,0.7129920532249099,1.9730173199635581,1.7429136756856458,0.0007781954458458973,-0.0062017487498510614,0.0034059040590405636,3.6627799110155514,72.43811829527861,310.45714285714246
2025-09-01 07:45:00+00:00,109390.3,False,not_opened,,,,,6.0,0.9998390212492092,1.0,2.265086599817674,1.9075276364274356,0.001251385391801474,-0.004999067825820041,0.004276356558900917,3.4942318040547335,85.35878581519151,325.6571428571427
2025-09-01 08:00:00+00:00,109473.6,False,not_opened,,,,,4.0,0.20612951062779913,0.24518042511124621,1.4752962625342054,1.1891006801578794,0.0012041750537956641,-0.003880658565364925,0.0007614934779409409,3.563484270272457,91.15636091911044,340.25714285714326
2025-09-01 09:00:00+00:00,109763.7,False,not_opened,,,,,5.0,0.6745298055466791,1.0,0.9780202650038881,1.026553223318209,0.0010511488523774482,-0.00016047709340503155,0.0006007413093060588,0.7474821127267994,88.9882195672146,305.58571428571406
2025-09-01 09:30:00+00:00,109775.1,False,not_opened,,,,,4.0,0.337299226650832,0.7034503271862048,1.0481683554169823,1.0977703143949886,0.0008773085389111035,0.0013766478495080077,3.5528444619433254e-05,1.1729432906638695,88.5579873184697,306.25714285714326
2025-09-01 13:15:00+00:00,109401.0,False,not_opened,,,,,6.0,0.5922852657546743,0.8246243552366044,1.5450450450450326,1.354348816523102,0.00048384820469404843,0.001489661413123244,0.0013500711647681767,1.4748147684468664,48.394958303187195,329.23571428571347
2025-09-01 23:15:00+00:00,108751.6,True,winner,0.01200000000000001,0.01200000000000001,take_profit,14,2.0,0.23356573705183292,1.0,0.6783783783784049,0.5048215921130681,0.00025802360413673675,-0.002244784947222177,0.00024373396759349956,0.5036546813065006,44.24346982235771,397.7642857142855
2025-09-01 23:30:00+00:00,109061.7,False,not_opened,,,,,6.0,0.6808604038630227,0.9422739244951656,1.4020618556701336,1.0897845512481144,0.0005056220928763011,-0.0017657248996122029,0.0028514523004718206,1.1551123308271936,50.09241195194574,418.0642857142853
2025-09-01 23:45:00+00:00,109187.9,False,not_opened,,,,,2.0,0.34767025089603604,0.3862696443341395,1.0655111633372372,0.8312406895083998,0.0005679696173246374,-0.0012405207831478072,0.000915774420651164,1.5697678294001962,51.88811188811186,436.33571428571406
2025-09-02 13:30:00+00:00,110432.6,True,winner,0.00163448112242226,0.00163448112242226,max_holding,24,7.0,0.7300896624472617,0.9506197257384006,4.717151298398456,3.528145145211684,0.0006754257866048441,0.004499741238196984,0.008137577459439998,4.605091619726533,50.51393330287803,429.91428571428486
2025-09-02 13:45:00+00:00,111113.4,False,not_opened,,,,,7.0,0.7709206205412695,0.852225116068394,2.7463846991136784,1.852777652894531,0.0012015800534852517,0.0054903067859102365,0.00548288577698341,3.347889843119949,61.51760156681564,476.6357142857128
2025-09-03 09:45:00+00:00,111261.2,True,winner,0.008155583437892133,0.008155583437892133,max_holding,24,4.0,0.5784518828451074,0.8828451882844803,1.0200053347559732,0.9515142897768206,0.0002622504402816084,0.00700731934307082,0.0002085618223987944,0.6668054960846613,69.22956467272151,200.94285714285797
2025-09-03 10:00:00+00:00,111293.6,False,not_opened,,,,,4.0,0.15275813295618973,0.8519566242338834,1.1315017337956836,1.0370913663034609,0.0002650150421619202,0.007172243423391276,8.986050055893231e-05,0.978627969472907,73.80626459457278,204.51428571428656
2025-09-03 10:15:00+00:00,111420.0,False,not_opened,,,,,5.0,0.7637462235649195,0.9232628398791717,0.90092542188352,0.8040392823680435,0.00034814944287653304,0.007403462307339022,0.0008533572872220975,1.0862245583223862,77.68508863399342,205.8357142857151
2025-09-03 11:00:00+00:00,111594.4,False,not_opened,,,,,7.0,0.6360330578512204,0.7500826446280799,1.6137636703120457,1.5655613470851406,0.00041034427590580513,0.008035809502148668,0.0014034709883522154,2.202329858337058,75.99555061179026,193.22142857142794
2025-09-03 13:30:00+00:00,111607.7,False,not_opened,,,,,6.0,0.5169329073482288,0.9068690095846599,3.339557215257324,2.347395205571216,0.0003021779467664576,0.008232160632079577,0.001636971136716654,2.9396967129940763,58.86236668359553,266.6785714285673
2025-09-03 14:30:00+00:00,112442.2,False,not_opened,,,,,7.0,0.9737914428597862,0.9737914428597862,4.649300322927892,2.5877640453285196,0.0009809452654132578,0.008778913280963297,0.005116662405760931,4.125373776803626,63.384906851910436,417.27142857142564
2025-09-03 17:00:00+00:00,112327.6,True,loser,-0.004603499050990223,-0.004603499050990223,max_holding,24,7.0,0.9282768513538001,0.9460283306437306,1.5727580372250405,1.2673559822747356,0.000494423319093551,0.010950249979528806,0.0017622402568447857,0.6767762832840812,59.297429936717116,440.0499999999998
2025-09-05 01:30:00+00:00,110985.7,True,winner,0.01200000000000001,0.01200000000000001,take_profit,22,4.0,0.9315012305167701,0.9995898277276217,0.9822723609991887,0.7114538822303368,0.0003432784441390613,-0.00025486108284598127,0.0012675334610790544,0.5592438198715343,58.47621730098937,342.67857142857144
2025-09-05 01:45:00+00:00,111079.9,False,not_opened,,,,,4.0,0.4335020708697461,0.9153244362631915,0.8755036261079737,0.6569774975165286,0.00039157629419039885,9.711829299847616e-05,0.0008478562122360813,0.7277219492718998,55.679981962346226,330.75714285714326
2025-09-05 02:00:00+00:00,111247.1,False,not_opened,,,,,5.0,0.3897435897436169,0.5927738927738996,1.6031390134529235,1.2415760532517446,0.0004980322597458731,0.0005396863206205351,0.0013393544275655245,1.5901580089407468,59.74924810667843,345.52857142857204
2025-09-05 07:15:00+00:00,112659.5,True,winner,0.0021320882837221333,0.0021320882837221333,max_holding,24,6.0,0.6332100721958258,0.6568057756647364,3.4386920980925777,2.4689770821687977,0.001032051459119554,0.006605949473615577,0.0011223354530041172,4.803521339095635,84.93377483443703,230.01428571428445
2025-09-05 07:45:00+00:00,112900.1,False,not_opened,,,,,6.0,0.6434944237918432,0.8182156133829213,1.6035767511177348,1.1214007086919016,0.001042825987314533,0.008252848591078872,0.00040494655059981395,2.1238178358628885,92.16499999999954,239.8785714285706
2025-09-07 08:15:00+00:00,111199.9,True,loser,-0.0010260800594243946,-0.0010260800594243946,max_holding,24,6.0,0.8316613162118878,0.8449036918137965,5.593714927048743,3.5534732124668458,0.000542252316678038,-0.0003632562771187576,0.0028778652390674606,6.5706015343218,80.03505696757205,140.25714285714326
2025-09-07 11:00:00+00:00,111206.9,False,not_opened,,,,,2.0,0.3672032193159169,0.5674044265593308,0.657190082644558,0.5030909945410175,0.0002449213518518345,0.002099016890011121,0.0001834755118651471,0.6079995176187781,64.2808026504972,197.57857142857287
2025-09-07 19:30:00+00:00,111199.8,True,loser,-0.0034154737688377734,-0.0034154737688377734,max_holding,24,4.0,0.5617663499161268,0.6266070430408068,1.3193215339233824,1.264055718179112,0.0001279343239586339,0.002135005663178817,0.00010612656042021541,0.9406943310984456,49.631377174874665,141.5285714285731
2025-09-07 23:15:00+00:00,111416.6,False,not_opened,,,,,5.0,0.5286080273270997,0.5932251636777882,2.871270944013135,2.2726306547756856,0.0002305543179783598,0.0026521896108096226,0.0009019352079931648,3.812821555608538,58.07835518860278,154.5785714285708
2025-09-08 02:30:00+00:00,111141.9,True,winner,0.005630639749725441,0.005630639749725441,max_holding,24,5.0,0.5846153846153638,0.6366726296958751,2.7523387493845592,2.0713019082656365,0.00012996544976950908,0.0010447286077048586,0.0021812443642921027,2.449047092785762,47.31986735001483,269.87857142856956
2025-09-08 08:30:00+00:00,111767.7,False,not_opened,,,,,7.0,0.7152709359606007,0.8791461412150972,1.9882468168462102,1.4852106051632292,0.0005186634020359904,0.002478585445916214,0.001583461031803614,3.5586717726277444,75.40015356446698,205.02142857142775
2025-09-08 09:00:00+00:00,111922.7,True,winner,0.006447306935947861,0.006447306935947861,max_holding,24,6.0,0.638293068412715,0.8699480695416467,2.814744200826265,1.7993093642088482,0.0005672920589445685,0.0032480443783410706,0.00041295535702312006,3.141818677431369,75.7125515901914,246.1500000000004
2025-09-08 09:45:00+00:00,112059.9,False,not_opened,,,,,6.0,0.9702329594477626,0.9706643658326022,1.287777777777742,0.9127524329189495,0.0005532380845532092,0.004346231898832037,0.0001597615180021258,1.627603598160285,73.58668653750583,253.95714285714348
2025-09-08 10:15:00+00:00,112109.4,False,not_opened,,,,,5.0,0.8300757877941511,0.9696848823294539,1.1881516587677587,0.9083568415331534,0.0005076451025829432,0.0050319901170336,0.00017485979991035107,1.7040042098773573,72.41022991475066,275.99285714285776
2025-09-08 14:30:00+00:00,112539.5,False,not_opened,,,,,6.0,0.6317249029395466,0.645590682196341,2.4392333709131644,1.9804895909613731,0.0004998152026380875,0.0074368743561072466,0.002400463169145809,3.0069114673586452,67.68338795059239,273.11428571428615
2025-09-08 15:15:00+00:00,112773.7,True,loser,-0.008000000000000007,-0.008000000000000007,stop_loss,21,4.0,0.42631058358061874,0.6904055390702016,1.408404922219618,1.0865682335781446,0.0005566731328543462,0.008561631985094735,0.000377002994734377,1.8509835093052187,69.40471888068546,279.1357142857149
2025-09-09 03:45:00+00:00,111657.6,True,winner,0.01200000000000001,0.01200000000000001,take_profit,12,3.0,0.4734133790737494,0.7284162378502137,0.9757322175732308,0.8385042120403098,5.836821705273998e-05,0.0008817194907920097,0.0003207258797116953,0.962699247659148,51.74202539485913,208.5857142857151
2025-09-09 04:15:00+00:00,111902.3,False,not_opened,,,,,5.0,0.5417782538832514,0.5417782538832514,2.0254949823703954,1.7666182285154046,0.0002531322527417057,0.0011672149382702765,0.0014981890170395172,2.2403173068627464,60.52995710530002,211.3642857142851
2025-09-09 06:00:00+00:00,112650.1,False,not_opened,,,,,7.0,0.7868204804045614,0.8443426042983573,3.040115301465282,2.7041909587619504,0.000739117391368671,0.002881468705839602,0.0038523300225098236,3.340639943801794,86.84804696319776,234.00714285714326
2025-09-09 06:45:00+00:00,112989.5,False,not_opened,,,,,5.0,0.5746556473829362,0.6085399449035652,1.7224199288256823,1.3771238110722697,0.0008299226584587149,0.004682252017346265,0.0011917947809135616,2.9068652215014392,87.58027812895105,263.5928571428573
2025-09-09 07:15:00+00:00,113186.3,True,loser,-0.0037601723883544658,-0.0037601723883544658,max_holding,24,5.0,0.9051654560129148,0.9051654560129148,1.1317652432062397,0.9107185047121653,0.0008475953037410111,0.0059723027726478915,0.0003208130799823501,1.0187964361994695,86.8414710560568,272.0928571428563
2025-09-09 13:30:00+00:00,112824.0,True,loser,-0.008000000000000007,-0.008000000000000007,stop_loss,4,5.0,0.22409553916404482,0.7330523357920591,1.805326569435569,1.2216262604591175,0.00012151788561731713,0.007321866668426284,0.0002996714253543562,2.0798455948778005,46.14355231143547,233.04999999999978
2025-09-10 07:15:00+00:00,112183.5,True,winner,0.01200000000000001,0.01200000000000001,take_profit,21,6.0,0.6569497253907981,0.8595268272074339,2.5575364667748057,2.0833647680120757,0.0005394920009087478,-6.138220177913422e-05,0.0022692855770820026,2.307999999473165,74.57286432160825,227.2285714285681
2025-09-10 07:45:00+00:00,112500.1,False,not_opened,,,,,7.0,0.7614335383792887,0.8531692966033831,2.0199891950297775,1.510053367950384,0.0007085835890376924,0.0010229288975370766,0.0022280623608018336,3.7573474656121917,78.90169902912639,247.6071428571387
2025-09-10 08:00:00+00:00,112768.0,False,not_opened,,,,,6.0,0.5931828242585176,0.8583444001770704,2.26522938079724,1.6916822679861234,0.0008689645251185318,0.0017814857316338119,0.001892408156012616,3.851357316584103,87.79040474724331,267.07142857142543
2025-09-10 13:00:00+00:00,113690.1,True,loser,-0.0033784823832506694,-0.0033784823832506694,max_holding,24,7.0,0.6922548120990143,0.7609990834097393,2.2652478588112683,1.6150999259807322,0.0010639563069534397,0.006620716437812228,0.001410199947150584,2.8085912450225243,86.4729311107831,270.2000000000002
2025-09-10 13:30:00+00:00,113965.7,False,not_opened,,,,,6.0,0.523606505605542,0.9821569556292391,2.986559773638368,1.9800348385367827,0.0011067165292737435,0.008254216231442622,0.0015053464845370503,1.6806501592785692,85.84017796030066,319.8428571428584
2025-09-10 20:00:00+00:00,113621.3,True,winner,0.0024933705211962476,0.0024933705211962476,max_holding,24,4.0,0.25283118251250214,0.29338951804057234,1.540052727641481,1.2923129284776906,0.00010579619157047304,0.010974697075697938,0.0004772508939648638,1.7933971585876363,48.898660477993744,293.8142857142874
2025-09-11 03:15:00+00:00,114076.3,True,loser,-0.0013122795883105942,-0.0013122795883105942,max_holding,24,7.0,0.7480916030534629,0.7480916030534629,1.460061919504662,1.3390119250425854,0.0002281212086583384,0.010347291771027308,0.0015109188247668288,1.2305738598238798,56.29162285313705,176.1000000000027
2025-09-11 03:30:00+00:00,114150.1,False,not_opened,,,,,4.0,0.3009391588403798,0.6766026949775653,1.5164086687307041,1.3203681595871948,0.00026809469880140213,0.010477121370989433,0.00012616560813144995,1.5802842972509057,60.93120222376671,185.47857142857433
2025-09-11 03:45:00+00:00,114354.4,False,not_opened,,,,,7.0,0.7093749999999596,0.7263888888888788,1.6700492896491315,1.463202206416007,0.00041338312958982826,0.01072293369727933,0.0010951656011197763,2.535081421326155,68.54117796234065,196.82857142857392
2025-09-11 05:30:00+00:00,114228.5,False,not_opened,,,,,5.0,0.7048192771084639,0.7353700516351053,1.2173913043477864,1.2270327349524413,0.00019112866046144816,0.010874418423582843,0.00042476791031704326,1.1506079679438306,60.53059366668819,189.40000000000146
2025-09-11 06:30:00+00:00,114347.9,False,not_opened,,,,,5.0,0.8634879163944615,0.9242325277595991,0.8968951376684735,0.8420349636613904,0.00023781850920756575,0.010968463190390677,0.001007591514871309,1.2472025559521511,66.6840497653281,181.8214285714296
2025-09-11 13:45:00+00:00,114577.5,True,loser,-0.0018066374288145948,-0.0018066374288145948,max_holding,24,7.0,0.7557153590211527,0.8774283567672024,6.344569288389242,2.4728051716620105,0.0005508334730615072,0.007465133957026467,0.0038303736717005044,2.7369891621621596,60.79959684192844,376.77857142857204
2025-09-11 23:00:00+00:00,115323.7,True,winner,0.00044396771869092966,0.00044396771869092966,max_holding,24,7.0,0.9325952458482213,0.9501790947573995,1.960421321417191,1.6707080127458194,0.0006634435288415119,0.009290651511900689,0.0009095729954026893,1.5922140395947966,83.8490099009896,183.8142857142853
2025-09-12 00:00:00+00:00,115450.0,False,not_opened,,,,,4.0,0.09105304829770178,0.25969912905781595,1.7682884144207798,1.4025541365908183,0.0005415699292352638,0.010884102899633125,9.528842072436524e-05,3.258826447378384,91.07952204367561,180.0999999999996
2025-09-12 00:15:00+00:00,115741.8,False,not_opened,,,,,6.0,0.5926076360682502,0.7802599512591423,3.4469723486174253,2.4079921754925064,0.0007316787929174673,0.011398875373236049,0.0009062843207624109,2.5194775681971895,92.16762134458877,204.48571428571344
2025-09-12 00:30:00+00:00,115962.0,False,not_opened,,,,,7.0,0.9244649601342855,0.9244649601342855,1.5993288590604222,1.1025844404785687,0.0008439611011574755,0.012013171225441854,0.0009667673716012085,1.4557184607014129,92.94366885762429,216.1285714285706
2025-09-12 11:15:00+00:00,115080.1,True,winner,0.00614615385283801,0.00614615385283801,max_holding,24,7.0,0.8545170121235435,0.8924520922956639,2.065428109854771,1.6185739476421719,3.511317326343466e-05,0.007379394036981584,0.0006965217391304854,1.3485496016988474,51.55858474491357,157.97857142857018
2025-09-12 13:45:00+00:00,115114.6,False,not_opened,,,,,5.0,0.5893195988072746,0.792084575765803,2.2269846060973237,1.8607148004035372,0.00011083303008141421,0.006326521039797622,8.427095631907627e-05,1.514133211286339,55.80344123651251,198.25714285714534
2025-09-12 16:00:00+00:00,115197.2,False,not_opened,,,,,4.0,0.6386878919440054,1.0,0.8192056905749873,0.7498062315920079,0.00014824570443927598,0.006091727286420579,8.680841902771099e-06,0.8608252212638026,55.6339183204851,276.47142857143
2025-09-12 16:15:00+00:00,115318.1,False,not_opened,,,,,4.0,0.5402144772118282,0.9521894548704336,0.9340567612687991,0.8054912848989734,0.00023420075745916868,0.006234007572356476,0.0010495046754609378,0.8611556599007618,57.41498740554147,277.8428571428584
2025-09-12 16:45:00+00:00,115435.0,False,not_opened,,,,,4.0,0.6291420789832228,0.8424875170222577,0.9194490818030228,0.750870359099216,0.0002900841235180529,0.006534710292464741,0.00030329289428076254,0.8646021432790482,64.09963080442985,293.3928571428582
2025-09-12 17:00:00+00:00,115538.4,False,not_opened,,,,,4.0,0.5096106456382313,1.0,0.855757064529715,0.7141851460753035,0.0003479247575213229,0.006774338619161578,0.0005949612755553802,1.1698952113551924,65.85558852621104,284.10000000000065
2025-09-12 17:15:00+00:00,115787.4,False,not_opened,,,,,7.0,0.7309272300469165,0.7309272300469165,1.4373681990721425,1.2081128301218034,0.0005206080081652242,0.0071561905191906364,0.0021551276458735796,2.267071235824803,66.38098948188468,282.0928571428573
2025-09-12 22:15:00+00:00,116081.5,True,loser,-0.0032511640528420926,-0.0032511640528420926,max_holding,24,4.0,0.33384146341463417,0.3399390243902439,1.3615608136155999,1.387478849407781,0.00011940778527885776,0.010766107062085976,0.0002490250110725152,0.7899157335270259,41.17343782223143,236.4000000000004
2025-09-13 10:00:00+00:00,116074.0,True,loser,-0.004100832227716844,-0.004100832227716844,max_holding,24,6.0,0.45745614035088994,0.7719298245614035,2.361470740549045,2.347058823529412,0.00021169695219747098,0.006130367655190973,0.0007397304208531808,1.7768302185131837,75.66675133350314,97.14285714285714
2025-09-13 12:30:00+00:00,115976.1,False,not_opened,,,,,6.0,0.8032443746729828,0.8032443746729828,2.1034672537148524,1.8967741935483005,9.125935283349484e-05,0.005801929834574743,0.0003691777944732265,1.3061269182153072,56.678364987614174,100.75
2025-09-14 01:30:00+00:00,115899.9,True,loser,-0.0012433142737827696,-0.0012433142737827696,max_holding,24,6.0,0.7567733990147696,0.9993842364531661,1.7944751381214827,1.691414968010674,7.10639850864947e-05,0.0034701863169590034,6.644105470426042e-05,1.4292439537730395,51.91798019249557,96.01428571428447
2025-09-14 01:45:00+00:00,115907.4,False,not_opened,,,,,3.0,0.0729571984435777,0.585603112840422,1.0702758979698863,1.0569917743831154,7.04585317372608e-05,0.0034984853362940126,6.384814495249508e-05,1.742299217036595,59.37451133698198,97.25714285714223
2025-09-14 02:00:00+00:00,116069.1,False,not_opened,,,,,7.0,0.8615548455804068,0.9643237486688127,1.955231650182316,1.7787700426223234,0.00019669731496696485,0.0036346329675930994,0.0010271668822768936,2.874839402721154,65.49800796812838,105.57857142857081
2025-09-14 17:15:00+00:00,115585.4,True,loser,-0.0022563403336406385,-0.0022563403336406385,max_holding,24,4.0,0.8604395604395124,0.9197802197801878,0.8467085368690508,0.8679360970126426,0.00012186000974678812,-0.0006570295941124061,0.0007480584247482158,0.5714338837158032,62.00455223294819,209.6928571428559
2025-09-14 21:30:00+00:00,116021.2,False,not_opened,,,,,7.0,0.8183092013077643,0.9738439981316876,2.2524986849028474,1.7387319450084788,0.000350370265054023,0.0008294828385269658,0.0013826913284021118,3.7501856048934745,74.51493547513795,123.13571428571284
2025-09-15 05:45:00+00:00,116474.2,True,loser,-0.008000000000000007,-0.008000000000000007,stop_loss,9,6.0,0.5875883739198602,0.7105263157894752,1.6022655758337883,1.2395757259606537,0.0006322509695757539,0.002006185364703775,0.000896279879934613,1.7265738478773713,90.48865002475067,205.3928571428582
2025-09-15 06:00:00+00:00,116557.2,False,not_opened,,,,,4.0,0.23519410597903476,0.42561632190422094,2.220893643801076,1.602166228880865,0.0006399495907505326,0.0025540729709148074,7.979551755117777e-05,2.051995761514784,90.74392677723482,220.2642857142855
2025-09-16 03:30:00+00:00,115362.3,True,winner,0.0009396483946662038,0.0009396483946662038,max_holding,24,6.0,0.9266994266993944,0.9271089271089187,1.5088044485635024,1.172186792841021,0.00019339492525016766,-0.001200290395151152,0.0019472268519282242,1.6779365133057942,55.62774263406837,208.32857142857392
2025-09-16 04:45:00+00:00,115458.3,False,not_opened,,,,,5.0,0.5175337186897992,0.7930635838150402,1.3962873284907293,1.1974291364535095,0.00023392466252913913,-0.0007440790642855989,0.0007584241419839336,2.41370525131848,52.6074562629255,216.71428571428882
2025-09-16 05:00:00+00:00,115774.4,False,not_opened,,,,,6.0,0.6910124644653576,0.8239667614257554,2.251600196947356,2.05409394250506,0.00047291735866816786,-0.00031324845255235325,0.002271625458826738,3.1812540215024905,67.58950650467636,222.6285714285737
2025-09-16 05:45:00+00:00,115893.3,False,not_opened,,,,,4.0,0.6331689272503017,0.8834771886560141,0.852114525873415,0.7108245163713595,0.00045332332745307014,0.0007662514047868973,0.0003314490798404619,1.7649871612427392,71.05869740016057,228.18571428571573
2025-09-16 06:00:00+00:00,115952.4,False,not_opened,,,,,3.0,0.2955566650024774,0.9221168247628277,1.0835812821206627,0.8693845915362007,0.0004587397334632204,0.0011670827495817455,0.0003468142266301312,1.6477366052519458,74.31040034345827,230.3928571428592
2025-09-16 15:45:00+00:00,115877.9,True,winner,0.007587296628606577,0.007587296628606577,max_holding,24,6.0,0.9994673295454494,0.9994673295454494,2.521602865457723,1.8086477807087755,0.0005467166977917159,-0.0005265005486922643,0.0048709548181434794,2.595592917167394,62.65882152298078,311.3928571428592
2025-09-16 16:45:00+00:00,116021.0,False,not_opened,,,,,4.0,0.8176426982950461,0.8925129725722769,1.0364963503649631,0.8138061791700826,0.0005043879842843157,0.0009298420057629586,0.0002672644193464954,0.6013534534382133,61.72985781990523,331.5285714285731
2025-09-16 17:00:00+00:00,116492.1,False,not_opened,,,,,7.0,0.8549909255898472,0.8749546279491939,1.997100398695169,1.6312461671847494,0.00084468463887033,0.0016666509630766182,0.0038095648427402483,2.7622329778671397,76.75496688741724,337.7785714285731
2025-09-16 17:15:00+00:00,116704.0,False,not_opened,,,,,5.0,0.8216362931368707,0.8216362931368707,0.9347589706415108,0.8146293037317605,0.0009382212759432296,0.002479073174725136,0.0012268254390405025,2.015336459860102,77.53999289015276,316.58571428571514
2025-09-17 05:00:00+00:00,116510.0,True,loser,-0.001863359368294626,-0.001863359368294626,max_holding,24,7.0,0.8311864406779562,0.8315254237288234,2.138455962305228,1.6218338896524642,2.5597067701443876e-05,0.005570892754929599,0.0010912246633958567,1.8603518915010422,46.86569332461659,181.89285714285714
2025-09-17 05:45:00+00:00,117070.5,False,not_opened,,,,,7.0,0.6670667666916816,0.805701425356339,4.253350350989033,2.8918089689156,0.00046854088699110896,0.0059165961069813635,0.00356522588907762,5.67648038292982,59.931695494106336,230.47857142857225
2025-09-17 20:00:00+00:00,115986.3,True,winner,0.005214408943125193,0.005214408943125193,max_holding,24,4.0,0.7480772838116649,0.8165447383230129,1.6827651515151545,0.8901106764621806,0.00029897295461411844,-0.0025190125744433186,0.000313065976714126,0.5246168023069792,56.98499419050215,598.9142857142849
2025-09-18 13:00:00+00:00,117328.5,True,winner,0.002862049715116166,0.002862049715116166,max_holding,24,7.0,0.7773365913256094,0.9969456322541234,2.0329090344612744,1.9440980616702517,0.00016159155166195482,0.006150891086289746,0.0007565690149590591,1.0890143597505484,58.09189586223811,168.40714285714162
2025-09-18 13:15:00+00:00,117378.9,False,not_opened,,,,,3.0,0.3750932140192854,0.7158836689037721,0.861825192802102,0.8016567744139742,0.00018715182785089546,0.006254343358082072,0.00042103648272594853,1.7821843672231807,55.52187093980093,167.278571428571
2025-09-18 14:15:00+00:00,117638.9,False,not_opened,,,,,4.0,0.4421082141855856,0.5766750770955951,2.214840111766474,1.4385964912280633,0.0003447161493470574,0.006634341334939215,0.00033078231292512055,2.3746712525954785,65.18355089783705,247.94999999999916
2025-09-19 00:15:00+00:00,117173.5,True,loser,-0.003743167183706264,-0.003743167183706264,max_holding,24,4.0,0.5919497784342732,0.6059822747415217,1.5840889148873705,1.4266576352826177,5.13522976208769e-06,0.0034143210928041096,0.0004140875133404482,1.301761342284542,41.18458163585098,189.81428571428634
2025-09-19 00:30:00+00:00,117333.0,False,not_opened,,,,,5.0,0.9124713958809917,1.0,1.0294464075382799,0.9216978644872267,0.00013429334544867721,0.0034958459314835618,0.0004502038707301225,0.5266780213278324,51.752329044933184,189.6500000000004
2025-09-19 00:45:00+00:00,117359.9,False,not_opened,,,,,3.0,0.2586206896551508,0.8544061302680999,0.6432532347505043,0.5547711227511269,0.00014334951811578733,0.0035884478572708193,0.00022926201494885649,0.8368625334533488,49.17211910802502,188.1857142857147
2025-09-24 14:30:00+00:00,113322.8,True,winner,0.0013960120999481074,0.0013960120999481074,max_holding,24,7.0,0.7505930193154715,0.9345984412063622,1.804892966360892,1.5587835798370142,0.0003615140932220484,0.0010921808347386607,0.001668817508441343,1.975541226413256,62.619808306709615,189.31428571428842
2025-09-24 14:45:00+00:00,113662.7,False,not_opened,,,,,5.0,0.571837146702553,0.684892328398377,3.55608734669452,2.6682912752107764,0.000613603478731628,0.0016240577806925468,0.002828604728516511,4.375385163525487,74.00722021660665,222.76428571428758
2025-09-24 17:00:00+00:00,113802.8,False,not_opened,,,,,5.0,0.40860543179740594,0.7696063472688414,1.239878925463464,1.0601012084941177,0.0004353896515132405,0.00397646991265524,0.0009041336851363492,0.7257726915506177,64.4878757744973,309.1214285714263
2025-09-25 00:00:00+00:00,113418.7,True,loser,-0.008000000000000007,-0.008000000000000007,stop_loss,7,6.0,0.6669364629704534,0.8243626062322634,1.666217127444376,1.4416569428238257,4.511665384443475e-05,0.0030918460597772215,0.0003942702912484087,1.4642608128092618,47.68521958831823,171.40000000000146
2025-09-28 00:15:00+00:00,109728.1,True,loser,-0.0045649200159303405,-0.0045649200159303405,max_holding,24,6.0,0.8837115072934202,0.9116693679092812,3.6002917578406692,2.5158002038734906,0.00022710273276072002,-0.0018986387873083884,0.0009203920194988902,2.1917353943789695,72.24475997295464,98.09999999999958
2025-09-28 13:45:00+00:00,109580.9,True,winner,0.006394362521205954,0.006394362521205954,max_holding,24,1.0,0.30246305418716346,0.5645320197043188,0.942432683379784,0.8611599297012423,0.0001855755267949899,-0.0016400034761978033,4.562859781493771e-06,1.2774487010924704,60.376113493896206,117.86428571428405
2025-09-28 14:15:00+00:00,109665.9,False,not_opened,,,,,5.0,0.9588477366255131,0.9588477366255131,1.8050139275765964,1.489899819346332,0.0002342685737892758,-0.0013265438435140105,0.0003721775396326969,1.0257207410534048,65.18039180923708,130.47857142857018
2025-09-28 14:45:00+00:00,109801.2,False,not_opened,,,,,6.0,0.7429234338746694,0.8064965197215912,1.8458244111349036,1.5015926737009777,0.0003114918998285976,-0.0008525523500000752,0.000922515952597968,2.934466525074065,73.67944709560642,143.5142857142855
2025-09-28 15:30:00+00:00,109883.0,False,not_opened,,,,,2.0,0.1914580265095688,1.0,1.0825029892387887,0.8900749063670602,0.00030322336937493866,-9.861969638189267e-05,0.00010921899318291452,1.115408696446057,69.19547262159716,152.57142857142858
2025-09-28 15:45:00+00:00,109990.0,False,not_opened,,,,,5.0,0.7844574780058986,1.0,1.0424149789835362,0.869145692048576,0.0003672681902127106,0.0002300900070296817,0.0009737630024662596,1.507787828046341,71.47308781869712,156.93571428571366
2025-09-28 16:00:00+00:00,110143.0,False,not_opened,,,,,5.0,0.42488197722854076,0.4251596778672684,2.645848640705435,2.179405153034795,0.00046510990643566785,0.0006419762138529319,0.0013910355486862441,2.5593490039526516,84.7516954714517,165.22857142857123
2025-09-28 17:00:00+00:00,110279.8,False,not_opened,,,,,5.0,0.5964424680378343,0.7515286270150164,1.2254768392369932,1.0507300792657148,0.0004336881326389985,0.001967381163439146,0.0008340298707935149,1.0814787135894952,79.28238882645809,171.21428571428572
2025-09-28 22:00:00+00:00,111411.8,True,winner,0.003014940966755697,0.003014940966755697,max_holding,24,7.0,0.8924023465445733,0.8924023465445733,4.144085383931149,3.4908844411145017,0.0008579975477887025,0.0067045242166626755,0.0055216606498195205,6.009855928343534,78.36791024841978,200.20714285714453
2025-09-28 22:15:00+00:00,111682.6,False,not_opened,,,,,7.0,0.6705474362150449,0.7661629923210432,2.3937147939519337,1.8193465314662587,0.0010089910850112904,0.007515819268644731,0.0017544646461022883,3.226707494204724,79.89573420497351,221.8928571428582
2025-09-28 22:30:00+00:00,111849.9,False,not_opened,,,,,6.0,0.6431041106415378,0.6930464848251716,1.5434331455677477,1.1582861865107201,0.0010560088668563061,0.008365213826453131,0.0006521914168388325,2.110456283625467,87.04833022194569,224.72857142857225
2025-09-28 23:00:00+00:00,112050.3,False,not_opened,,,,,5.0,0.40348781653131005,0.40348781653131005,2.437263464337734,1.696306587935648,0.001032276099567797,0.00995954573424872,0.0006170678649630994,3.395299098322073,87.18239946155151,246.77142857142877
2025-09-29 08:15:00+00:00,112147.0,True,winner,0.01200000000000001,0.01200000000000001,take_profit,23,7.0,0.8853247794707104,0.9346431435444974,1.9140445126631094,1.5661612990042653,0.0003801935547089741,0.011501243609199562,0.0005228016458438681,1.3122147014335768,66.36778746367858,159.24285714285776
2025-09-29 08:30:00+00:00,112210.0,False,not_opened,,,,,4.0,0.38089480048368934,1.0,1.2297397769516296,1.0581246572838188,0.0003975482862290658,0.01173494376123113,0.00041635722201466155,1.1958181837350066,75.18089094237713,156.31428571428634
2025-09-29 10:15:00+00:00,112172.8,False,not_opened,,,,,3.0,0.5481203007519454,0.9052631578948025,0.9679767103348299,0.7558045137197534,0.00022744187547085737,0.012054102177110866,5.884125520884028e-05,0.6195513234421288,71.94047530909893,175.97142857143004
2025-09-29 13:30:00+00:00,113240.4,False,not_opened,,,,,7.0,0.8884386174016617,0.9655939610647574,6.782538399353434,4.426661976785138,0.0010366980786640223,0.012076111982527192,0.008679386457164182,6.787821013353502,72.62986626453436,284.29999999999666
2025-09-29 14:00:00+00:00,113750.0,False,not_opened,,,,,7.0,0.9110693596367572,0.9600751526538279,3.2103543603920905,1.8984713375796325,0.001285273893435468,0.013684997202136815,0.0027009015933908494,2.746645292867474,79.83003993037813,336.4285714285673
2025-09-29 14:30:00+00:00,114012.5,True,winner,0.0029137156013594456,0.0029137156013594456,max_holding,24,7.0,0.6448759853874071,0.73755047106326,2.5016835016834245,1.3762900238158458,0.0012777063124902455,0.015473146721594567,0.0011494394177812234,2.2058139939321246,84.32292664240583,377.89999999999833
2025-09-30 00:45:00+00:00,114465.8,True,loser,-0.0054653879149929585,-0.0054653879149929585,max_holding,24,5.0,0.24688416422286594,0.38746334310851627,3.2046989720998873,2.879806967274958,0.00028639165737698313,0.019270521409201245,0.0006180334647200544,3.9640190399966513,66.67274384685453,189.45714285714243
2025-09-30 14:45:00+00:00,113539.5,True,winner,0.009074374997247725,0.009074374997247725,max_holding,24,7.0,0.8045977011494203,0.907833120476793,2.0124223602484848,1.5400032779976234,0.0003199416789192444,0.004943572142985379,0.0008109477952356817,1.3905822821170908,66.07452339688051,305.0642857142853
2025-09-30 17:15:00+00:00,113203.4,False,not_opened,,,,,3.0,0.5396246089676665,0.600625651720518,0.6664350243224326,0.5912063233448617,0.0001078981178719296,0.003675825957852505,0.0006930386740330978,0.7128005134361685,46.70466169808549,324.4214285714302
2025-10-01 07:15:00+00:00,114504.6,True,winner,0.01200000000000001,0.01200000000000001,take_profit,6,5.0,0.8276010318142527,0.8538263112639761,1.0301151461470452,0.9383897181718875,0.00012548798412259643,0.009150607730219001,0.00011179839953606206,0.6967421279203527,59.46403819497954,247.87142857142837
2025-10-01 08:15:00+00:00,115034.8,False,not_opened,,,,,7.0,0.8742787200559405,0.9347788074838218,2.532772364924718,2.4497001590992733,0.0005269634165536718,0.00947676186289822,0.004232213007420366,4.78796622573185,72.28789217852379,233.45714285714453
2025-10-01 08:30:00+00:00,115586.3,False,not_opened,,,,,7.0,0.872626582278481,0.872626582278481,2.710701265279846,2.6014347877219604,0.0009354004815993466,0.010167223641559428,0.004468502790858923,5.305365473720325,75.37306106420552,242.94285714285903
2025-10-01 08:45:00+00:00,116060.5,False,not_opened,,,,,5.0,0.40398705060486956,0.5405520531606733,5.023753477423478,3.747252246089286,0.0012397128539274327,0.011120854316230888,0.0034037424740720507,6.178206005384321,80.01354473747085,313.2428571428588
2025-10-01 11:30:00+00:00,116533.5,True,winner,0.01200000000000001,0.01200000000000001,take_profit,20,7.0,0.7480457005411862,0.887853277209855,1.663831915957996,0.9488914248451399,0.0006907029493981032,0.017635457068715686,0.0012501288792659037,0.8262976733467057,90.11319845857457,350.51428571428653
2025-10-01 15:15:00+00:00,117457.3,False,not_opened,,,,,5.0,0.5126017836370826,0.630670802636683,1.8729121278140892,1.6501073991133908,0.0006877452322615607,0.02163536635238039,0.0007335700751121726,1.4658974842769639,68.87212530776864,312.58571428571514
2025-10-01 16:00:00+00:00,117749.9,False,not_opened,,,,,7.0,0.7813327898919838,0.9997962094966256,1.777576525991639,1.483629923980638,0.0007558344142089002,0.02256915935241896,0.0008678445325793705,1.888202441660194,82.34894772572932,330.74285714285776
2025-10-01 16:15:00+00:00,117821.5,False,not_opened,,,,,4.0,0.3396584440227933,0.8648007590132846,0.7636297772142753,0.6359385437541822,0.0007416604924415093,0.022990053152404762,0.0006072186836518046,1.748494434144532,84.60655894444929,331.47857142857225
2025-10-01 23:45:00+00:00,118552.4,True,loser,-0.0018784942354603817,-0.0018784942354603817,max_holding,24,7.0,0.7185867131126701,0.8024384175167778,1.8272334621505526,1.5575363321799585,0.0007477489522200731,0.021872436883593683,0.0008028209320995099,2.0895806509866124,78.3508541392903,258.0357142857153
2025-10-02 00:00:00+00:00,119119.5,False,not_opened,,,,,6.0,0.6270718232044199,0.6270718232044199,3.804919066638545,2.862565238019914,0.0011348381979190414,0.02255601317241427,0.004111039367184828,5.758074697885353,83.76151599131137,316.15000000000146
2025-10-02 01:30:00+00:00,118675.3,False,not_opened,,,,,4.0,0.899552663684434,0.899552663684434,0.8954843408594154,0.6994453361506536,0.0004349073105502921,0.02379042315821394,7.331464792955296e-05,0.4334821894026212,64.07069089995926,351.5642857142874
2025-10-02 12:15:00+00:00,119043.9,True,winner,0.008898397985953155,0.008898397985953155,max_holding,24,7.0,0.7345050878815755,0.7345050878815755,2.0441222817521907,1.8927752532621687,0.0003308547852360899,0.018222358662175926,0.0016744513226903302,3.0935946852510496,64.46017699115045,171.3357142857172
2025-10-02 12:30:00+00:00,119157.2,False,not_opened,,,,,4.0,0.31791421362488115,0.5738716007849699,2.1677301731994834,1.8903736230457215,0.00039017343757663525,0.01837187085326793,0.00022832200117516233,2.918294063274763,70.43687650498745,188.69285714286005
2025-10-02 12:45:00+00:00,119360.1,False,not_opened,,,,,6.0,0.794440093970295,0.9949099451840705,1.4678160919539283,1.275860838536978,0.0005156479799628411,0.01861743419812557,0.0004266225907139494,2.176116805307163,72.7848502121727,200.17857142857352
2025-10-02 13:30:00+00:00,119503.7,False,not_opened,,,,,7.0,0.809226932668322,0.9588528678304177,2.6785416086835134,1.9950248756218596,0.0005360647655212603,0.01893836953703603,0.0011921777056904737,3.140701299806489,69.7435645509922,241.2000000000023
2025-10-02 13:45:00+00:00,119559.6,False,not_opened,,,,,4.0,0.19129242372301497,0.405553651011327,1.590946277611123,1.1703444718289482,0.0005295271993284167,0.019212742986938633,0.0003020326546662859,4.0040923349980275,75.43967280163591,249.2428571428588
2025-10-02 15:30:00+00:00,119586.0,False,not_opened,,,,,5.0,0.4519440803844318,0.9694189602446485,1.4164603960395938,1.0374734933713217,0.00041473337507147434,0.01903902839130332,0.00025929488519928066,1.1883152323942998,61.191118251190495,441.2642857142876
2025-10-02 15:45:00+00:00,119875.1,False,not_opened,,,,,5.0,0.7434447300771507,0.964267352185105,1.1424375917767988,0.8724208637703414,0.0006062249257481334,0.019343580387007415,0.002300167224080316,1.6851489102749577,61.75073512779925,445.88571428571595
2025-10-02 16:00:00+00:00,120083.4,False,not_opened,,,,,5.0,0.32501170229363435,0.6760805117802969,1.7356804333107494,1.3747740017773251,0.0007145991201060742,0.019753060526636872,0.0016214998873957927,2.623311437499686,62.75125282229193,466.18571428571573
2025-10-02 17:45:00+00:00,119869.1,False,not_opened,,,,,5.0,0.7987282954267518,0.8833455612619319,1.0327061497664143,0.8770376271602084,0.000336706950281096,0.01998150090975221,0.0007831330833652924,0.5358705410592691,53.22005872794154,466.22857142857225
2025-10-03 08:45:00+00:00,120007.0,True,winner,0.007119584690892911,0.007119584690892911,max_holding,24,7.0,0.72303325223037,0.7923763179237676,1.3818996917903912,1.1578629640808706,0.00012985474457272161,0.011690342364226194,0.001020981844206797,1.1363783256704267,51.10379816262158,212.9785714285681
2025-10-03 09:15:00+00:00,120263.4,False,not_opened,,,,,7.0,0.6028387787894879,0.7895018746652195,1.897839898348128,1.6713879208363962,0.00030759571408434105,0.011834846910731571,0.0007522488412538106,1.5268052634708236,62.7903751473543,223.40714285713952
2025-10-03 10:15:00+00:00,120422.8,False,not_opened,,,,,4.0,0.6239406779661075,0.6753177966101591,0.9918571053323055,0.8530579312570851,0.0003358300612337217,0.01228695363105059,0.0007213136550990801,0.9865090288651859,67.32520846696575,221.32142857142546
2025-10-03 14:30:00+00:00,120599.9,False,not_opened,,,,,5.0,0.4011220196353331,0.6940492887196757,2.5118268746855215,1.6520238320408778,0.00028066831418249727,0.011969756196200857,0.0006679422565993525,2.484963060271013,59.177903436276566,302.1142857142851
2025-10-03 14:45:00+00:00,120861.4,False,not_opened,,,,,7.0,0.7691176470588236,0.7835294117646887,1.6125207493479443,1.0991548515217313,0.00046092453031265634,0.012235793830177824,0.000901015795933076,2.2435894172776734,64.63800038306849,309.3285714285708
2025-10-03 15:15:00+00:00,121247.4,True,winner,0.01200000000000001,0.01200000000000001,take_profit,3,6.0,0.6678598061148223,0.6680089485458526,2.8072011722838774,1.8894166901493565,0.0006870463566923668,0.012889863628685359,0.0025832058543845387,4.228098331939756,68.67402875983188,354.8714285714273
2025-10-03 15:30:00+00:00,121670.0,False,not_opened,,,,,7.0,0.7808168545555476,0.803363518758093,2.075963936313076,1.4144820374934481,0.0009552979363682823,0.013564275814871955,0.0016464970774676875,2.4973857853059513,72.97649235830343,382.5428571428555
2025-10-03 15:45:00+00:00,122238.5,False,not_opened,,,,,7.0,0.6964723174914379,0.8023027927486583,2.78112757622213,1.9155005111531882,0.0013125245270366737,0.014526268210309662,0.0037946597206027265,3.452634473207046,80.94380943809468,426.2071428571414
2025-10-03 16:00:00+00:00,123100.0,False,not_opened,,,,,7.0,0.8200856734888149,0.8200856734888149,3.407948094079481,2.169590039388089,0.001865533217587867,0.01591961055032177,0.005719775914849652,4.81803371775298,84.57203924997602,484.19285714285587
2025-10-03 16:15:00+00:00,123630.6,True,loser,-0.008000000000000007,-0.008000000000000007,stop_loss,2,6.0,0.5738538062283844,0.8069852941176476,2.838115697406804,1.7132951342481806,0.0021024885277411975,0.017535720072313844,0.0027707256932897975,2.9039982100175137,86.13191275680663,539.77857142857
2025-10-03 18:30:00+00:00,122602.2,True,loser,-0.004773976323426465,-0.004773976323426465,max_holding,24,3.0,0.2724187209717742,0.7999285459092543,0.8848494428198872,0.6808858153132454,0.0005263418268584008,0.021541944041666518,0.0001566285700300783,0.4224227207533104,64.19918398210433,822.1642857142849
2025-10-04 03:45:00+00:00,122197.2,True,loser,-0.00023895801213114076,-0.00023895801213114076,max_holding,24,5.0,0.46190781049937774,0.6648527528809249,1.7674681753888617,1.749579966397267,0.00015597208200257562,0.01467856673412853,0.0011814539585261901,1.0330145233099104,54.00468841570613,178.5571428571441
2025-10-04 04:30:00+00:00,122441.8,False,not_opened,,,,,7.0,0.6063193851409128,0.8616567036720982,1.325035360678854,1.292749280447864,0.00029614515770060024,0.014810903700721814,0.0008705582117344708,1.1831934439725151,67.30506155950707,181.164285714288
2025-10-04 05:00:00+00:00,122601.9,False,not_opened,,,,,6.0,0.5996086105675033,0.8465753424657079,1.445544554455386,1.421136273341263,0.00036661046796360175,0.015067051724117438,0.0009396930934597954,1.2787117409080502,87.26195102992574,179.78571428571635
2025-10-04 13:00:00+00:00,122341.3,True,loser,-0.004780887566177672,-0.004780887566177672,max_holding,24,7.0,0.7346007604562904,0.7346007604562904,3.98032538781705,3.387304507819733,0.00017774865512243387,0.010501693448016906,0.002301319674521866,3.585916227257568,52.386486905315635,155.2857142857122
2025-10-05 02:15:00+00:00,122821.7,True,winner,0.01200000000000001,0.01200000000000001,take_profit,1,7.0,0.9007146996330028,0.9511299980683735,3.808017653549159,3.452484161387081,0.0004762788487762126,0.007504181170111443,0.0036281119844546843,6.950870078714712,67.41539912746151,149.95000000000124
2025-10-05 02:30:00+00:00,123643.1,False,not_opened,,,,,5.0,0.5175173282923774,0.5394454946439861,11.533430232558262,6.124372898175173,0.0010705222543334614,0.00832817654867295,0.006480418732244221,11.70788779424103,78.9877793857535,259.1285714285727
2025-10-05 04:30:00+00:00,124269.5,True,winner,0.01200000000000001,0.01200000000000001,take_profit,1,5.0,0.5870746929736411,0.6299577209583169,2.397779386917662,1.1368920134063532,0.0008741495891495532,0.01352899632649587,0.0013658340048348107,1.2149656397244375,78.87438117020332,436.89285714285717
2025-10-05 04:45:00+00:00,125167.5,False,not_opened,,,,,5.0,0.5585546364823689,0.5585546364823689,5.654650958325922,2.986401687517424,0.0014841290919469508,0.01460696024081707,0.005738698772953366,5.77751380046623,84.66914428628179,538.4071428571436
2025-10-05 16:45:00+00:00,123210.1,True,loser,-0.00017531030329498432,-0.00017531030329498432,max_holding,24,6.0,0.21092511013216628,0.9251982378854677,5.905306971904356,4.017597532300062,0.00011424954155336842,0.0057872008890638045,0.0011579002109409788,6.064844121015858,49.0225654639799,282.50714285714326
2025-10-06 00:15:00+00:00,123625.4,True,winner,0.0015377098880975382,0.0015377098880975382,max_holding,24,5.0,0.19334532374100594,0.20087679856114649,4.225124673474204,3.5102593010146648,0.00040916209796204583,0.005018186629175441,0.001392427108182386,6.396364831500428,91.09110793303645,253.42857142857247
2025-10-06 09:00:00+00:00,123894.9,True,winner,0.006193152421931858,0.006193152421931858,max_holding,24,3.0,0.3728880157170695,0.5053045186640128,0.9764051409936643,0.9313328279791906,0.0001753670019193354,0.006538217760316348,0.0004618948833836311,1.0517872490477926,61.00739514919595,273.26428571428653
2025-10-06 13:15:00+00:00,124801.8,False,not_opened,,,,,5.0,0.3978932248024856,0.7677759157289905,1.6555687673404371,1.3641729068980764,0.000524415382141985,0.008829968944794663,0.00022440608525187177,1.929647348302405,71.18012422360263,306.19285714285587
2025-10-06 13:45:00+00:00,124967.8,False,not_opened,,,,,6.0,0.6237717054785468,0.8719881545295571,2.903654485049828,1.9970046658090215,0.0005779678768962349,0.009374746459385885,0.00019608894594588106,2.504632033876157,67.02597307041427,372.0071428571412
2025-10-06 15:15:00+00:00,125115.8,True,loser,-0.0029220929730697787,-0.0029220929730697787,max_holding,24,6.0,0.6364146444101568,0.6364146444101568,1.8277143955903146,1.5730113949786402,0.0005133517938220589,0.010374016525722441,0.0009231970457695234,1.5282086999652622,67.66077110930203,453.20714285714035
2025-10-06 16:45:00+00:00,125417.8,False,not_opened,,,,,5.0,0.5679962677863346,0.8549101936085899,1.1633649932157546,0.9542570951585978,0.0005583502581636424,0.011475496503065785,0.0017924267573211426,0.9139434375841833,60.958514196257006,449.2499999999969
2025-10-07 04:30:00+00:00,124550.0,True,loser,-0.008000000000000007,-0.008000000000000007,stop_loss,12,5.0,0.59274755927478,0.7144351464435234,1.1967452534945875,1.0370370370369981,3.775749965329034e-05,0.004929280539486009,0.0013659741389498335,2.2186545141610834,42.86868878957866,276.557142857142
2025-10-07 09:00:00+00:00,124064.2,True,loser,-0.008000000000000007,-0.008000000000000007,stop_loss,20,7.0,0.7093220338982804,0.7477401129943421,1.3964497041420119,1.2642857142857238,7.817709600721479e-05,0.0005617776565798893,0.0009318371229387642,0.998329456619077,37.89442815249269,279.9999999999979
2025-10-07 10:00:00+00:00,124282.6,False,not_opened,,,,,7.0,0.6377049180328107,0.9043715846994536,1.5381382643412669,1.416212929438112,0.00022489658888180664,0.0008645104492937814,0.0006715019098352383,0.7575177224807227,67.76834672876134,258.4357142857126
2025-10-08 08:30:00+00:00,122795.7,True,loser,-0.008000000000000007,-0.008000000000000007,stop_loss,20,6.0,0.9952529938504756,0.9953608803538646,3.3492321589883236,2.635859519408483,0.0009625889601703186,-0.008703129998534806,0.006804366469944805,4.615039050822352,68.42177903526333,351.65000000000043
2025-10-08 10:30:00+00:00,122926.1,False,not_opened,,,,,6.0,0.6730528200537309,0.7337511190689399,2.0529314464253225,1.5975400457665923,0.0006563452951018345,-0.004643015233818012,0.001192379522022034,2.063776510438563,72.69654307220524,349.59999999999957
2025-10-08 14:00:00+00:00,122761.4,True,winner,0.005481364663485477,0.005481364663485477,max_holding,24,4.0,0.2860471136422502,0.28617654672533493,2.8689194207204003,1.870863962639437,0.00022824361221696066,-0.0018815068864963089,0.0007899596052647194,4.069482237734179,46.997265268915044,412.9642857142847
2025-10-08 16:45:00+00:00,122999.9,False,not_opened,,,,,4.0,0.7871504506586401,0.7963947307603272,1.0656323112917363,0.7987921463138026,0.0004051311918664702,-0.0014220453721501877,0.0009985579098481824,0.8189658022137833,58.25725417223943,541.6928571428549
2025-10-08 17:00:00+00:00,123614.6,False,not_opened,,,,,6.0,0.8293308148947842,0.9589854290340066,1.7981562348374631,1.4187973420109954,0.0008441885063279475,-0.0006515470986914853,0.004278239958403791,2.0466744119261686,75.51915089986177,522.4142857142828
2025-10-08 17:15:00+00:00,123747.5,False,not_opened,,,,,4.0,0.2725594749794762,0.640073831009028,1.1468893331765357,1.004916826144577,0.0008663578055760901,0.0001244775111695984,0.0008289862105220591,2.1506116265901034,70.77839363789742,485.2142857142836
2025-10-09 11:15:00+00:00,122610.0,True,loser,-0.008000000000000007,-0.008000000000000007,stop_loss,12,6.0,0.7966812545587141,0.7966812545587141,2.102760736196332,1.6118914152547568,0.0006026851325784399,-0.005072519680734562,0.0025593432381824576,1.9284876078160997,63.66995515695064,340.22142857142796
2025-10-09 11:30:00+00:00,122768.5,False,not_opened,,,,,3.0,0.619718309859118,0.9667449139280133,0.9800613496932903,0.756292930360368,0.0006687784672414487,-0.004420833351604437,0.0003829809772533745,0.9896665877181537,69.71620208430973,337.9642857142857
2025-10-09 12:00:00+00:00,122967.5,False,not_opened,,,,,6.0,0.6525592732107204,0.7250166186572014,1.7304447852761138,1.463867843655159,0.0007091793220153075,-0.0032296637228414753,0.001551593539506585,2.0344121646753286,84.04636374612562,308.29285714285754
2025-10-09 12:30:00+00:00,123481.2,False,not_opened,,,,,5.0,0.6084922213124245,0.6971575622879798,3.178066914498174,2.647159002941657,0.000980515798004733,-0.00172553056407569,0.003165122559134752,2.6658014676974418,87.26141720114333,322.9500000000002
2025-10-10 13:30:00+00:00,122187.1,True,loser,-0.008000000000000118,-0.008000000000000118,stop_loss,3,4.0,0.3561608634202886,0.6018244892714981,4.397175141242954,3.180350836227801,0.0005497288755811347,-0.002011386655700914,0.0015418159165239537,4.846621725325471,82.64278521076098,244.72142857142794
2025-10-12 16:00:00+00:00,113822.6,True,winner,0.01200000000000001,0.01200000000000001,take_profit,17,5.0,0.6255334281650107,0.6255334281650107,2.860630722278714,1.7039658064167036,0.001480312805680617,-0.008560589445862103,0.0011874645959629722,1.9530986556154555,71.10432215205459,660.107142857146
2025-10-13 13:30:00+00:00,114902.3,True,loser,-0.008000000000000007,-0.008000000000000007,stop_loss,4,5.0,0.5024032586558022,0.5221181262729195,3.205797858448669,2.4856444450872917,0.000317934904514372,0.0038257164454134048,0.0017025987951912516,3.980970419308178,49.60910889804406,493.83571428571406
2025-10-13 16:00:00+00:00,114842.2,True,winner,0.0073344119147840114,0.0073344119147840114,max_holding,24,6.0,0.6192352753221831,0.683885397805938,1.6693039381278318,1.3666240395911848,0.00033532826795257265,0.002854622399716918,0.0013838084816036927,1.39212322874103,54.2994741985016,687.0214285714299
2025-10-15 02:15:00+00:00,113510.9,True,loser,-0.008000000000000007,-0.008000000000000007,stop_loss,3,6.0,0.8654282473057159,1.0,2.183619755380051,1.9344776236382168,0.000587140021094612,-0.0026245610745549365,0.0050726947528732065,2.1215058208798214,56.76415448068977,364.5428571428555
2025-10-19 09:45:00+00:00,107348.8,True,winner,0.01006718286557473,0.01006718286557473,max_holding,24,4.0,0.2853979331633363,0.4188699503422348,8.149849603499861,3.578402113135068,0.0006041527222182541,-0.0042296371062748375,0.0013796525962003,7.605468297311699,62.670899470899336,416.44285714285485
2025-10-19 11:00:00+00:00,108042.7,False,not_opened,,,,,3.0,0.5761904761904839,0.5838624338624262,1.3338038108680241,0.7272227566304795,0.0008876785061373571,-0.0007146010415738043,0.0020190122884302998,1.8206832738167966,73.92001139641724,519.7857142857143
2025-10-19 16:30:00+00:00,108844.4,True,winner,0.0034948973029389485,0.0034948973029389485,max_holding,24,7.0,0.7986693665027506,0.9195834538617207,2.692367601246053,2.2391450183904316,0.0007356709421204588,0.0065649413683894296,0.0034423947414515786,1.7377446141244304,79.18227593152052,308.7785714285689
2025-10-19 17:00:00+00:00,109069.9,False,not_opened,,,,,7.0,0.8931270873615688,0.9119353137633919,2.0361488904796206,1.6851659860779016,0.0008238250994330176,0.007518764662467026,0.001560146923783234,1.6027741288119253,72.39604917806322,337.59285714285426
2025-10-20 02:15:00+00:00,108405.9,True,winner,0.01200000000000001,0.01200000000000001,take_profit,6,7.0,0.8316460442444622,0.8668916385451804,1.8139772147594018,1.3659910733884346,8.791248900608117e-05,0.004906345648378019,0.0019622232738349434,1.1254525829085351,37.25270623366928,390.4857142857155
2025-10-20 02:30:00+00:00,108703.2,False,not_opened,,,,,7.0,0.6037774167343753,0.9000812347684857,1.5469682689286866,1.2220744916591129,0.00034093867745799145,0.0051484702217485835,0.00208615843557479,1.265143410666197,48.36457322081985,402.9214285714302
2025-10-20 03:30:00+00:00,109080.0,False,not_opened,,,,,6.0,0.5930114787305982,0.7974341661039818,1.8414672054708925,1.4712007521330905,0.0005591989709188283,0.00615844290349804,0.0013237154360641505,1.1163226111692053,73.82681310701618,402.664285714288
2025-10-20 03:45:00+00:00,110100.4,False,not_opened,,,,,7.0,0.7372832369942155,0.7804190751445024,4.228536510846281,3.03889585947301,0.0014013038905329456,0.007277359470051162,0.008245421245421191,5.0023370332781445,94.2733003312078,455.4285714285735
2025-10-20 05:00:00+00:00,110475.4,True,winner,0.0016220805717834796,0.0016220805717834796,max_holding,24,3.0,0.328894394549393,0.7534840507896957,0.9865566758325429,0.7263174807197813,0.0011341288432713537,0.012004951645766124,0.0004065905705397891,0.7131405834244454,86.05256926355646,444.57142857142856
2025-10-20 05:30:00+00:00,110733.8,False,not_opened,,,,,5.0,0.8353909465020594,0.9263000374111602,0.8337492202121152,0.5958063334872462,0.0011483804571170708,0.013679575939105274,0.00051139710798616,0.9112245256768902,88.9263441766389,448.63571428571385
2025-10-20 05:45:00+00:00,110973.6,False,not_opened,,,,,6.0,0.5552466990966256,0.766967801714172,1.3465377417342452,0.9780877783531788,0.0012463097495232223,0.014615876441671649,0.001987296112538257,1.416644343928607,88.25422365245352,441.37142857142834
2025-10-20 06:00:00+00:00,111088.9,False,not_opened,,,,,2.0,0.46734279918862914,0.6304259634888202,0.7904441237774423,0.5816324810813541,0.0012263311258839948,0.015539671565989776,0.00013234396466503553,1.1047332352718036,87.58073154594975,423.80714285714305
2025-10-20 06:30:00+00:00,111251.1,False,not_opened,,,,,4.0,0.7801866907558003,0.7880156579343783,1.0571383097246674,0.7732375392905396,0.0011501382206524635,0.017123700180397987,0.00011596735653767079,0.68809736855639,87.29458571181468,429.49285714285674
2025-10-20 18:30:00+00:00,110729.9,True,loser,-0.00261356688663128,-0.00261356688663128,max_holding,24,4.0,0.47075320512819413,0.8313301282051088,0.5573294629898461,0.5273372066701979,7.666107513260023e-05,0.013295996564572308,0.000755560737231984,0.4682258524533441,46.04392696480529,473.32142857143066
2025-10-21 12:15:00+00:00,109079.9,True,loser,-0.008000000000000007,-0.008000000000000007,stop_loss,3,5.0,0.6462273347631042,0.6491518814583664,4.207547169811408,2.9585101561534795,0.000845826250586823,-0.007839124994986988,0.004418968692449302,3.6938706712802554,79.9330263708666,346.7285714285671
2025-10-21 14:00:00+00:00,109696.2,True,winner,0.01200000000000001,0.01200000000000001,take_profit,3,6.0,0.9294976263019912,0.9521008998795396,3.827773257390871,2.3596952180767308,0.0011290932696630396,-0.004716399418162418,0.007917526152093289,2.7379835436085886,70.10290249642384,598.085714285713
2025-10-21 14:45:00+00:00,112127.5,False,not_opened,,,,,6.0,0.866504573347224,0.936474856238661,5.3243604233022435,3.2558811650136907,0.0029530343532593317,-0.00016555769637349835,0.014222772174237047,3.6654748567706212,80.73036582246115,795.8214285714296
2025-10-21 15:00:00+00:00,112325.4,True,winner,0.01200000000000001,0.01200000000000001,take_profit,5,4.0,0.16018788467767267,0.5525591188856452,2.4297520661156935,1.4290485244275306,0.0028367189899958234,0.002303246764128351,0.00029654802074222813,2.999333933109207,81.09905275704176,864.0714285714286
2025-10-21 15:15:00+00:00,112900.0,False,not_opened,,,,,6.0,0.6219696969696938,0.7835497835497836,1.688287959071798,1.012238254718457,0.0030595773181201213,0.004923361485302466,0.00019578677491347574,1.3149575332591263,82.25298188779286,912.8285714285719
2025-10-21 15:30:00+00:00,113267.1,False,not_opened,,,,,4.0,0.5799115603285112,0.9666771951990029,1.0431630971993362,0.6692485976792784,0.0030783902307358613,0.0075290250647622155,0.0014774535809019083,1.459616640718204,84.37008376206484,946.1357142857149
2025-10-21 15:45:00+00:00,113355.2,False,not_opened,,,,,4.0,0.1890675241157494,0.7324758842443667,0.8523661611547552,0.5147951381772892,0.002852899171694512,0.009928845753190797,0.0005914119917167013,1.0618552866662592,82.98384483636545,906.1857142857147
2025-10-21 16:15:00+00:00,113599.9,False,not_opened,,,,,3.0,0.3965855023789419,0.43996641477748616,0.6528412205371844,0.4077869353615916,0.002524682605700379,0.014207530438805401,0.0008801762114536932,0.927188787391103,90.71436938369123,876.192857142858
2025-10-23 06:15:00+00:00,109823.6,True,loser,-0.008000000000000007,-0.008000000000000007,stop_loss,23,7.0,0.708384928356638,0.7087387228020601,5.151970836181391,3.722577610536202,0.001187672589883837,0.0003461664296929919,0.006968411092243425,7.294881853365056,74.86656630628184,303.7142857142847
2025-10-23 06:45:00+00:00,110180.2,False,not_opened,,,,,5.0,0.6743964421855488,0.695997458703937,1.2614706471648354,0.9979394515770811,0.0012702179099459698,0.002509276530510093,0.0002478373243010662,1.5959755889035505,75.5719606278267,315.4499999999981
2025-10-23 08:15:00+00:00,109735.4,False,not_opened,,,,,2.0,0.2510106578463453,0.5137816979051556,0.8614848820642672,0.7067008014247332,0.000540172703039854,0.004814039707092881,0.00013124196826490991,0.7509093324826834,67.02884643774561,385.028571428571
2025-10-23 13:30:00+00:00,109330.0,True,winner,0.01200000000000001,0.01200000000000001,take_profit,16,5.0,0.36868104725834533,0.5927877490531834,2.2929960354917482,1.8581606783809899,0.00011663347269785795,0.0040598919328900165,0.0012344864975750117,2.781936914971937,43.85833140744155,326.8285714285708
2025-10-23 16:45:00+00:00,110197.8,False,not_opened,,,,,5.0,0.5373153336729627,0.5499235863474331,1.8931886678722052,1.5298800345144243,0.0005813884837728711,0.006530383510617223,0.0013430258973194267,1.764104674180052,68.39161781551115,513.2428571428578
2025-10-23 17:30:00+00:00,110673.0,False,not_opened,,,,,5.0,0.5600042707665991,0.6689088191330302,2.1575673807878575,1.7844127213096976,0.0008705183339947631,0.007703057451556684,0.0011017519484184967,2.2241973001410353,78.86647148676158,524.8785714285726
2025-10-23 17:45:00+00:00,111175.2,True,loser,-0.008000000000000007,-0.008000000000000007,stop_loss,4,6.0,0.8855379188712368,0.8857142857142806,1.1968337730870713,1.112902547422433,0.0012226587775863162,0.008673000142279747,0.0017308941631653042,1.7223203191031744,79.5523123345032,509.47857142857225
2025-10-24 02:30:00+00:00,110641.7,True,winner,0.003747230926495204,0.003747230926495204,max_holding,24,6.0,0.8676796454574116,0.986704653371329,1.4686192468619572,1.2282611714388703,0.00038528154436523465,0.008590432124100912,0.00018712541018429675,0.9497421622065548,70.20531400966192,257.19285714285587
2025-10-24 04:15:00+00:00,110904.5,False,not_opened,,,,,7.0,0.6732434064827786,0.847996778739681,2.020337604230222,1.9103321337325831,0.0004910819409451594,0.009184836591593769,0.00289734238466465,2.0595166928762887,62.36997319034856,260.00714285714224
2025-10-24 04:30:00+00:00,111075.3,False,not_opened,,,,,5.0,0.28602510460252506,0.30928870292887517,2.0898915704791245,2.069417643857314,0.000591450816919803,0.00960585068482587,0.0008587132816723996,3.746653044747514,65.42005420054232,288.7285714285702
2025-10-24 09:00:00+00:00,111294.0,True,loser,-0.008000000000000007,-0.008000000000000007,stop_loss,19,7.0,0.6286727456940334,0.8812056737588765,1.3867228661748943,1.3970982255699513,0.00028510581865548446,0.01187080964949675,0.000948839133543487,1.0127722541255437,54.57095060027572,282.58571428571406
2025-10-24 09:15:00+00:00,111389.1,False,not_opened,,,,,3.0,0.5741974560872173,0.9339794064203889,0.629792103757427,0.5859656238909108,0.0003394800505627238,0.012045590287045679,0.00043290470976982984,0.5022384160497655,54.800019581926136,281.75714285714224
2025-10-24 12:30:00+00:00,111501.3,False,not_opened,,,,,5.0,0.44338641273906304,0.5321277106505574,5.23105902051063,3.990375185311872,0.00037208741974104065,0.011141086257196465,0.0023021217994125213,6.417244254168618,55.45612465126064,313.17857142857247
2025-10-25 07:15:00+00:00,111588.0,True,winner,0.0012474459619313816,0.0012474459619313816,max_holding,24,6.0,0.6924493554327809,0.6924493554327809,2.2979263647904924,1.6913629688959846,0.00035126542051777676,0.007411326657419103,0.001434107344460405,3.232201675965171,77.74230735124584,160.52142857143085
2025-10-25 08:45:00+00:00,111716.0,False,not_opened,,,,,6.0,0.7545717035611199,0.7545717035611199,1.4758522727271866,1.298286326312031,0.0003201690022929249,0.0082281147484798,0.00046926661866529627,1.186334651182501,75.31391475185717,160.05714285714515
2025-10-26 00:15:00+00:00,111695.3,True,loser,-0.0010761419683729123,-0.0010761419683729123,max_holding,24,7.0,0.7899906454630796,0.8044901777361911,1.977798334875169,1.8813324952860093,0.00016727560635754202,0.005165343520447135,0.0006835753769519787,2.062420186400436,66.28505409095703,113.64285714285714
2025-10-26 00:30:00+00:00,111794.3,False,not_opened,,,,,7.0,0.6470588235294118,0.7111111111111301,1.4153561517113975,1.2870275791624084,0.00023586672745001813,0.005320120496222783,0.0005119159169156626,2.594663111561031,68.61556511536966,118.87857142857163
2025-10-26 09:15:00+00:00,112630.8,True,winner,0.01200000000000001,0.01200000000000001,take_profit,17,7.0,0.8813376483279405,0.8813376483279405,14.881605351170686,7.197670656745553,0.0008686890536011571,0.0050792060698177585,0.007458160773544933,11.349287330627996,85.53978210630503,154.5499999999977
2025-10-26 11:15:00+00:00,112649.5,False,not_opened,,,,,7.0,0.8123791102514507,0.812765957446831,2.260603410581433,0.9750249211951405,0.0005128426149783039,0.0077079958653191415,0.001112648556800594,1.1947582002856103,70.64293866508878,265.12142857142834
2025-10-26 11:30:00+00:00,113273.5,False,not_opened,,,,,7.0,0.8510435138452997,0.8880098213067724,6.391455972100941,2.3732050778088776,0.0009938844558632365,0.00847011354144214,0.0051074598550639,3.598185420883194,76.13073962056671,308.9071428571437
2025-10-26 12:00:00+00:00,113695.6,False,not_opened,,,,,7.0,0.7960242005185826,0.819533275713061,4.198113207547303,1.5536755678330212,0.0011731009986595264,0.010066983984595771,0.0022310862331137433,3.0701913601154214,78.35747642702066,372.3428571428584
2025-10-26 13:30:00+00:00,113796.2,False,not_opened,,,,,5.0,0.40354254909509746,0.607624181748161,1.8044120201493723,1.515484973531725,0.0007896974426262471,0.01334733456499618,0.0006111141886645792,1.0625105772430095,79.29817525566438,342.72857142857123
2025-10-26 22:00:00+00:00,114576.3,True,winner,0.005165117044275247,0.005165117044275247,max_holding,24,5.0,0.5420017440170548,0.5420017440170548,12.167403477748184,5.983188405797093,0.0009775958832340947,0.012973010983382584,0.009038309114927371,11.23486633495318,66.06397294779345,345.0
2025-10-27 00:00:00+00:00,114820.0,False,not_opened,,,,,6.0,0.5757954951734164,0.9295673936360482,2.3245377103677862,1.159052228092756,0.0006823479891695516,0.01614396827848474,0.0012487268566963596,1.292012934103023,69.02127424739936,482.6357142857128
2025-10-27 09:30:00+00:00,115318.5,True,loser,-0.003528488490571746,-0.003528488490571746,max_holding,24,4.0,0.6607977003233642,0.9421487603305582,0.9889836531627628,0.8204253527058414,1.2900262204684765e-05,0.018370483049720117,0.00042075127960440703,0.7136364404252794,47.14097855167087,339.2142857142857
2025-10-27 10:15:00+00:00,115424.8,False,not_opened,,,,,3.0,0.5356489945155188,0.5361060329067704,0.7704225352112779,0.698882044261928,0.0001063273144523702,0.01784328944585833,0.0005816690173261588,0.41393970131520713,34.229855260315446,313.07142857142964
2025-10-27 16:00:00+00:00,115209.6,True,loser,-0.008000000000000007,-0.008000000000000007,stop_loss,21,5.0,0.5823958950069222,0.7726465364120826,1.8780578206078773,1.3568859984697703,0.00014770379961626112,0.01234629402430139,0.00012240061460739196,1.1730475466699009,53.8704364534727,373.42857142857144
2025-10-27 16:30:00+00:00,115405.3,False,not_opened,,,,,2.0,0.4227340267459292,0.6946508172362631,1.044422890397661,0.6952735859498865,0.0002763736168254205,0.012506177033998372,0.0003571301644098735,0.8349698610724197,57.032477737035116,387.1857142857147
2025-10-28 13:15:00+00:00,115011.5,True,loser,-0.008000000000000007,-0.008000000000000007,stop_loss,24,7.0,0.7027463651050033,0.7027463651050033,2.946616797007782,2.242753623188418,0.000549339630765866,0.0033596664256189852,0.0015997868112077136,3.8993074350815213,68.04639072185542,193.20000000000022
2025-10-28 13:45:00+00:00,115469.9,False,not_opened,,,,,7.0,0.9530791788856373,0.9997556207233484,2.0557648831951325,1.7506417308397335,0.000825121240756177,0.004499124755448634,0.0025926598032668838,3.170849734556688,76.10977884359164,233.74285714285776
2025-10-28 14:00:00+00:00,115739.0,False,not_opened,,,,,6.0,0.5080264400377715,0.8897072710103981,2.660135644310436,2.0163198694410447,0.0009696113798574046,0.005303558312992002,0.0023296094223607864,2.8053590673408286,79.44301427568467,262.60714285714283
2025-10-28 14:15:00+00:00,115873.0,False,not_opened,,,,,5.0,0.31324456902593784,0.5297827610371405,2.1507159005275036,1.5002628351147884,0.0009876968664732644,0.0061201401525799535,0.0006528643993734387,3.2006173942225837,80.10779473708055,285.35000000000065
2025-10-28 16:15:00+00:00,115019.9,False,not_opened,,,,,5.0,0.4274657670172587,0.8271482436991331,1.3295514511873452,0.9280414649547367,0.00017685121731880749,0.005911398261835352,2.2605295029454427e-05,0.5662029471788199,56.84705256390362,542.971428571428
2025-10-31 04:30:00+00:00,110050.1,True,loser,-0.008000000000000007,-0.008000000000000007,stop_loss,14,5.0,0.5101072244682978,0.7365090525575748,1.3233310072109612,1.192680333637804,0.0009751073906034691,-0.009115212045949277,0.0017303841252503717,1.6781665425285845,54.48850030628736,476.9928571428588
2025-10-31 10:30:00+00:00,110038.5,True,loser,-0.003297936631269871,-0.003297936631269871,max_holding,24,4.0,0.5522102747909339,0.8915173237754022,1.5979381443298881,1.256864595846918,0.0002975421845932136,-0.0023097249645382305,0.00014360672842970507,0.8578764624549502,57.55025925589009,332.971428571429
2025-10-31 11:45:00+00:00,110375.7,False,not_opened,,,,,6.0,0.8682983682983656,0.8682983682983656,3.191208791208801,2.865644451191754,0.0006066808873574914,-0.00205936282533558,0.004963097715937009,2.537550432846068,61.6755581900809,329.34999999999957
2025-10-31 14:45:00+00:00,110750.5,False,not_opened,,,,,5.0,0.6497835497835498,0.6974025974025974,2.8047595920349484,2.0643695183137765,0.0007875468824145582,-0.0003792124623281665,0.001385205606285118,3.8227260020537384,64.7702659108715,559.4928571428578
2025-11-01 03:00:00+00:00,109858.4,True,winner,0.0030630338690531556,0.0030630338690531556,max_holding,24,2.0,0.6372721928276923,0.6372721928276923,1.0200899550224791,0.8784860557769122,0.0001918279544430579,-0.0016285055290688301,0.00010104936580135577,1.0805272459595634,59.3209731674877,193.6285714285737
2025-11-01 03:15:00+00:00,110003.0,False,not_opened,,,,,4.0,0.37685691946835265,0.3771175397445874,2.301049475262251,1.784769752142967,0.0002991099121740781,-0.0013431611059122276,0.0007541841755965849,3.7767865623824437,66.38482464524667,214.98571428571657
2025-11-01 15:00:00+00:00,110139.0,True,winner,0.00026057981278193587,0.00026057981278193587,max_holding,24,5.0,0.5812387791741396,0.6386894075403997,3.7366876310273023,2.7164816024385288,0.00017367387094946451,0.0004092415511770158,0.0021199934489472823,3.30199308225902,52.98823851203483,164.03571428571428
2025-11-01 16:45:00+00:00,110413.7,False,not_opened,,,,,2.0,0.0945578231292121,0.5054421768707681,1.0165975103734541,0.6790510443131988,0.00030770600805274384,0.0014489745445488114,0.00012409420289852437,1.2041859311816367,62.34390540391209,216.47857142857018
2025-11-02 04:30:00+00:00,110402.6,True,loser,-0.00045832253950550683,-0.00045832253950550683,max_holding,24,7.0,0.7613519091847301,0.8777089783281903,3.1809601969635652,2.7716825007662034,0.00033526618061996416,0.0005518233657015092,0.002231364745526403,3.544905774242773,77.74607703281055,139.84285714285735
2025-11-02 04:45:00+00:00,110624.8,False,not_opened,,,,,5.0,0.5423480595557693,0.5731022699536358,3.3623307345096594,2.561883067577817,0.0004955241094941609,0.0009866912638436369,0.0015826165685830956,5.012974566192743,80.1104972375693,159.92142857142815
2025-11-02 06:45:00+00:00,110610.0,False,not_opened,,,,,6.0,0.6652421652422205,0.6894586894587043,1.3595868302129714,0.979469802670884,0.00030231946920067365,0.002367186909348936,0.0011766835626357713,1.2553595261819042,74.10468319559239,215.01428571428445
2025-11-02 07:45:00+00:00,110844.1,False,not_opened,,,,,5.0,0.5443802521008438,0.6221113445378333,1.9921527596129454,1.5426372290865107,0.00042191960579640586,0.0031366297061825735,0.0014717946679292304,2.6996944497603623,70.81967213114771,246.84999999999854
2025-11-02 11:45:00+00:00,111145.4,True,loser,-0.008000000000000007,-0.008000000000000007,stop_loss,6,7.0,0.8547705314009474,0.8547705314009474,1.5224086416915315,1.5245109321058554,0.0004483636601932961,0.004674737360042268,0.002006801126549197,1.7948263195522367,59.975907242885164,217.25
2025-11-02 23:00:00+00:00,110415.3,True,loser,-0.008000000000000007,-0.008000000000000007,stop_loss,8,6.0,0.9085545722713834,0.9085545722713834,4.327659574468391,2.8770417270064312,0.0003758527451489524,-0.0012134674899729428,0.003936084318945657,4.183729878450578,60.69736299958824,212.0928571428563
2025-11-05 16:45:00+00:00,103865.0,True,loser,-0.0018591440812594229,-0.0018591440812594229,max_holding,24,4.0,0.6951299410351536,0.7263594671325606,0.970435519762643,0.8442998630281429,0.0008793337527777112,-0.006148707077229997,0.0007226129684940746,1.0077086535288475,71.33102666952428,542.3428571428605
2025-11-07 17:15:00+00:00,102299.9,True,winner,0.01200000000000001,0.01200000000000001,take_profit,13,6.0,0.7815571507454413,0.8262838210933154,1.5597278442855835,1.289531772915461,0.0013650327468384127,-0.009526391719692434,0.006800585381792343,1.7540407407495442,73.08400884303569,702.1928571428559
2025-11-09 11:00:00+00:00,102156.1,True,winner,0.01200000000000001,0.01200000000000001,take_profit,13,6.0,0.9837447320891203,0.9837447320891203,2.0188392585839634,1.6817212077381793,0.00033082762194180937,-0.002267139836945024,0.0026677319272940276,2.366733855179481,62.88691388293019,197.53571428571533
2025-11-09 13:15:00+00:00,102478.3,False,not_opened,,,,,5.0,0.8113787801127534,0.9410558687852401,1.0649563318777358,0.9131146992946475,0.0004356601390358428,-0.000214303183583324,0.0008819392897605472,2.275387602046078,81.25579735997167,213.6642857142859
2025-11-09 13:30:00+00:00,102755.0,False,not_opened,,,,,7.0,0.8474732006125485,0.9479326186830015,1.78220524017463,1.4501443482123002,0.0006522117137204297,0.00036849807671153305,0.002587574568396046,2.8283216725857385,85.70477113102416,225.1500000000004
2025-11-09 13:45:00+00:00,102877.9,False,not_opened,,,,,6.0,0.36675619218141464,0.7341092211280087,1.7503264559937226,1.462543255291974,0.000704326434209257,0.0009905053353513077,0.001030436305608475,1.9893705125117436,85.55256394566123,229.1214285714294
2025-11-09 14:00:00+00:00,103000.6,False,not_opened,,,,,4.0,0.26145322821225414,0.6006818666098593,2.3261462205700267,1.878058541047343,0.0007511468951775235,0.0016468863667283874,0.00032631814076360214,2.6453938872762772,86.52243406781577,249.8857142857149
2025-11-09 14:15:00+00:00,103850.0,False,not_opened,,,,,7.0,0.8825057136920786,1.0,4.771251548946745,3.135796723752807,0.001470085305039337,0.002913645355422374,0.006415474667597007,3.560049390306526,90.52872272143757,306.971428571429
2025-11-09 15:30:00+00:00,103793.0,True,winner,0.009054560519495602,0.009054560519495602,max_holding,24,7.0,0.6285859355166526,0.8299060675298274,1.27785888077857,0.9485362413567573,0.0010017491610030405,0.006110448648245443,0.002249903437620703,1.06363129762118,72.12168098803639,415.27142857142877
2025-11-09 23:00:00+00:00,104888.0,True,winner,0.01200000000000001,0.01200000000000001,take_profit,7,5.0,0.276634779190151,0.276634779190151,2.5015571217833092,2.0007116371399873,0.0005485693814637482,0.01566823646811231,0.001084234316779727,3.0087131119871784,55.25569984349217,381.41428571428486
2025-11-10 00:15:00+00:00,105448.3,False,not_opened,,,,,6.0,0.5892142142142273,0.7115865865865856,2.6198983773151596,1.7232892325226739,0.0008955616944015254,0.016629494966393005,0.003962598100961488,2.453747039871431,64.05486414282922,463.7642857142855
2025-11-10 00:30:00+00:00,105995.9,False,not_opened,,,,,7.0,0.9434872501722894,0.9963818056512649,1.6663795578523954,1.1976535094183782,0.001308326859188469,0.01753472911312035,0.0030006018236390956,2.7742411579146875,74.55289616513923,484.6142857142851
2025-11-10 00:45:00+00:00,106268.0,False,not_opened,,,,,5.0,0.4651162790697651,0.6292749658002704,1.3805476864967066,1.1515859061818752,0.0014296962214548348,0.018577192375741555,0.0025472178720353216,3.1220401968800986,74.66036621382162,507.82142857142856
2025-11-10 17:30:00+00:00,105638.7,True,winner,0.004903506006794789,0.004903506006794789,max_holding,24,5.0,0.8004418262150121,0.8004418262150121,1.0197747183980015,0.8126985936364437,0.00014391991890194689,0.010902861711009598,0.001514994942116413,0.5969122325622471,42.141613945907054,501.2928571428565
2025-11-10 17:45:00+00:00,105906.6,False,not_opened,,,,,5.0,0.8271071318308166,0.8271071318308166,0.810763454317934,0.6376522203785635,0.00037204873703977626,0.011098951683199408,0.0017650397275823478,0.8200402046833608,46.95731866980895,507.9571428571435
2025-11-10 22:45:00+00:00,106003.8,False,not_opened,,,,,7.0,0.7470198675496744,0.8387890255439979,1.5106474203230018,1.4525501590168433,0.00032061795051996356,0.010149422687934704,0.0021318172063646322,1.0867065469275694,56.50759219088943,363.8428571428573
2025-11-11 01:15:00+00:00,106741.7,True,loser,-0.008000000000000007,-0.008000000000000007,stop_loss,3,5.0,0.4159885112493989,0.4159885112493989,3.7033535234155854,3.1324931272091034,0.0007984955455071496,0.011191269835200631,0.00489258345728754,6.969400918787869,72.49630953305878,400.1285714285706
2025-11-11 02:30:00+00:00,106749.9,True,loser,-0.008000000000000007,-0.008000000000000007,stop_loss,8,5.0,0.5327624720774318,0.5656490444278914,2.0210684725357266,1.559965153421725,0.0006465929758054934,0.011966085835096315,0.0011084883763458435,2.1016237285226276,60.89829964709647,516.5499999999977
2025-11-12 09:00:00+00:00,104753.6,True,loser,-0.008000000000000007,-0.008000000000000007,stop_loss,23,6.0,0.8292311596041718,0.8419182948490336,3.8317938745745277,2.6673434856175784,0.0011922793700120948,-0.004571282300939344,0.005428648212846065,4.6397453793426395,77.39393704149343,295.500000000001
2025-11-12 11:00:00+00:00,105023.4,False,not_opened,,,,,4.0,0.5288717796860678,0.5877998223274894,1.5572976712013031,0.9372373324875443,0.0008028042748811082,0.0011143529552864514,0.00023238316555390223,1.19300787665261,78.71007497175667,360.3142857142853
2025-11-13 06:15:00+00:00,103544.5,True,loser,-0.008000000000000007,-0.008000000000000007,stop_loss,11,4.0,0.8542415908610226,0.9039559974614038,1.085917757868123,0.8461469614248592,0.0012237067840166205,-0.007776072999843134,0.0016571026146042004,2.217970033061175,66.69723368485413,558.6499999999994
2025-11-16 09:45:00+00:00,96597.4,True,loser,-0.008000000000000007,-0.008000000000000007,stop_loss,6,6.0,0.923924560288208,0.9944903581267094,2.5262312633832273,2.1773778920308233,0.0006648942582898609,-0.005541908317008302,0.004162291963366781,3.38105974687683,69.85294117647034,216.72857142857123
2025-11-18 16:00:00+00:00,93100.8,True,loser,-0.0007443545060837886,-0.0007443545060837886,max_holding,24,5.0,0.3732035928143756,0.8514970059880284,1.3947176114416826,1.082670556501004,0.0014192477459493702,-0.011676656935218474,0.001173222986567681,1.2481434145942283,66.45339789036836,616.9928571428557
2025-11-18 16:15:00+00:00,93680.0,False,not_opened,,,,,6.0,0.7249968706971971,0.8509200150206477,1.5788537549407287,1.24637551957388,0.0018827352411967535,-0.009835648787428963,0.005150214592274678,1.5467460584440136,75.52613948760583,640.9785714285712
2025-11-18 18:00:00+00:00,93595.8,False,not_opened,,,,,4.0,0.7418032786885234,0.7418032786885234,0.9363179534033965,0.8119892241867337,0.0010510368779821366,-0.0033032094921544974,0.001185216879713354,0.5504522583301665,74.12120672777439,631.0428571428575
2025-11-20 07:45:00+00:00,92267.4,True,loser,-0.008000000000000007,-0.008000000000000007,stop_loss,8,4.0,0.546330122882779,0.5665891730322027,1.060397957386844,0.9233566249753303,7.278642141894665e-05,0.00422537495110252,0.0011479835419522704,0.962030195357084,50.01083580148796,326.0928571428573
2025-11-20 13:00:00+00:00,91973.3,True,loser,-0.008000000000000007,-0.008000000000000007,stop_loss,4,4.0,0.5770491803278689,0.9780327868852554,1.1308861698182984,1.030455137796225,0.0001402000857115837,0.00034721571307241503,6.74154126855918e-05,1.060951072127014,57.37220889463002,295.9857142857145
2025-11-23 01:15:00+00:00,85484.8,True,winner,0.01200000000000001,0.01200000000000001,take_profit,12,4.0,0.5614394382680138,0.7091866588648528,1.1930191972076891,1.0771170035564839,0.0007636669611299496,-0.004991779739797233,0.0021664712778429415,1.985658349715824,75.18070112034678,317.3285714285718
2025-11-23 01:30:00+00:00,85837.4,False,not_opened,,,,,6.0,0.7229854418699885,0.8870207094525197,1.7022687609074942,1.4819203889395203,0.001086086783757434,-0.003960160777970116,0.002958490001659151,2.4923451164919848,76.98655384744252,329.10000000000065
2025-11-23 03:45:00+00:00,86261.0,False,not_opened,,,,,5.0,0.7328925619834614,1.0,0.9239462431276685,0.8812635258864647,0.0008470794265784676,0.002477698235317746,0.0016826121944676334,0.725402107429903,79.07635642442295,343.25714285714326
2025-11-23 04:00:00+00:00,86420.0,False,not_opened,,,,,5.0,0.4360943499725831,0.8645090510148234,1.113622480146578,1.0404614851505092,0.0009427149839631443,0.003284479021820045,0.0018432431805798682,1.8572719103485809,83.12253501972022,350.4214285714282
2025-11-23 13:45:00+00:00,86887.9,True,winner,0.0044747312341535395,0.0044747312341535395,max_holding,24,6.0,0.7530864197530415,0.9619341563785816,1.1936144085141316,0.9946641327388505,0.0006400409401516871,0.008301789367261985,0.0020100653184735536,1.3336396167204159,67.51688956293924,293.16428571428696
2025-11-23 15:30:00+00:00,86972.4,False,not_opened,,,,,7.0,0.7606961566352413,0.8489243413101271,1.4172661870503427,1.2702708630332225,0.0005182389230802276,0.009563923231806578,0.001915763984328156,0.9162529412609448,60.15227171602323,325.67857142857036
2025-11-23 15:45:00+00:00,87042.8,False,not_opened,,,,,3.0,0.19870166525545627,0.49421394298618226,1.1941354903943593,1.062186817422599,0.0005461099944914505,0.009947366912425159,9.076818609556318e-05,1.2567131433255538,58.04487012649028,333.557142857142
2025-11-23 18:30:00+00:00,87153.4,False,not_opened,,,,,5.0,0.7854961832060995,0.8221374045801304,1.1523237062014269,1.0896128329537547,0.0004386994651264242,0.010804950635592794,0.00018935720687791283,0.5164442770211745,60.42489908646671,360.67857142857247
2025-11-23 19:15:00+00:00,87274.0,False,not_opened,,,,,3.0,0.2686664492989728,0.2689925008151313,0.9397885705530824,0.8645176878007453,0.00047199188506374945,0.01141611114957341,0.0005812667028190528,1.1211408783253742,54.64443551627146,354.7642857142855
2025-11-24 01:45:00+00:00,87033.6,True,loser,-0.00033320464740049793,-0.00033320464740049793,max_holding,24,7.0,0.8321571034059624,0.9687020558453604,1.435208631509415,1.3534454629052868,7.72221167073539e-05,0.00899801152245986,0.000723232077009944,1.014389173937448,38.61710849958996,481.58571428571514
2025-11-24 02:00:00+00:00,87871.0,False,not_opened,,,,,7.0,0.8728371899103599,0.9320408588701298,2.0636696063669415,1.8025122121423462,0.0009868745560270842,0.009698286753732702,0.009384979438049945,2.6229296212549453,51.79763384431246,532.2571428571433
2025-11-24 05:00:00+00:00,87535.4,False,not_opened,,,,,7.0,0.811958488051031,0.8671808054841459,2.240879027096178,2.071714382326404,0.0004795202120477793,0.009350054181791039,0.0026953004635732187,1.4132080857877691,61.46430375299198,506.9714285714269
2025-11-24 16:00:00+00:00,86837.3,True,winner,0.01200000000000001,0.01200000000000001,take_profit,6,4.0,0.43603603603603125,0.436199836199841,1.6306089743589998,1.1329383226627445,0.0006686827210109492,-0.0007179715332011239,0.0017916061004591831,1.9100126858720814,62.32721655525072,538.8642857142851
2025-11-24 16:15:00+00:00,87185.5,False,not_opened,,,,,4.0,0.770524452312462,0.7864571807922079,1.0923374425912433,0.8194334710583151,0.0009889041604715931,0.0001684961938946078,4.58812936230737e-05,1.2100344301977524,65.04991104961452,551.4785714285701
2025-11-24 16:30:00+00:00,87458.1,False,not_opened,,,,,4.0,0.5589501742874871,0.9391019069099913,1.0814946224636883,0.8913926132877233,0.0011944114085760127,0.0012226734861210255,0.002017598130198733,0.9103504503668429,64.49102548010544,547.1214285714274
2025-11-24 17:30:00+00:00,87880.6,False,not_opened,,,,,4.0,0.5226306576644237,0.7514378594648772,0.8394206549118368,0.661483748242485,0.0013158321306709908,0.004382901898612198,0.0020695765406942603,1.1397024204173294,69.51998654953556,604.5499999999998
2025-11-24 17:45:00+00:00,88314.9,True,loser,-0.0007677073744066787,-0.0007677073744066787,max_holding,24,6.0,0.7384798503655753,0.8507056623023224,1.1348900038595031,0.9295294436416056,0.0016654862835996376,0.005783798021943806,0.0038065469424868625,1.5810984280776783,73.89372667495991,632.6857142857136
2025-11-24 18:00:00+00:00,88433.4,False,not_opened,,,,,3.0,0.27554107516870135,0.7097975331626524,0.9019731318220338,0.751890412328634,0.0016341710549758748,0.007157324225202108,0.0003472744610741198,1.359613689553632,80.06594910719845,571.4928571428567
2025-11-25 04:00:00+00:00,88086.3,True,loser,-0.008000000000000118,-0.008000000000000118,stop_loss,15,6.0,0.8640022203719483,0.9622536774910028,1.2443446727680356,1.2514451584091744,0.0001589252436020594,0.010254252608964507,0.0016249087481267355,1.0669165942112373,48.463940370668844,287.9071428571416
2025-11-25 04:30:00+00:00,88116.1,False,not_opened,,,,,3.0,0.392800757814998,0.4499526365645763,1.0937661889138108,1.1229358727585854,0.00017208099239796049,0.010238301663820634,0.00018388216104685298,1.374481333999035,50.636010176162806,282.0285714285689
2025-11-25 04:45:00+00:00,88298.9,False,not_opened,,,,,4.0,0.47816993464050767,0.5328104575163094,1.3166953528399312,1.325757575757591,0.0003535633068671995,0.010430895932307258,9.740594380120205e-05,1.1104408337738105,56.692011725906866,288.5142857142824
2025-11-25 11:00:00+00:00,87402.2,True,loser,-0.008000000000000007,-0.008000000000000007,stop_loss,14,3.0,0.27518891687655095,0.8841309823677054,0.6734520780322555,0.5672296780119477,4.513192856325787e-05,0.002207006210614823,0.00020598689465601332,0.5556028801529881,44.52469419279423,279.9571428571445
2025-11-25 12:00:00+00:00,87627.8,False,not_opened,,,,,7.0,0.8813843148199842,0.8855707507675142,1.5195080576760371,1.299702033942226,0.00028802900656210717,0.0023598370094320732,0.0015922092617887255,0.8165155873880396,55.71751362367652,275.67857142857247
2025-11-25 17:00:00+00:00,87430.6,True,loser,-0.008000000000000007,-0.008000000000000007,stop_loss,8,5.0,0.7076082557669238,0.8711048158640278,1.2302713467762028,1.0782825527935775,0.00039811401741052244,-0.0007386986050544209,0.0020124921207954364,0.9002836055940614,57.5294793391223,458.3214285714265
2025-11-25 17:30:00+00:00,87900.5,False,not_opened,,,,,6.0,0.6410809256863618,0.6916774471755054,1.6544589774078409,1.4404152740394567,0.0008367595235756475,0.0003617994635895748,0.0034807684404238814,1.5548258151841734,64.32584269662922,482.9857142857124
2025-11-26 01:30:00+00:00,88041.7,True,loser,-0.008000000000000007,-0.008000000000000007,stop_loss,8,7.0,0.7171469740633963,0.7719020172910621,2.0960434913922916,1.810052535489394,0.0007324331035061249,0.0025757391276266376,0.0038641867762488104,2.3271041038720135,77.26909464550734,383.41428571428696
2025-11-26 14:00:00+00:00,87264.1,True,winner,0.01200000000000001,0.01200000000000001,take_profit,13,5.0,0.45161290322580644,0.9116625310173914,1.8770377270610408,1.524205748865347,0.00039179992716165124,-0.0031248611260847044,0.0020301467607791598,1.3303083578948145,61.09205872896788,264.40000000000146
2025-11-26 16:00:00+00:00,87514.0,False,not_opened,,,,,6.0,0.9670890241895671,0.9868356096758268,1.798461083160682,1.532026002557034,0.0005806154892085136,-0.0019515333603251058,0.002244668911335578,1.2520977727773024,67.87302794145614,396.66428571428486
2025-11-26 16:15:00+00:00,87538.1,False,not_opened,,,,,1.0,0.0807537012113063,0.08109017496637301,0.879550162770038,0.7262698551230529,0.0005513856216117219,-0.001440647318532352,0.0001839537487718039,1.2513988073408198,67.83267356881863,409.2142857142847
2025-11-26 17:15:00+00:00,88621.0,False,not_opened,,,,,7.0,0.7205921698029055,0.8540087398555278,3.0569792802617672,2.3042214654767594,0.0014958859105140832,0.0016205903578786045,0.007652249056260518,2.8480230879941524,74.6856152957784,486.6285714285706
2025-11-26 17:30:00+00:00,89473.2,True,winner,0.01200000000000001,0.01200000000000001,take_profit,18,7.0,0.8884603356614201,0.9936411967059253,2.492011949603871,1.8225020694521796,0.002280225928006363,0.003583429507958512,0.007754714494727132,2.841802849134797,79.16457634726595,526.3642857142851
2025-11-26 17:45:00+00:00,89792.5,False,not_opened,,,,,5.0,0.6723520741208613,0.7155190566434969,1.0830102622577167,0.8632751636023837,0.0024055866262744363,0.005636341293582859,0.0035002508960172585,2.2378112730609825,80.84364947850678,550.1142857142861
2025-11-26 18:00:00+00:00,90001.0,False,not_opened,,,,,4.0,0.45357686453578705,0.8060447923461661,0.9849020237712754,0.8414930600935676,0.0023974464758651504,0.007661578933261422,0.0008162121528873691,1.9063377228780942,82.01144345722692,546.528571428571
2025-11-26 18:15:00+00:00,90297.0,False,not_opened,,,,,5.0,0.818081282831066,0.8183577550456245,0.7746011350251619,0.7149937167304361,0.002484271213230471,0.0097286432728504,0.002295477199517849,1.2012884022417172,90.88963401583807,505.8785714285706
2025-11-27 02:15:00+00:00,91425.7,True,loser,-0.0011758181780396892,-0.0011758181780396892,max_holding,24,7.0,0.9369560602844457,0.9868393122479363,1.8806387225548553,1.545784798556223,0.001113686245420853,0.02542004340632636,0.0025286446311259185,1.8543174840851104,73.90431290378928,304.7642857142876
2025-11-27 02:30:00+00:00,91756.0,False,not_opened,,,,,7.0,0.6687588580684289,0.9218465276371631,1.9716566866267813,1.5386635216627125,0.0013542095221861228,0.026272234712702493,0.0035447147002305086,2.4341298605331456,76.0227819669504,320.99285714285986
2025-11-27 16:00:00+00:00,91182.5,True,winner,0.0027922024511282117,0.0027922024511282117,max_holding,24,7.0,0.6258708778448592,0.8873664653971218,1.6233741753062922,1.408241450196243,0.00023635710859704062,0.016975550962569787,0.002628005299993952,1.9375293536724139,53.36632453567922,305.77142857142877
2025-11-28 03:15:00+00:00,91163.1,True,winner,0.004659780108398959,0.004659780108398959,max_holding,24,3.0,0.5174363807728412,0.7973609802073627,0.9513561981618869,0.8965475615645013,0.00011096192466508725,0.010672057822130338,0.00047519858472036715,0.9996780712948974,46.42995409545955,236.68571428571678
2025-11-28 04:00:00+00:00,91315.8,False,not_opened,,,,,5.0,0.5362844702467336,0.8392597968069595,1.242560865644735,1.1938488195798302,0.000247753878382051,0.01067450441413742,0.00054565774768263,0.9699874584944549,53.46529313413515,230.85000000000167
2025-11-28 04:15:00+00:00,91368.0,False,not_opened,,,,,3.0,0.36786469344604567,0.7914023960535307,0.6542185338865976,0.6115437894413128,0.0002786730062571685,0.010811082429904193,8.647100867877967e-05,0.6307441299692415,55.14453310785808,232.03571428571635
2025-11-28 08:45:00+00:00,91649.9,False,not_opened,,,,,7.0,0.8997445721583597,0.9519476372924551,3.34436732514687,2.5144364480889982,0.00046306544584573395,0.010000341886946547,0.004468327155636285,3.367907364729824,53.83457960970266,249.1214285714263
2025-11-28 10:45:00+00:00,91802.8,True,loser,-0.008000000000000007,-0.008000000000000007,stop_loss,2,7.0,0.7344239470936229,0.9032370344587448,1.3693994280267345,1.0915357268854098,0.0004230936391946827,0.010974857461189294,0.0018082195966480506,1.311183353960126,58.58351850976325,263.20714285714246
2025-11-28 12:00:00+00:00,91467.8,True,winner,0.01200000000000001,0.01200000000000001,take_profit,7,2.0,0.38810068649886914,0.5089244851258448,0.9844559585492357,0.796282798833818,8.053750869874143e-05,0.010122497496273513,0.00042327880291938877,0.7259802671630478,59.08268241569834,274.40000000000043
2025-11-28 13:45:00+00:00,92329.2,False,not_opened,,,,,6.0,0.6017739367750646,0.6018876506709093,4.1746973652979005,2.83122915948029,0.0009034131746672447,0.010755180093722783,0.00470965130298905,5.34344825989119,68.65092203170477,310.60714285714494
2025-11-28 14:15:00+00:00,92916.3,True,loser,-0.008000000000000118,-0.008000000000000118,stop_loss,1,7.0,0.9094149094149302,0.9604989604989731,2.959349593495966,1.9185185185184963,0.0013510999954955416,0.012358879916513686,0.0025572053306401753,3.096930723660072,72.08536633741923,351.000000000001
2025-11-29 13:15:00+00:00,90726.9,True,winner,0.0004882785590603067,0.0004882785590603067,max_holding,24,6.0,0.7408123791102269,0.8853965183751871,1.7622496804431655,1.5402457839016868,0.00016694387546989375,-0.0014205009894725127,0.000558028944718645,1.6638400357237733,64.91002570694042,134.26428571428758
2025-11-29 15:15:00+00:00,90835.1,False,not_opened,,,,,4.0,0.34199378706581146,0.34199378706581146,3.187218721872281,2.6346726190476546,0.00022170511541452775,-0.000728732625333067,0.001244458357491427,4.944841019255183,61.93127962085339,134.4000000000004
2025-11-29 19:15:00+00:00,90771.2,False,not_opened,,,,,2.0,0.5119999999999821,0.7003076923077102,0.8307770961145257,0.6741939307728793,0.00015262293007900496,-0.0007334889491982573,0.00017740049870465976,0.4065717156942245,41.30493213277791,241.028571428571
2025-11-29 20:30:00+00:00,90774.3,True,winner,0.0003932831208832699,0.0003932831208832699,max_holding,24,4.0,0.8464751958224846,0.910182767624036,0.9510802085920108,0.7976080683069079,0.0001699090118938429,-0.000807425450480971,0.0013248145149370445,0.6527891586647823,53.24627998785331,240.0928571428563
2025-11-29 20:45:00+00:00,90921.7,False,not_opened,,,,,4.0,0.5560165975103698,0.6767257638626937,1.2912810521187896,1.0830828493885944,0.0003085990117521753,-0.0005226306745603936,0.0014340549500778937,1.7442681905226791,57.02322465386321,244.76428571428445
2025-11-30 06:15:00+00:00,90871.6,True,winner,0.003817474326412107,0.003817474326412107,max_holding,24,6.0,0.7493645144891251,0.9989832231825262,1.7194055944054378,1.4067225173681914,0.00010357023954177258,0.0005020536820059455,0.0003985230427786044,0.7055456417701894,56.14427377017353,139.8285714285708
2025-11-30 08:15:00+00:00,91104.9,False,not_opened,,,,,5.0,0.3180379746835268,0.3605617088607427,4.803800475059299,3.674800124597623,0.00027227277244734616,0.0012997220632366192,0.001159348303395407,6.6914356916912645,67.41401572954597,137.58571428571304
2025-11-30 09:00:00+00:00,91432.2,False,not_opened,,,,,6.0,0.6188803966122447,0.75666184672588,4.3909297052154725,2.6765925516370226,0.0005392025372834564,0.0021955198796079645,4.375017773509705e-05,4.367278758610631,88.50722311396513,180.8642857142851
2025-11-30 16:15:00+00:00,91714.9,True,loser,-0.008000000000000118,-0.008000000000000118,stop_loss,19,7.0,0.8029822335025177,0.9060913705583563,1.6365524402907552,1.4527736625514407,0.00032172254095885755,0.005572547427455339,0.0019314361997899055,1.4738945947286304,57.41664478865856,216.96428571428365
2025-12-02 13:45:00+00:00,87691.3,True,winner,0.01200000000000001,0.01200000000000001,take_profit,2,4.0,0.5783565334530966,0.5983385720700573,1.6056236481615123,1.4081886136266009,0.0006056337761959352,-0.003089011083634817,0.0017741272162310696,2.6926693798138546,72.36437091188938,316.2928571428555
2025-12-02 14:00:00+00:00,88297.7,False,not_opened,,,,,6.0,0.6452127659574468,0.7847872340425501,3.3886085075703667,2.5926436691030266,0.001209996963490667,-0.001967286173418226,0.004865130613108881,3.745612324507526,76.30026809651496,362.56428571428427
2025-12-02 14:15:00+00:00,88629.6,False,not_opened,,,,,6.0,0.6133086876155321,0.7497227356746873,1.9502523431867749,1.515012101694245,0.0014555342693074458,-0.0006565749804914502,0.0014644067796610828,3.387194396963715,77.35120220733171,357.0928571428553
2025-12-02 14:30:00+00:00,88784.0,True,winner,0.01200000000000001,0.01200000000000001,take_profit,2,5.0,0.3102270444042497,0.8495077355836957,1.7405140758874005,1.3765458927654184,0.001483201305463977,0.0006589602472200119,0.00021404832985974203,3.294866448035655,84.71605234722068,361.557142857141
2025-12-02 14:45:00+00:00,89225.1,False,not_opened,,,,,7.0,0.8693338588884474,0.9586125344895553,1.6981258366801075,1.384852324788019,0.0018197793137202378,0.0022482762158697526,0.004121140369732369,3.030947885831193,85.32395665206384,366.3928571428561
2025-12-02 15:00:00+00:00,90612.0,False,not_opened,,,,,7.0,0.8367925666706885,0.8368529021358784,4.796411517870106,3.4967825549678304,0.003149387143390081,0.004921903068230122,0.015304870464927813,4.7553900538413005,92.72769337549177,473.9785714285691
2025-12-02 17:15:00+00:00,91718.3,True,loser,-0.008000000000000007,-0.008000000000000007,stop_loss,12,7.0,0.7429378531073446,0.763935969868176,1.9302071973827801,1.4324527429331182,0.0024257996270413695,0.020076644380343903,0.006589265116952967,1.4727079891104589,82.53247592580618,741.3857142857139
2025-12-03 01:45:00+00:00,92215.3,True,winner,0.01200000000000001,0.01200000000000001,take_profit,10,5.0,0.5196133110243455,0.5346718720951871,1.6762231224681161,1.603517662840975,0.0007315282637054832,0.028979933711586327,0.002587594982675073,2.431186224238048,64.29640059843364,335.45000000000226
2025-12-03 02:00:00+00:00,92841.0,False,not_opened,,,,,7.0,0.814029151483593,0.9627798021863542,2.332726168791759,2.1204344312380607,0.0013120729530220476,0.029657232991835515,0.0040598882178885356,2.703351897241424,70.02585888437389,362.3785714285737
2025-12-03 04:00:00+00:00,92829.3,False,not_opened,,,,,4.0,0.636195018547985,0.6658717541070662,1.0595171252105482,0.988494134815048,0.0006442673390565368,0.032622188371382005,4.4169040303773336e-05,0.7545626066689611,79.67392699730456,381.79285714285754
2025-12-03 13:30:00+00:00,93153.9,True,loser,-0.007999999999999896,-0.007999999999999896,stop_loss,2,7.0,0.6493159826492616,0.9542876209542506,1.250312891113956,1.1678681771370185,0.0002582606461281056,0.026726608981310535,0.0006649336140591478,1.0027203644501337,52.09310404724651,256.62142857142834
2025-12-03 14:30:00+00:00,93452.6,True,loser,-0.008000000000000007,-0.008000000000000007,stop_loss,1,7.0,0.6068522756165806,0.8722349351639979,6.305410821643517,3.5055707646272527,0.0006537104526975757,0.02513603892776034,0.0024371040510420086,3.3215548500151586,59.8182577814916,448.7714285714298
2025-12-03 16:30:00+00:00,92688.2,True,winner,0.009071273365973243,0.009071273365973243,max_holding,24,6.0,0.8945660989456604,0.9501216545012044,1.4821938392186238,0.7383549339150471,0.00014180160428978184,0.02050388625182575,0.000736342042755313,0.6401781001367414,48.15682014011161,667.971428571429
2025-12-03 17:30:00+00:00,92720.0,False,not_opened,,,,,2.0,0.5973493975903474,0.5975903614457831,0.8290051937674814,0.6434607333901862,0.0001961216749986061,0.01954847626088092,0.00015748812906266326,0.6309693513823473,57.24183825256398,644.9499999999991
2025-12-03 17:45:00+00:00,92919.5,False,not_opened,,,,,3.0,0.5704486996284914,0.7699342669334057,0.6989612465041853,0.55637458118007,0.0003827083787275587,0.019653762935080074,0.00034988749771227407,0.5376623502055208,54.39914834992797,628.8928571428561
2025-12-04 01:00:00+00:00,93659.2,True,loser,-0.008000000000000007,-0.008000000000000007,stop_loss,19,7.0,0.8505338078291723,0.947410043495442,2.0766388394690423,1.818801369863037,0.0004917671933493128,0.01978911245127319,0.0057352958547157665,1.3243012466630926,54.12844036697232,417.1428571428582
2025-12-04 02:15:00+00:00,93760.0,False,not_opened,,,,,4.0,0.2641344684566655,0.3887797424143278,1.1370067014147534,1.1233447768514098,0.000491756697698742,0.019752007695710852,0.0009031186416071437,1.910037227226848,50.35078602052757,407.8000000000008
2025-12-04 15:30:00+00:00,93003.1,True,loser,-0.008000000000000007,-0.008000000000000007,stop_loss,5,6.0,0.5430001163737975,0.7053415570813497,2.740551746132977,1.891302980757143,0.00028785612303905417,0.006760186916107164,0.0014763207201775226,2.109215883627457,51.299467624767324,454.3428571428573
2025-12-05 06:45:00+00:00,92235.6,True,loser,-0.008000000000000007,-0.008000000000000007,stop_loss,10,4.0,0.8936721991701261,0.9522821576763644,0.9049518892278821,0.8659052996278851,0.0001207802681708614,-0.0003047582702368299,0.0012940149636765186,0.9619359321353022,46.69940853400935,222.65714285714265
2025-12-05 07:00:00+00:00,92296.2,False,not_opened,,,,,3.0,0.23165137614675047,0.5263761467889679,1.2011019283746662,1.1212687138352504,0.00017190865532201727,-0.00014785707424818794,0.0005572129811110672,1.0595574049800782,50.30612788159507,233.30714285714308
2025-12-07 16:45:00+00:00,89849.3,True,winner,0.01200000000000001,0.01200000000000001,take_profit,3,6.0,0.7767130717772578,0.944494666425607,1.7273579013117142,1.1476294221392376,0.0008898826945200611,-0.006588279010767769,0.003644873384493403,0.6372096708409521,61.63340082923539,481.9500000000002
2025-12-07 17:15:00+00:00,90669.7,False,not_opened,,,,,6.0,0.9059838392662093,0.949443109849309,2.734139423794569,1.688288430644442,0.001604426405728443,-0.004294222573230838,0.008561735261401525,2.2962279036536577,67.06305935603335,542.442857142858
2025-12-07 17:30:00+00:00,90812.7,False,not_opened,,,,,4.0,0.2358085808580762,0.26023102310230545,1.7567763443977165,1.0765541132132916,0.0016017894225492935,-0.0028340874675526467,0.0010659641077648606,1.990949052850116,71.48920077317416,562.9071428571436
2025-12-07 18:00:00+00:00,91282.6,True,loser,-0.008000000000000007,-0.008000000000000007,stop_loss,14,5.0,0.6935483870968013,0.6937316715542633,1.3741342400201166,1.069908814589646,0.0017973505738342332,0.00015787979387161524,0.00023668379702179268,0.9069582061439668,88.29084041548637,509.95000000000124
2025-12-07 18:15:00+00:00,91533.6,False,not_opened,,,,,4.0,0.6408882082695354,0.6569678407350863,1.019383374528436,0.7585462993694037,0.0018895966759626681,0.0018151354607747901,0.0009174442343715587,0.7350497961766974,89.25596564912375,516.5142857142865
2025-12-07 23:45:00+00:00,90345.4,True,winner,0.01200000000000001,0.01200000000000001,take_profit,7,7.0,0.809722948248827,0.8274960794563495,1.844448015426659,1.1328144827002644,8.485137426150757e-05,0.003790123052566908,0.003496588937538885,0.9851389470078203,38.16826651609247,506.6142857142872
2025-12-08 01:00:00+00:00,90630.0,False,not_opened,,,,,6.0,0.6815154038301376,0.7789342214821017,1.1319509896324047,0.9028378124412585,0.00039873081963670565,0.0037565188861190283,0.0006381649115291769,0.6826096114671308,51.632450865187415,532.1000000000006
2025-12-08 01:15:00+00:00,91091.0,False,not_opened,,,,,7.0,0.6627372052904051,0.8103795284646408,1.5007551240560761,1.3081686659591734,0.0008468865771706913,0.004452039841258643,0.00391023648775244,0.9398784659837898,60.015548645046714,531.7357142857145
2025-12-08 09:00:00+00:00,92030.0,True,loser,-0.008000000000000007,-0.008000000000000007,stop_loss,18,5.0,0.4760076775431862,0.5535508637235973,2.3844393592677346,2.340070580686558,0.0006257665820779135,0.0125694041184797,0.001342667447169128,4.245637876829401,77.75055508766584,222.64285714285714
2025-12-08 10:30:00+00:00,92160.1,False,not_opened,,,,,7.0,0.6409127301841632,0.989591673338706,1.3175105485232321,1.1058339920948745,0.0005108864525411594,0.013989427870586674,0.001122133291619988,1.221841174890354,76.9749449925477,225.89285714285714
2025-12-09 12:15:00+00:00,90512.7,True,winner,0.01200000000000001,0.01200000000000001,take_profit,13,4.0,0.5366100836077949,0.5366100836077949,2.4933670246369077,2.024547519601431,0.0002917094417902444,-0.0017028489204240025,0.001055107816756242,2.6307587471531204,52.25361587621889,194.95714285714348
2025-12-09 13:15:00+00:00,90650.1,False,not_opened,,,,,5.0,0.7770349980338768,0.7963035784506853,1.5804847731510103,1.329623543471702,0.00033823489013196095,-0.0006879557632790175,0.00033215625689699647,1.328922117427606,72.23928860145509,191.25714285714326
2025-12-09 15:00:00+00:00,90568.2,False,not_opened,,,,,3.0,0.24566945180353852,0.32952924393722854,3.6873943265076674,2.8707898035937984,0.00027325125886279444,-0.0008829563838297248,0.00038880850076764375,4.712728287286363,57.04960835509139,341.85714285714283
2025-12-09 15:30:00+00:00,92026.5,False,not_opened,,,,,7.0,0.796418805680512,0.9479580135838404,4.06781485468238,2.4510161220581845,0.0017038975403453893,0.0013721058679436332,0.008054445554445587,3.8260285741812643,73.42401042515061,462.5428571428565
2025-12-09 15:45:00+00:00,92676.9,True,winner,0.01200000000000001,0.01200000000000001,take_profit,3,7.0,0.6163694992412725,0.8197078907435443,3.6745077539641224,2.068812803946572,0.002222974253788479,0.003294236663324102,0.006422292326153349,4.441633867743611,76.25181950509449,509.66428571428384
2025-12-09 16:00:00+00:00,93414.5,False,not_opened,,,,,7.0,0.8844124700239878,0.9088729016786571,2.6713645099295573,1.494929837140227,0.002780757275839596,0.005655289260765417,0.005895528013180139,3.1041768943451453,79.54231974921618,557.8857142857129
2025-12-09 16:30:00+00:00,94203.6,False,not_opened,,,,,7.0,0.9038097242685809,0.9038097242685809,2.6000820905732267,1.4831811441504714,0.003095113977666708,0.01026801779869171,0.0054808352216509535,2.6702714077600325,83.61863449783999,640.6499999999984
2025-12-09 18:15:00+00:00,94064.6,True,loser,-0.008000000000000007,-0.008000000000000007,stop_loss,8,4.0,0.5405109489051307,0.7667883211679044,0.6051236749116569,0.42193257438266646,0.0015030582144157645,0.020826407098820103,0.0006872340425532535,0.5109301355122084,87.98040769871743,649.3928571428551
2025-12-10 09:45:00+00:00,92870.1,True,loser,-0.008000000000000007,-0.008000000000000007,stop_loss,3,7.0,0.8952380952381288,0.9137085137085305,2.4583185526781786,2.074584099559481,0.00032275384990931855,0.010042596139537356,0.0025801269767928912,3.0953051393944793,65.14390896921003,167.02142857143085
2025-12-10 10:00:00+00:00,92940.4,False,not_opened,,,,,4.0,0.14700354980161837,0.2931718521611942,3.097671410090402,2.506392523364442,0.0003642346497032545,0.010260086758360277,0.00043487621097948524,4.306542055579887,63.122952996370586,191.0714285714296
2025-12-10 16:00:00+00:00,92193.2,True,winner,0.01200000000000001,0.01200000000000001,take_profit,16,6.0,0.460381412839089,0.9304324469513604,1.3954272863568553,1.3423817863397793,0.00016412167799662036,0.003317098763137216,0.0010249862104608765,1.2771429122830866,60.61417101000129,277.34285714285426
2025-12-10 16:15:00+00:00,92441.7,False,not_opened,,,,,6.0,0.5524444444444251,0.7055555555555556,1.5387245683022892,1.5388373229115888,0.00040557414791675406,0.003636925157718294,0.0024138166605398585,2.0004203760696067,65.2238805970148,292.42857142856934
2025-12-10 18:30:00+00:00,92531.4,False,not_opened,,,,,5.0,0.39933285680247727,0.44174410293065397,2.8585050229865145,2.3728142793684004,0.00034866892615537104,0.004618879248546358,0.0007505786160800564,3.2721541800575173,62.19710027375054,353.75714285714224
2025-12-10 20:00:00+00:00,94217.5,False,not_opened,,,,,7.0,0.7906356137797207,0.987142163998061,4.052599238048442,2.523829829107487,0.0018734825424127077,0.007522716005597866,0.011373150990789841,3.018539895194111,74.20622766717726,653.2928571428586
2025-12-11 18:30:00+00:00,91108.0,True,winner,0.01200000000000001,0.01200000000000001,take_profit,10,6.0,0.9482057416267908,1.0,1.7178670502414672,1.7239906317665614,0.0011771805227349663,-0.009929309339798962,0.007274737423991155,1.708600900897217,64.76402696834646,484.9214285714282
2025-12-11 20:30:00+00:00,91535.4,False,not_opened,,,,,6.0,0.8204454067429743,0.8727188369934983,1.3744287384419072,1.264495942114001,0.0010244004255790529,-0.003894256669648869,0.0009940455686235276,1.6285400286768497,68.99125235300616,511.3499999999975
2025-12-11 20:45:00+00:00,91740.9,False,not_opened,,,,,3.0,0.46140035906640164,0.8536804308796885,0.9471782336061401,0.8718694096601208,0.0011417813250964581,-0.002836493872593414,0.0013447183240792673,1.1689633995792132,68.89619477086416,511.08571428571304
2025-12-11 21:00:00+00:00,92416.4,False,not_opened,,,,,6.0,0.731139733737422,0.8353717934841359,1.9638643851631414,1.6636997401795537,0.0017407101149673476,-0.0012568789711735464,0.006647706416022338,2.5439075048563353,73.03772745731243,555.3285714285697
2025-12-11 21:15:00+00:00,93254.7,True,loser,-0.008000000000000007,-0.008000000000000007,stop_loss,4,7.0,1.0,1.0,1.6677608674027664,1.4025598432066237,0.002450347980271772,0.000906113562253362,0.007412888833674491,2.756068730045823,78.07324706081353,597.6928571428559
2025-12-12 09:45:00+00:00,92481.7,True,loser,-0.008000000000000007,-0.008000000000000007,stop_loss,22,7.0,0.8510956175298754,0.9106075697210951,2.401913875598058,2.15491932083863,0.00020535036993440947,0.008052074997485668,0.0014304339163352224,1.3339079366050308,47.0795646175073,186.36428571428613
2025-12-12 10:00:00+00:00,92521.9,False,not_opened,,,,,2.0,0.25885383129424555,0.49710238248548383,0.9936020473448498,0.815406540654078,0.0002272339426019343,0.008171499812826992,4.647764317263265e-05,1.4619638483028419,49.77182841496805,190.45714285714348
2025-12-12 14:30:00+00:00,92408.4,False,not_opened,,,,,5.0,0.45328671328670106,0.7795804195804115,5.035211267605634,3.4817391304348355,0.0001539312925948888,0.006368495583657732,0.00047637401423059105,5.584734044299798,51.68437237908855,205.35714285713973
2025-12-16 15:45:00+00:00,87936.3,True,loser,-0.007999999999999896,-0.007999999999999896,stop_loss,6,6.0,0.6852201257861604,0.7823899371069274,2.6975823554361544,1.7035931580759938,0.0010530601222229485,-0.006010202752392984,0.00562988884314536,2.467328159498164,63.72516556291377,559.9928571428578
2025-12-17 13:30:00+00:00,87329.3,True,winner,0.01200000000000001,0.01200000000000001,take_profit,5,5.0,0.7962747380675576,0.8993015133876829,1.2519584623792854,1.2580813892666307,0.0005511764174781497,-0.004928213992433703,0.00013399360495475242,1.3447518270922734,66.86735193343128,273.1142857142851
2025-12-17 13:45:00+00:00,87579.0,False,not_opened,,,,,4.0,0.46965996618447986,0.5124929551005099,1.8647749167980199,1.8038389853073034,0.0007721473682094082,-0.004179351646450989,0.0024621153588611066,3.486704480424128,73.85163855752107,295.0928571428563
2025-12-17 14:45:00+00:00,89633.9,False,not_opened,,,,,7.0,0.8488072965388183,0.9878391019644482,8.572001336451656,5.28779424970925,0.002770147234676168,3.95752865973778e-05,0.01995789713245328,7.793227274899131,83.92292070089283,485.192857142858
2025-12-17 15:00:00+00:00,90153.2,True,loser,-0.008000000000000007,-0.008000000000000007,stop_loss,2,6.0,0.524126791843329,0.7880072683222271,3.309722686267897,1.8182104228121767,0.003065648703955315,0.002698697601128887,0.0054435895348356415,4.977264345017683,85.36323178466252,544.8214285714286
2025-12-18 09:30:00+00:00,87327.9,True,winner,0.01200000000000001,0.01200000000000001,take_profit,16,6.0,0.9447543160690494,0.9447543160690494,1.9973474801061009,1.8091021416803919,0.0006694736070826934,-0.0014078372976718432,0.0030322556191486943,2.6053900751098067,73.42685370741528,208.11428571428613
2025-12-18 13:00:00+00:00,87862.2,False,not_opened,,,,,7.0,0.8508875739644856,0.8508875739644856,3.737100737100737,3.361962802740826,0.000846214945838808,0.00245046578550668,0.005326288063508119,4.387228342151632,64.46008119079835,226.20714285714453
2025-12-18 13:30:00+00:00,88727.5,False,not_opened,,,,,7.0,0.9242473821989596,0.924329188481675,5.797486364714264,3.8319749216300636,0.0016643381574106275,0.004257830116117877,0.008546687945293856,7.148082756981724,73.15638033041282,319.000000000001
2025-12-18 15:30:00+00:00,89041.9,True,loser,-0.008000000000000007,-0.008000000000000007,stop_loss,2,6.0,0.4497465812374387,0.7216218800803226,2.0495883967071795,1.4088651936253738,0.0013157777756749311,0.009691369832047065,0.004356177888167338,2.1974738215547642,66.15482616421367,742.2285714285701
2025-12-19 03:15:00+00:00,87112.8,True,winner,0.01200000000000001,0.01200000000000001,take_profit,15,6.0,0.6463192721257309,0.9899090157154697,4.707943925233591,3.1658094080239496,0.0017462132579157963,-0.010341241753148272,0.007736800703345552,4.212698811828265,76.16651272414562,381.8928571428561
2025-12-19 14:30:00+00:00,88479.0,True,loser,-0.007999999999999896,-0.007999999999999896,stop_loss,5,6.0,0.4321746880570358,0.8832442067736186,4.331210191082754,3.45101830085465,0.0005422960574186231,0.011331226859448365,0.0015916068210427836,5.713683576839536,55.32625189681326,325.1214285714263
2025-12-19 15:00:00+00:00,88724.1,False,not_opened,,,,,7.0,0.6685386819484274,0.9157593123209169,3.0384816298101884,2.1631720620528543,0.0007436179163853307,0.011846426552758724,0.0012876650490915903,2.1127108507899175,59.398346844698686,403.3428571428553
2025-12-20 08:00:00+00:00,88272.0,True,loser,-0.0025149537792278354,-0.0025149537792278354,max_holding,24,3.0,0.27586206896551724,0.27672413793108463,1.1229428848015963,0.9515996718621627,4.4333448865785385e-05,0.007781204155435756,3.851879377257801e-05,1.1017962224947786,51.990911058212674,121.90000000000249
2025-12-21 08:30:00+00:00,88579.0,True,loser,-0.008000000000000007,-0.008000000000000007,stop_loss,20,7.0,0.6613797057137472,0.7129753487483351,7.769858945805705,4.840248414376423,0.000514591101899331,0.0024968836512349675,0.003866823515545459,8.904158265348226,79.03600464576074,108.11428571428405
2025-12-21 09:30:00+00:00,88807.7,False,not_opened,,,,,5.0,0.6441041347626429,0.6462480857580398,3.8616203429921794,2.0264219532739443,0.0005876795805559443,0.00405030231964154,0.00018695567461143368,2.470017989947881,76.7706302794028,161.12142857142732
2025-12-21 12:15:00+00:00,88794.6,False,not_opened,,,,,4.0,0.4309455587393217,0.47679083094562547,1.0679314565483382,0.9421882833892574,0.0002795939252797641,0.0059455140188892554,0.0005611596397761098,0.9562372459812011,62.948857453754826,185.20714285714243
2025-12-22 00:00:00+00:00,89450.0,True,loser,-0.008000000000000118,-0.008000000000000118,stop_loss,3,7.0,0.9998793436293366,1.0,4.839708029197097,3.648116707539464,0.001187893353238767,0.003750608685347383,0.0093373578944399,7.429622677025987,82.50230589767348,227.1857142857147
2025-12-22 03:15:00+00:00,88732.8,True,winner,0.01200000000000001,0.01200000000000001,take_profit,20,4.0,0.655852842809384,0.687959866220726,0.9198584833102723,0.621464732692966,0.0002025334233677345,0.00427296046567963,0.001382457795538442,0.7186675839926611,51.43121197340384,481.1214285714273
2025-12-22 09:45:00+00:00,89785.3,True,loser,-0.0010781274885756087,-0.0010781274885756087,max_holding,24,7.0,0.8389237007003442,0.9531883523774531,1.344067376764997,0.9612532584212887,0.0006459866023713623,0.009418837391937348,0.0010670133437990256,0.8428469380476196,72.73987157573785,282.2357142857145
2025-12-22 16:15:00+00:00,90034.9,True,loser,-0.008000000000000007,-0.008000000000000007,stop_loss,3,5.0,0.82921348314603,0.8295345104333681,1.0037054937973302,0.696611983451272,0.0002990541571832317,0.011693370505131397,0.001202088810009822,0.504643189933907,47.28345358153616,447.16428571428594
2025-12-25 01:15:00+00:00,87675.1,True,winner,0.0010116897499974353,0.0010116897499974353,max_holding,24,3.0,0.30478759271753714,0.7370195549561751,1.147832817337445,0.8977385739611841,7.867700822927759e-05,7.331166452125872e-05,3.878104336985289e-05,0.7282625991348256,50.951317552478926,165.19285714285797
2025-12-25 15:00:00+00:00,87734.2,True,winner,0.002399292408205689,0.002399292408205689,max_holding,24,2.0,0.510785159620363,0.6048317515098773,1.092880716643008,0.9753546525606592,0.0002000430708941625,-0.00041385163417048784,3.761502503682181e-05,1.7668770556886622,65.28589580686122,118.82857142857185
2025-12-25 15:15:00+00:00,88035.6,False,not_opened,,,,,5.0,0.5838015888393713,0.6310792482077271,4.587555555555607,3.4635923493600793,0.0005087555046832115,4.485014460996417e-05,0.0029118250170882412,5.170482124203965,75.48148148148223,149.00714285714326
2025-12-25 15:30:00+00:00,88475.9,False,not_opened,,,,,7.0,0.7132209980557342,0.9317887232663544,5.486222222222196,3.3115394933506876,0.0009386919747544908,0.0008765980725221556,0.0028324983564934846,6.1504138132408315,84.68231485228688,186.37857142857163
2025-12-25 18:00:00+00:00,88264.7,False,not_opened,,,,,5.0,0.9088948787061524,0.9088948787061524,1.0357342266889669,0.7120530818161883,0.00033564470984215333,0.003564287219747245,0.0010388655950623407,0.6545054276788101,68.50771495556411,260.5142857142855
2025-12-26 02:00:00+00:00,88171.7,True,winner,0.01200000000000001,0.01200000000000001,take_profit,1,6.0,0.9705736894164159,0.9831849653808039,3.7741483901072885,2.554354936948737,0.000807008395888209,-0.0018741159132402965,0.00794151605564888,2.298876553005088,60.540360240159885,316.63571428571385
2025-12-26 02:15:00+00:00,89000.0,False,not_opened,,,,,6.0,0.736659551760936,0.736659551760936,4.948943661971933,3.0611387678905064,0.0016310982411120722,-0.0004021098770314352,0.009238501201447374,7.325453371161937,71.96780811109366,367.3142857142853
2025-12-26 04:30:00+00:00,88986.8,True,loser,-0.0030802321243151853,-0.0030802321243151853,max_holding,24,7.0,0.8074771108850518,0.807731434384558,1.3310765064319403,1.1309993425377962,0.0007407948464588365,0.0065384193598107265,0.001539673607203184,0.6353566627517898,79.35370470524633,347.6571428571427
2025-12-27 22:00:00+00:00,87823.9,True,loser,-0.0006057576582227941,-0.0006057576582227941,max_holding,24,6.0,0.6620416253716422,0.7885695407994694,7.364963503649825,4.671296296296342,0.0003195811312939334,-0.0009294604630945209,0.002178403112982486,7.0763520105956745,84.35852372583383,64.79999999999875
2025-12-27 23:45:00+00:00,87829.4,False,not_opened,,,,,4.0,0.5926391947153118,0.5989304812834151,4.7412378821777015,2.5799084111065467,0.0002796886602034476,-0.00047727015215723,0.0017256304596015236,3.868509742992414,67.63557483731032,123.22142857142899
2025-12-28 08:30:00+00:00,87805.0,True,winner,0.0018062752690621853,0.0018062752690621853,max_holding,24,4.0,0.2600536193029327,0.3610366398570235,3.3960546282249267,3.0717647058823054,0.00011533215136849684,0.0005127051261936303,0.0002528969228595703,2.8579824877543545,62.061512884456015,72.85714285714494
2025-12-28 17:00:00+00:00,87872.4,True,loser,-0.0023989329983019614,-0.0023989329983019614,max_holding,24,5.0,1.0,1.0,1.0070844686648666,0.95715871254156,3.990390284980272e-05,0.0014040408670578045,7.625273570912302e-05,0.7701620757559933,49.162428956026694,96.53571428571429
2025-12-28 22:45:00+00:00,87868.7,False,not_opened,,,,,6.0,0.7178834182229804,0.7178834182229804,2.8638573743921394,2.9339975093399473,0.0002981688665470994,-0.0008200216294404574,0.0019841563971368854,2.111365970632362,71.0303961373849,120.44999999999916
2025-12-29 00:15:00+00:00,87983.1,True,winner,0.01200000000000001,0.01200000000000001,take_profit,7,5.0,0.5035196687370841,0.8472049689441234,1.900826446280948,1.4618012019542603,0.0003198269231718953,0.00019129305531407533,0.0003160696399194012,1.6262198934125929,71.28404013152348,165.20714285714243
2025-12-29 00:30:00+00:00,88148.9,False,not_opened,,,,,5.0,0.48408759124084194,0.5328467153284672,2.564582553350749,1.8869780803588954,0.0004692915190451785,0.0006072337713715265,0.001464439900022656,5.036973151210324,74.06533160740082,181.50714285714326
2025-12-29 02:00:00+00:00,89240.1,False,not_opened,,,,,7.0,0.9647390691114247,0.9648566055477268,4.695364238410687,2.7483790581231817,0.0014150142146982514,0.003528111645901666,0.008698944846022186,6.897628415167174,79.55264593562508,309.5642857142853
2025-12-29 03:00:00+00:00,89460.1,True,winner,0.0001184885775893374,0.0001184885775893374,max_holding,24,7.0,0.7817666509210986,0.9704770902220129,1.6497175141243186,1.2545716220792626,0.001217627957895262,0.007132640312074216,0.0010238495399950318,1.336380506807875,80.90048963663808,337.4857142857155
2025-12-29 03:30:00+00:00,89957.9,False,not_opened,,,,,7.0,0.9243621990657467,0.9243621990657467,1.98927805575411,1.5290308655299005,0.0015316602173314209,0.009246046211069564,0.005284684584008428,2.2289031596921047,84.3712083948183,364.0214285714309
2025-12-29 03:45:00+00:00,90091.6,False,not_opened,,,,,6.0,0.3707709373267041,0.8200221852468299,1.288777698355976,0.96797944548837,0.0015272726784347768,0.010486580741235402,0.0010177777777778424,1.6348996536818936,84.43348466538151,372.52857142857414
2025-12-29 04:30:00+00:00,90186.3,False,not_opened,,,,,4.0,0.3726742571507924,0.4804221049708531,1.2869907076482756,0.9825758166367518,0.0012378829383727918,0.013451387162150023,6.986027944115004e-05,0.9103713386891111,88.80524439001458,366.4857142857166
2025-12-30 09:45:00+00:00,87954.7,True,winner,0.01200000000000001,0.01200000000000001,take_profit,21,6.0,0.6307477937761313,0.7895959126799708,1.5715328467152663,1.0450369240370412,0.0004226616351712398,-0.0015262702955829276,0.0007589204442016781,1.084225527333662,71.8468468468472,206.02142857142877
2025-12-30 14:45:00+00:00,88831.4,False,not_opened,,,,,7.0,0.7836032388663938,0.853340080971651,5.5195530726256985,3.886375769155133,0.0009591536387387745,0.0026888987494701703,0.005069962311884613,6.1106589361831904,79.70460911637367,254.22142857142794
2025-12-30 16:15:00+00:00,89167.1,True,loser,-0.008000000000000007,-0.008000000000000007,stop_loss,4,4.0,0.5514330148855997,0.5825372139524734,1.7968063872255722,1.110476693981863,0.0009400544349966733,0.005956262287685959,0.00046114489599001214,1.9834623985969748,71.25267084344338,405.32142857142856
2025-12-31 03:00:00+00:00,88724.9,True,loser,-0.0023725019695710614,-0.0023725019695710614,max_holding,24,2.0,0.570380253502357,0.6324216144095532,0.9699126496279419,0.8622021364009526,0.00027737398815208536,0.005159979744328633,0.00010595668175227756,1.3914186565711057,59.81775168667244,173.85714285714286
2025-12-31 09:30:00+00:00,88616.6,True,loser,-0.007999999999999896,-0.007999999999999896,stop_loss,22,5.0,0.5405904059041418,0.7130996309963751,1.1853471842536647,0.9966506862808967,0.00013487997342420677,0.004160558735764549,0.000531785772754795,1.062494951157453,58.259325044405585,108.7642857142855
2025-12-31 10:00:00+00:00,88753.0,False,not_opened,,,,,7.0,0.782991202346041,0.782991202346041,1.9676860934794822,1.5039062500000027,0.0002568474276962718,0.004411936894249169,0.000831084593586069,2.1247831708822496,65.82953661517924,113.37142857142837
2025-12-31 11:30:00+00:00,88982.2,False,not_opened,,,,,6.0,0.5402010050251355,0.9641959798995151,1.3217102532170304,1.1842091281015816,0.0003670871158394373,0.005485518895091607,0.0007388954805913085,1.9799865064692581,66.39602151628897,134.43571428571263
2025-12-31 13:45:00+00:00,88954.4,False,not_opened,,,,,7.0,0.6899758870133874,0.7564588356871824,2.1583643122676794,2.065667090216031,0.0002181923468509428,0.005945971268925475,0.0010330555261717342,1.6608835568785536,63.77305297779885,140.53571428571428
2025-12-31 14:00:00+00:00,89099.3,False,not_opened,,,,,6.0,0.46119592875316784,0.7026081424936469,2.337546468401552,2.0348573806111974,0.0003528262232304069,0.006192031364907213,0.0008334728071071764,2.3578773185065898,69.84868487864375,154.50714285714432
